"","location","stat_area","count"
"1","",NA,15
"2",".6 miles N of Pt. Nowell",NA,1
"3",".72 S of Granite Pt.",NA,1
"4",".75 S of Granite Pt.",NA,2
"5",".75 SW of Granite Pt.3",NA,1
"6",".78 SSW of Granite Pt.",NA,1
"7",".9 SW of Granite Pt.",NA,1
"8","0",NA,3
"9","1 mile west of Ferry Terminal",NA,1
"10","2 miles south of Sawmill Bay",NA,3
"11","2 miles South of Sawmill Bay",NA,1
"12","200 yards off Harrison Lagoon",NA,1
"13","3 FINGER BAY, COCHRANE BAY",NA,1
"14","3 FINGER COVE",NA,1
"15","3 FINGERS",NA,1
"16","3 mile beach",NA,6
"17","300 yards off Harrison Lagoon",NA,1
"18","400 yards off Harrison Lagoon",NA,1
"19","476102",NA,2
"20","486003",NA,2
"21","486031",NA,4
"22","486032",NA,3
"23","486033",486033,1
"24","486033",NA,1
"25","4863034",NA,3
"26","4864034",NA,3
"27","60.89 147.59",NA,1
"28","60.9 147.23",NA,1
"29","60.93 147,13",NA,2
"30","7 MILE BEACH",NA,5
"31","across the bay from valdez",NA,2
"32","ADMIRALTY ISLAND",NA,1
"33","ALISON POINT",NA,5
"34","Allison Point",NA,12
"35","ALLISON POINT",NA,27
"36","ALLISON PT",NA,18
"37","Anderson bay",NA,1
"38","Anderson Bay",NA,2
"39","ANDERSON BAY",NA,20
"40","Anderson glacier",NA,3
"41","Anderson Glacier",NA,19
"42","applegate",NA,1
"43","Applegate",NA,4
"44","APPLEGATE",NA,4
"45","Applegate - Lower Cullross Pass",NA,1
"46","Applegate / Culross Passage",NA,3
"47","applegate island",NA,1
"48","Applegate island",NA,6
"49","Applegate Island",NA,6
"50","APPLEGATE ISLAND",NA,2
"51","APPLEGATE PASSAGE",NA,3
"52","arm",NA,3
"53","awaknik",NA,4
"54","axel lind island south end",NA,1
"55","Axel Lind, perry island",NA,1
"56","B CULROSS ISLAND",NA,1
"57","back of main bay",NA,1
"58","bain bridge",NA,1
"59","Bainbridge",NA,2
"60","BAINBRIDGE",NA,1
"61","Bainbridge East Arm Passage",NA,2
"62","BAINBRIDGE PASSAGAE",NA,1
"63","Bainbridge passage",NA,2
"64","Bainbridge Passage",NA,8
"65","BAINBRIDGE PASSAGE",486001,7
"66","BAINBRIDGE PASSAGE",486005,2
"67","Bald Chris Island",NA,3
"68","bald head chris",NA,1
"69","Bald Head Chris Island",NA,2
"70","BALD HEAD CHRIS ISLAND",476033,1
"71","Baldhead Chris I",NA,1
"72","BALDHEAD CHRIS IS",NA,1
"73","barry arm",NA,3
"74","Barry arm",NA,3
"75","Barry Arm",NA,15
"76","BARRY ARM",486100,3
"77","BARRY ARM",NA,2
"78","BARRY ARM-WHITTIER",NA,4
"79","Barry Arm Entrance",NA,1
"80","BARRY ARM MORAINE",NA,1
"81","Barry Arm, College Fjord",NA,1
"82","barrys arm",NA,2
"83","Bay",NA,6
"84","Bay of Isles",NA,1
"85","BAY OF ISLES",476007,7
"86","Bay of Isles- Just outside bay",NA,1
"87","bay/arm of Veldez",NA,1
"88","Beartrap Bay",NA,2
"89","becay arm",NA,1
"90","BEHING GLACIER ISLAND",NA,6
"91","Berry Arm",NA,1
"92","Bettels",NA,1
"93","bettels bay",NA,2
"94","Bettels Bay",NA,10
"95","bettles",NA,1
"96","Bettles",NA,9
"97","BETTLES",NA,1
"98","bettles bay",NA,9
"99","Bettles bay",NA,7
"100","Bettles Bay",NA,73
"101","BETTLES BAY",486034,3
"102","BETTLES BAY",NA,11
"103","BETTLES BAY (MOUTH)",NA,2
"104","Bettles bay area",NA,9
"105","bettles bay port wells",NA,1
"106","Between Anderson Bay and Entrance Isl. PWS",NA,5
"107","Between Logging camp bay and Entry cove",NA,5
"108","between Main Bay and foul bay",NA,1
"109","Between Potato Point and Sawmill Bay",NA,2
"110","Bigot Bay",NA,1
"111","Billings",NA,2
"112","BILLINGS",NA,1
"113","Billings Cr",NA,2
"114","billings creek",NA,1
"115","Billings Creek",NA,4
"116","BILLINGS CREEK",NA,1
"117","billings glacier bay whittier",NA,2
"118","BILLYS HOLE",476035,1
"119","Black drone bay",NA,1
"120","black stone",NA,1
"121","Black stone",NA,8
"122","Black Stone",NA,7
"123","black stone bay",NA,3
"124","Black stone bay",NA,25
"125","Black stone Bay",NA,16
"126","Black Stone bay",NA,1
"127","Black Stone Bay",NA,25
"128","Black stone Bay Area",NA,1
"129","Black stone Bay/Cochran Bay",NA,1
"130","Black Stone Cove Whittier",NA,1
"131","black stone glacier",NA,1
"132","black stone point",NA,1
"133","Black stone point",NA,1
"134","Black Stone Point",NA,2
"135","Black Stone Point Cochran",NA,1
"136","Black stone pt",NA,1
"137","Blackstome Point",NA,2
"138","Blackston",NA,3
"139","BLACKSTON",NA,1
"140","blackston bay",NA,1
"141","Blackston bay",NA,1
"142","blackstone",NA,36
"143","Blackstone",NA,128
"144","BLACKSTONE",486033,1
"145","BLACKSTONE",NA,96
"146","BLACKSTONE  BAY",NA,1
"147","BLACKSTONE 17 MILE",NA,1
"148","blackstone bay",NA,62
"149","blackstone Bay",NA,2
"150","Blackstone bay",NA,63
"151","Blackstone Bay",NA,384
"152","BlackStone Bay",NA,4
"153","BLACKSTONE BAY",486033,36
"154","BLACKSTONE BAY",NA,110
"155","Blackstone Bay by Willard island",NA,1
"156","Blackstone bay east side",NA,6
"157","Blackstone Bay entrance",NA,3
"158","blackstone bay midway up",NA,1
"159","Blackstone Bay near Willard Island",NA,1
"160","BLACKSTONE BAY NW ENT",NA,2
"161","Blackstone Bay, NW side",NA,1
"162","Blackstone Bay/Head near Glacier Morraine",NA,1
"163","Blackstone Bay/Mouth",NA,2
"164","Blackstone Day",NA,1
"165","Blackstone glacier",NA,2
"166","Blackstone Glacier",NA,3
"167","BLACKSTONE GLACIER",NA,1
"168","blackstone point",NA,10
"169","Blackstone Point",NA,8
"170","BLACKSTONE POINT",NA,1
"171","BLACKSTONE PT",NA,1
"172","Blacktone Bay",NA,1
"173","BLACKTSONE",NA,2
"174","Bligh",NA,1
"175","Bligh Island",NA,2
"176","BLUE BAY",NA,1
"177","Blue Fiord",NA,10
"178","BLUE FIORD",NA,1
"179","Blue Fiord/Port Nellie Juan",NA,1
"180","blue fjord",NA,2
"181","Blue fjord",NA,2
"182","Blue Fjord",NA,27
"183","BLUE FJORD",486003,1
"184","BLUE FJORD",NA,12
"185","Blue Fjord & Port Nellie Juan",NA,1
"186","blue fjords",NA,5
"187","Blue Fjords",NA,6
"188","blueford bay",NA,1
"189","BLYE FJORDS",NA,1
"190","Bold Island",NA,1
"191","Bomb Pt.",NA,1
"192","Boner",NA,3
"193","boot cove, Perry island",NA,1
"194","Bubba Cove",NA,1
"195","Busby island",NA,1
"196","Busby Island",NA,8
"197","BUSBY ISLAND",466033,18
"198","Busby Island, Valdez Arm",NA,1
"199","Bush Banks",NA,1
"200","bush banks whittier",NA,1
"201","Buyers Cove",NA,1
"202","C BAY",NA,1
"203","c0chrane",NA,1
"204","CABIN BAY",NA,2
"205","Cabin Bay Naked Island",NA,2
"206","Cachren bay",NA,1
"207","Cachren Bay",NA,1
"208","Cachren/ay",NA,1
"209","calaros passage",NA,2
"210","calaross passage",NA,1
"211","Callorose passage",NA,1
"212","calros bay",NA,2
"213","calrose pass",NA,1
"214","Calrose Strait",NA,1
"215","Calross Pass",NA,3
"216","CAMPBELL BAY",NA,1
"217","Can't remember",NA,1
"218","Canal",NA,8
"219","Canal Passage",NA,1
"220","CANAL PASSAGE",NA,1
"221","Cannery Creek Hatchery",NA,16
"222","Cascade bay",NA,1
"223","Cascade Bay",NA,4
"224","CASCADE BAY",NA,2
"225","CASCADE BAY PWS",NA,1
"226","CATHEAD BAY",NA,1
"227","Cedar",NA,1
"228","cedar bay",NA,1
"229","Cedar bay",NA,9
"230","Cedar Bay",NA,16
"231","Cedar BAy",NA,1
"232","CEDAR BAY",NA,42
"233","CEDAR BAY AREA",NA,1
"234","Cedar Bay, Unakwik",NA,1
"235","Ceder bay",NA,2
"236","chenega",NA,1
"237","CHENEGA",NA,7
"238","Chenega Bay",NA,1
"239","Chenega East",NA,10
"240","chenega island",NA,1
"241","Chenega Island",NA,2
"242","CHENEGA ISLAND",NA,5
"243","CHENEGA ISLAND, GRANITE BAY",NA,1
"244","CHOCHRAN BAY 3 FINGERS",NA,1
"245","Chochrane bay",NA,1
"246","Chochrane Bay",NA,1
"247","Chocran bay",NA,2
"248","Chocrane Bay",NA,1
"249","Chugach National Forest Passage- Whitter",NA,2
"250","cliff mine",NA,2
"251","CLIFF MINE",NA,1
"252","Cliff Mine, Port Valdez",NA,9
"253","coal rose pass",NA,1
"254","Cocharane",NA,1
"255","Cocharane Bay",NA,2
"256","Cocheran",NA,2
"257","Cocheran Bay",NA,1
"258","Cochoran Bay",NA,6
"259","Cochrain Bay",NA,2
"260","Cochraine Bay",NA,8
"261","cochran",NA,19
"262","Cochran",NA,46
"263","COCHRAN",486033,2
"264","COCHRAN",NA,4
"265","cochran bay",NA,24
"266","cochran Bay",NA,2
"267","Cochran bay",NA,25
"268","Cochran Bay",NA,109
"269","Cochran BAy",NA,1
"270","COCHRAN BAY",486033,2
"271","COCHRAN BAY",NA,9
"272","Cochran Bay - South end",NA,1
"273","Cochran Bay entrance",NA,1
"274","Cochran Bay Entrance",NA,1
"275","Cochran Bay, east side",NA,1
"276","Cochran Bay, East side",NA,1
"277","Cochran Bay, PWS",NA,2
"278","Cochran Bay, south of Suprise Lagoon",NA,6
"279","Cochran Bay/ Passage Canal",NA,1
"280","Cochran point",NA,1
"281","COCHRAN POINT",NA,2
"282","cochrane",NA,19
"283","Cochrane",NA,42
"284","COCHRANE",486033,1
"285","COCHRANE",NA,18
"286","cochrane bay",NA,45
"287","Cochrane bay",NA,46
"288","Cochrane Bay",NA,192
"289","Cochrane BAY",NA,1
"290","COCHRANE BAY",466033,1
"291","COCHRANE BAY",486033,19
"292","COCHRANE BAY",NA,119
"293","Cochrane Bay - Outside 3-Fingers Cove",NA,2
"294","Cochrane Bay near 3-Finger cove",NA,1
"295","Cochrane Bay near Surprise Cove",NA,3
"296","Cochrane Bay South End",NA,1
"297","Cochrane Bay, PWS",NA,8
"298","Cochrane Bay, Surprise Cove",NA,4
"299","Cochrane By",NA,1
"300","cochrane point",NA,2
"301","Cochrane point",NA,2
"302","COCHRANE POINT",NA,5
"303","cochren bay",NA,1
"304","cochrene",NA,2
"305","cochrene bay",NA,1
"306","Cochrene bay",NA,3
"307","cochrin bay",NA,1
"308","Cochrin Bay",NA,3
"309","Cochrine Bay",NA,1
"310","Cockerane",NA,1
"311","cockerin bay",NA,1
"312","Cockraine",NA,1
"313","Cockran",NA,1
"314","COCKRAN",NA,2
"315","Cockran Bay",NA,2
"316","Cockran Bay, PWS",NA,1
"317","Cockrane Bay",NA,1
"318","COCKRANE BAY",NA,3
"319","COCKREN",NA,1
"320","COCKREN BAY",NA,1
"321","Cockren pt",NA,2
"322","Cockrin",NA,3
"323","Cocrane",NA,2
"324","cocrane bay",NA,1
"325","Cocrhene bay",NA,1
"326","Cocron Bay",NA,1
"327","Coghil",NA,1
"328","Coghill",NA,1
"329","COGHILL POINT",486034,1
"330","Cohoran Bay",NA,1
"331","cohrane bay",NA,1
"332","Cohrane Bay",NA,1
"333","COHRANE BAY",NA,2
"334","Collage Fjord",NA,1
"335","College",NA,3
"336","COLLEGE",NA,1
"337","College Bay",NA,1
"338","College Fijord",NA,2
"339","College Fiord",NA,9
"340","COLLEGE FIORD",NA,1
"341","college fjord",NA,1
"342","College fjord",NA,12
"343","College Fjord",NA,4
"344","COLLEGE FJORD",NA,9
"345","Coloros",NA,1
"346","Colrose island",NA,2
"347","colrose passage",NA,1
"348","Colross",NA,1
"349","Colross Bay",NA,1
"350","colross pass",NA,4
"351","colross passage",NA,2
"352","Colross passage",NA,1
"353","Columbia bay",NA,7
"354","Columbia Bay",NA,5
"355","COLUMBIA BAY",NA,9
"356","Columbia Bay Heather Cove",NA,1
"357","Columbia glacier",NA,1
"358","Columbia Glacier",NA,2
"359","COLUMBIA GLACIER",NA,2
"360","COMFORT BAY",NA,1
"361","Comfort Cove",NA,1
"362","copper bay",NA,2
"363","Copper Bay",NA,6
"364","COPPER BAY",NA,5
"365","copper bay , knight island",NA,1
"366","copper bay, knight island",NA,1
"367","copper bay,, knight island",NA,1
"368","coppery bay ,, knight island",NA,1
"369","Cordova",NA,2
"370","CORDOVA HARBOR",NA,1
"371","COUGHRAN",NA,2
"372","Couth Mew Cove",NA,1
"373","Crafton",NA,1
"374","crafton island",NA,2
"375","Crafton island",NA,2
"376","Crafton Island",NA,5
"377","CUCHRANE PWS",NA,1
"378","Cul Ross - South End",NA,1
"379","cul ross pass",NA,4
"380","Cul Ross South end",NA,1
"381","Culcross Island",NA,2
"382","Cull Ross",NA,1
"383","cullross",NA,2
"384","Cullross",NA,5
"385","Cullross Bay",NA,6
"386","Cullross Island",NA,2
"387","Cullross Pass",NA,2
"388","CULLROSS PASS",NA,2
"389","Cullross passage",NA,2
"390","Cullross Passage",NA,3
"391","CULLROSS PASSAGE",NA,15
"392","Culoros Island",NA,1
"393","culrioss",NA,1
"394","Culroos Passage",NA,1
"395","Culros Oassage",NA,1
"396","culros pass",NA,1
"397","Culros Passage",NA,3
"398","culrose",NA,1
"399","Culrose",NA,1
"400","CULROSE",NA,1
"401","culrose pass",NA,2
"402","culrose passage",NA,3
"403","CULROSE PASSAGE",NA,2
"404","Culrose Passage, Southwest side",NA,1
"405","culross",NA,16
"406","Culross",NA,56
"407","CULROSS",486033,3
"408","CULROSS",NA,52
"409","Culross  Passage",NA,2
"410","culross bay",NA,1
"411","Culross bay",NA,2
"412","Culross Bay",NA,11
"413","CULROSS BAY",NA,3
"414","Culross Isalnd",NA,1
"415","Culross island",NA,1
"416","Culross Island",NA,6
"417","CULROSS ISLAND",NA,1
"418","Culross Pasage",NA,3
"419","culross pass",NA,2
"420","Culross pass",NA,5
"421","Culross Pass",NA,25
"422","CULROSS PASS",NA,12
"423","Culross Pass out of Whittier",NA,2
"424","Culross Pass South End",NA,5
"425","Culross pass towards Applegate",NA,2
"426","Culross Passaga",NA,1
"427","culross passage",NA,23
"428","culross Passage",NA,1
"429","Culross passage",NA,24
"430","Culross Passage",NA,161
"431","CULROSS pASSAGE",NA,1
"432","CULROSS PASSAGE",486033,1
"433","CULROSS PASSAGE",NA,45
"434","Culross Passage (north end)",NA,1
"435","Culross Passage (South end)",NA,1
"436","Culross Passage north",NA,3
"437","Culross Passage North",NA,7
"438","Culross Passage, Culross Is.",NA,1
"439","Culross Passage, Near Applegate",NA,3
"440","Culross Passage, Southwest  side",NA,1
"441","Culross Passage, Southwest side",NA,3
"442","Culross Passage/ Blackstone Bay",NA,1
"443","Culross Passage/Applegate Island",NA,1
"444","Culross Passage/South Side",NA,3
"445","Culross Passage/Whittier Side",NA,1
"446","Culross Passage/Whittier SIde",NA,1
"447","Culross, Blackstone",NA,1
"448","Culross, Passage Canal",NA,1
"449","Culrus Pass",NA,2
"450","Culruss Passage",NA,1
"451","Cultists passage",NA,3
"452","Cultists Passage",NA,1
"453","Dangerest Passage",NA,1
"454","Dangerous  passage",NA,1
"455","Dangerous passage",NA,3
"456","Dangerous Passage",NA,7
"457","DANGEROUS PASSAGE",NA,1
"458","Dangerous Passage/ Paddy Point",NA,1
"459","Day Care Bay",NA,2
"460","Day care bay/ Perry island",NA,1
"461","Day Care Cove",NA,1
"462","decision point",NA,2
"463","Decision point",NA,5
"464","Decision Point",NA,22
"465","DECISION POINT",486033,1
"466","DECISION POINT",NA,3
"467","Decision Point, PWS",NA,2
"468","Decision pt",NA,9
"469","Decision Pt",NA,6
"470","DECISION PT",NA,1
"471","Decision Pt.",NA,1
"472","DECISION PT/BLACKSTONE",NA,4
"473","Decison Point",NA,1
"474","Deep Bay",NA,1
"475","DEEP BAY",NA,3
"476","Deep Cove",NA,1
"477","Deep Water",NA,1
"478","DEEP WATER",NA,2
"479","deep water bay",NA,1
"480","Deep water bay",NA,2
"481","Deep water Bay",NA,2
"482","Deep Water Bay",NA,33
"483","DEEP WATER BAY",486032,3
"484","DEEP WATER BAY",NA,3
"485","deep water bay nellie juan",NA,1
"486","Deep Water Bay, Port Nellie Juan",NA,2
"487","deep water bay/ nellie juan",NA,4
"488","DEEP WATER BAY/GREYSTONE BAY",NA,1
"489","Deepwater bay",NA,2
"490","Deepwater Bay",NA,2
"491","DEEPWATER BAY",NA,3
"492","Deepwater Bay, outside",NA,3
"493","Deickson Bay",NA,1
"494","Delong dock Whittier",NA,3
"495","Derickson",NA,1
"496","DERICKSON",NA,2
"497","derickson bay",NA,3
"498","Derickson bay",NA,2
"499","Derickson Bay",NA,37
"500","DERICKSON BAY",476033,1
"501","DERICKSON BAY",NA,5
"502","Derickson Bay, Eaglek",NA,2
"503","Derickson Bay, Port Nellie Juan",NA,1
"504","Derickson Bay, PWS",NA,1
"505","DERICKSONNELLIE JUAN",NA,1
"506","Derikson Bay",NA,2
"507","DERRICKSON",NA,2
"508","Derrickson Bay",NA,5
"509","DERRICKSON BAY,PORTNELLIEJUAN",NA,1
"510","Dickerson Bay",NA,1
"511","DICKERSON BAY",NA,1
"512","did not fish",NA,1
"513","Did not go to Prince William Sound in 2019",NA,1
"514","Did Not Participate",NA,1
"515","DIRKSEN/DEEP WATER",NA,1
"516","Dirkson",NA,2
"517","Disc",NA,2
"518","Disc Island",NA,1
"519","Disk Is. S Knight Is Passage lower Louis bay",NA,1
"520","Disk Is.E Knight Is. lower passage",NA,1
"521","disk island",NA,1
"522","Disk island",NA,1
"523","Disk Island",NA,1
"524","DISK ISLAND",NA,2
"525","Dreier Bay",NA,1
"526","drier",NA,1
"527","Drier Bay",NA,8
"528","DRIER BAY",476005,1
"529","DRIER BAY",NA,10
"530","dryer bay",NA,1
"531","dutch group",NA,1
"532","DUTCH GROUP",NA,12
"533","Dutch group islands",NA,2
"534","E ANDERSON BAY",NA,2
"535","E SHAMY BAY",NA,2
"536","E TWIN PERRY IS",NA,1
"537","E. SIDE OF COCHRANE",NA,1
"538","E. side Port Wells / Ester passage",NA,8
"539","Eagelek Bay",NA,5
"540","Eaglak",NA,1
"541","EAGLE K BAY",NA,1
"542","eaglek",NA,4
"543","Eaglek",NA,18
"544","EAGLEK",NA,5
"545","eaglek bay",NA,3
"546","Eaglek bay",NA,7
"547","Eaglek Bay",NA,25
"548","EAGLEK BAY",NA,13
"549","eaglek bay center",NA,1
"550","eaglek bay entrance",NA,1
"551","EAGLEK CASCADE",NA,1
"552","EAGLEK N CASCADE",NA,1
"553","Eaglick",NA,1
"554","EAGLICK BAY",NA,1
"555","eaglik",NA,1
"556","Eaglik Bay",NA,2
"557","EAGLIK BAY",NA,1
"558","Eashamy Mouth",NA,2
"559","EAST ARM WHALE BAY",NA,1
"560","east end of passage canal",NA,4
"561","east end passage canal",NA,3
"562","East Ester Canal",NA,1
"563","EAST FINGER",NA,4
"564","East finger inlet",NA,3
"565","East Finger Inlet",NA,4
"566","east of entry cove",NA,2
"567","East of Point Lowe",NA,6
"568","east of shotgun cove",NA,2
"569","East of Twin Bay, Perry Island",NA,1
"570","East Perry Island",NA,6
"571","East side Perry Island",NA,2
"572","East side port wells",NA,1
"573","East side Pt. Elenore",NA,1
"574","EAST TWIN",NA,1
"575","east twin bay",NA,2
"576","East Twin Bay off Perry Island",NA,2
"577","East Twin Bay Perry Island",NA,1
"578","EAST TWIN ENTRANCE PERRY ISLAND",NA,1
"579","Easter  Rock",NA,1
"580","easter passage south",NA,2
"581","Easter Rock",NA,1
"582","eastern portion of jack bay",NA,1
"583","EASTSIDE BLACKSTONE BAY",NA,1
"584","Eastside Culross Island",NA,1
"585","Egg Rock",NA,3
"586","EGG ROCK",NA,1
"587","EGG ROCKS",NA,2
"588","Egik Bay",NA,2
"589","Eglack Bay",NA,2
"590","Eglak",NA,1
"591","Eglig Bay",NA,1
"592","Eglik",NA,2
"593","Eglik Bay",NA,3
"594","Eglik Bay West",NA,2
"595","Eglike bay in Prince William Sound",NA,7
"596","EICKELBERG BAY",NA,1
"597","elanor island",NA,2
"598","Eleanor Island",NA,3
"599","ELENOR ISLAND",NA,1
"600","Elenor point",NA,1
"601","elf pt",NA,3
"602","ELF PT COLUMBIA BAY",NA,3
"603","Emerald Bay",NA,1
"604","Emerald Cove",NA,2
"605","EMERALD IS PASSAGE CANAL",NA,1
"606","Entrance Bettles Bay",NA,2
"607","Entrance island",NA,3
"608","Entrance Island",NA,3
"609","ENTRANCE ISLAND",NA,2
"610","Entrance Island Valdez Arm",NA,13
"611","Entrance of Icy Bay",NA,1
"612","Entrance Point",NA,4
"613","ENTRANCE POINT",NA,2
"614","entrance sawmill bay valdez",NA,3
"615","entrance to blue fjiord",NA,3
"616","entrance to port nellie juan",NA,2
"617","entrance to the narrows",NA,4
"618","Entry Cove",NA,1
"619","ENTRY COVE",NA,2
"620","entry point",NA,1
"621","Erickson Bay",NA,1
"622","Esamy Bay",NA,6
"623","Eschamy Bay",NA,1
"624","Eschemy Bay",NA,1
"625","Eshamy",NA,11
"626","ESHAMY",476006,1
"627","ESHAMY",NA,1
"628","eshamy bay",NA,3
"629","eshamy Bay",NA,1
"630","Eshamy bay",NA,3
"631","Eshamy Bay",NA,30
"632","ESHAMY BAY",476006,1
"633","ESHAMY BAY",NA,33
"634","ESHAMY BAY OUTSIDE MAIN BAY",NA,1
"635","Eshamy Bay, Prince William Sound",NA,1
"636","ESHAMY DISTRICT",NA,1
"637","ESHAMY/FOUL BAY",476006,1
"638","Eshemy Bay",NA,3
"639","ESHMAY BAY, MOUTH OFF POINT",NA,1
"640","Esshamy Bay",NA,1
"641","ester",NA,2
"642","Ester",NA,4
"643","ester bay",NA,1
"644","Ester Bay",NA,1
"645","ESTER BAY",NA,1
"646","ester Island",NA,1
"647","Ester island",NA,2
"648","Ester Island",NA,19
"649","ESTER ISLAND",NA,1
"650","Ester Island Passage",NA,1
"651","ESTER ISLAND PORT WELLS SIDE",NA,1
"652","Ester Island, Shoestring Cove",NA,2
"653","ester passage",NA,4
"654","Ester passage",NA,1
"655","Ester Passage",NA,4
"656","ESTER PASSAGE",NA,3
"657","Ester point",NA,1
"658","Ester Rock",NA,1
"659","ESTER ROCK",NA,3
"660","ESTER STRAIGHT",NA,1
"661","ESTER, QUILLIAN BAY",NA,1
"662","esterpassage",NA,1
"663","ESTHER",NA,5
"664","Esther Bay",NA,3
"665","ESTHER BAY",NA,4
"666","esther island",NA,10
"667","Esther island",NA,5
"668","Esther Island",NA,9
"669","ESTHER ISLAND",NA,11
"670","esther passage",NA,4
"671","Esther passage",NA,4
"672","Esther Passage",NA,7
"673","ESTHER PASSAGE",NA,6
"674","Esther Passage Area",NA,2
"675","Esther Pt.",NA,2
"676","ESTHER PWS",NA,3
"677","Esther rick",NA,1
"678","esther rock",NA,4
"679","Esther rock",NA,12
"680","Esther Rock",NA,5
"681","ESTHER ROCK",NA,17
"682","Esther Rock vacinity",NA,2
"683","Esther Rock Vacinity",NA,1
"684","Esther Rocks",NA,3
"685","Ewan Bay",NA,1
"686","EWAN BAY",NA,3
"687","FAIRMONT",476036,1
"688","Falls Bay",NA,1
"689","Fidalgo",NA,3
"690","Fidalgo Bay",NA,1
"691","Fidelgo Bay Snug Corner",NA,1
"692","FINSKI POINT-GLACIER IS",NA,1
"693","Fish Trap",NA,1
"694","FISHERMANS COVE",NA,1
"695","Fiwas Bay",NA,1
"696","Fleming Island (north side)",NA,1
"697","Flemming Island",NA,1
"698","FLOATING POTS",NA,1
"699","Foul Bay",NA,16
"700","Foul bay, eshamy district",NA,1
"701","Fox Farm Bay",NA,1
"702","FREEMANTLE",466033,1
"703","Freestone Bay",NA,1
"704","FRONT OF ESTHER PASS",NA,3
"705","GAGE ISLAND",NA,3
"706","galena bay",NA,6
"707","Galena bay",NA,15
"708","Galena Bay",NA,30
"709","GALENA BAY",NA,13
"710","Galena Bay PWS",NA,3
"711","Galena Bay South Shore",NA,1
"712","Galena Bay, N of Rocky Pt.",NA,1
"713","Galena Bay.",NA,1
"714","Galens Bay",NA,1
"715","GELENA BAY",NA,1
"716","Glacier Bay",NA,7
"717","Glacier Is./Growler bay",NA,1
"718","Glacier Is./Growler Bay",NA,1
"719","Glacier Isaland",NA,1
"720","Glacier island",NA,2
"721","Glacier Island",NA,12
"722","GLACIER ISLAND",476035,1
"723","GLACIER ISLAND",NA,5
"724","Glacier Island South",NA,1
"725","Glacier Passage",NA,1
"726","GLACIER PASSAGE",NA,1
"727","gold creek",NA,1
"728","Gold creek",NA,2
"729","Gold Creek",NA,29
"730","Gold CReek",NA,1
"731","GOLD CREEK",NA,7
"732","gold creek in port valdez",NA,1
"733","Gold Creek, Port Valdez",NA,1
"734","gold greek",NA,1
"735","Gold Mine",NA,1
"736","golden",NA,9
"737","Golden",NA,22
"738","GOLDEN",NA,11
"739","golden bay",NA,1
"740","Golden bay",NA,3
"741","Golden Bay",NA,7
"742","GOLDEN BAY",NA,4
"743","Golden Cove",NA,1
"744","Golden, Wells Passage",NA,1
"745","Golina Bay",NA,1
"746","GOLPEN",NA,1
"747","GOOSE BAY",NA,1
"748","Goose Island",NA,1
"749","Gradual Point",NA,3
"750","Granate Bay",NA,2
"751","Granit Bay",NA,1
"752","Granite - Port Wells",NA,1
"753","Granite bay",NA,2
"754","Granite Bay",NA,32
"755","GRANITE BAY",476006,1
"756","GRANITE BAY",486034,2
"757","GRANITE BAY",NA,7
"758","Granite Bay (again)",NA,1
"759","Granite Bay (Port Wells)",NA,1
"760","granite bay port wells",NA,1
"761","Granite Bay Port Wells",NA,2
"762","Granite Bay South",NA,2
"763","Granite Bay South - Port Wells",NA,1
"764","Granite Bay/Port Wells",NA,1
"765","Granite Cove, Pondwells",NA,1
"766","GRANITE POINT",NA,1
"767","Gravitate bay",NA,1
"768","Green Island",NA,3
"769","GREEN ISLAND (NORTH SIDE)",NA,1
"770","Grey stone bay",NA,6
"771","greystone bay",NA,2
"772","Greystone Bay",NA,9
"773","Greystone Bay - Port Nelly Juan",NA,2
"774","guage island",NA,6
"775","GULENA BAY",NA,1
"776","Gut Bay",NA,1
"777","hariman fiord",NA,1
"778","HARRIMAN",NA,5
"779","HARRIMAN FIORD",NA,1
"780","Harriman Fjord",NA,2
"781","HARRIMAN FJORD",486100,1
"782","HARRIMAN FJORD",NA,2
"783","Harriman Glacier",NA,1
"784","Harrington Fjord",NA,1
"785","Harris arm",NA,1
"786","Harris fjord",NA,1
"787","HARRISON",NA,4
"788","Harrison bay",NA,1
"789","Harrison Bay",NA,8
"790","Harrison lagoon",NA,3
"791","Harrison Lagoon",NA,13
"792","HARRISON LAGOON",NA,4
"793","harrison lagoon barry arm",NA,2
"794","HARRISON LAGOON, PORT WELLS",NA,1
"795","Harvard Arm",NA,1
"796","Head Cochran Bay",NA,1
"797","Head of bay",NA,5
"798","Head of Bay",NA,12
"799","Head of Bay in Whittier",NA,1
"800","head of bay whittier",NA,3
"801","Head of Bettels Bay",NA,1
"802","Head of Blackstone Bay",NA,2
"803","head of cochran",NA,1
"804","Head of Cochran",NA,1
"805","head of cochran bay",NA,4
"806","Head of Cochrane Bay",NA,2
"807","HEAD OF GREYSTONE BAY",NA,2
"808","Head of Herring Bay",NA,1
"809","HEAD OF JACK BAY",NA,2
"810","Head of McClure bay",NA,1
"811","Head of McClure Bay",NA,1
"812","head of passage canal",NA,5
"813","Head of Passage Canal",NA,6
"814","HEAD OF PASSAGE CANAL",NA,10
"815","Head Wells Bay",NA,1
"816","Hearing Bay",NA,3
"817","heather bay",NA,33
"818","Heather bay",NA,3
"819","Heather Bay",NA,39
"820","HEATHER BAY",NA,14
"821","Heather Bay, Columbia",NA,5
"822","Heather Bay, inside Columbia Bay",NA,1
"823","Heather Island",NA,1
"824","HENDRICKSON BAY",NA,4
"825","Heny Hook, Harriman Fjord",NA,1
"826","Hering Bay",NA,1
"827","herring bay",NA,3
"828","Herring bay",NA,1
"829","Herring Bay",NA,16
"830","HERRING BAY",NA,3
"831","Herring Bay Knight Is.",NA,1
"832","Hidden bay",NA,2
"833","Hidden Bay",NA,5
"834","HIDDEN BAY ENTRANCE",NA,1
"835","HIDDEN COVE",NA,13
"836","hidden cove (culross island)",NA,1
"837","Hidey Hole, just outside, near Cedar Cove",NA,1
"838","hobo  fords",NA,1
"839","hobo and lagoon",NA,1
"840","hobo bay",NA,7
"841","Hobo bay",NA,8
"842","Hobo Bay",NA,20
"843","HOBO BAY",NA,15
"844","Hobo Bay - Prince William Sound",NA,2
"845","Hobo Bay, Port Wells",NA,4
"846","HOBO ENTRANCE",NA,1
"847","HOG BAY",NA,1
"848","Hogg Bay",NA,1
"849","HOGKINS PT",NA,1
"850","hummer bay",NA,1
"851","Hummer bay",NA,2
"852","Hummer Bay",NA,18
"853","HUMMER BAY",486034,1
"854","HUMMER BAY",NA,2
"855","HUMMER BAY MOUTH",NA,1
"856","HUMMER BAY/PORT WELLS",NA,2
"857","I didn’t fish",NA,1
"858","icey bay",NA,2
"859","icy bay",NA,11
"860","Icy bay",NA,7
"861","Icy Bay",NA,19
"862","ICY BAY",486005,5
"863","ICY BAY",NA,10
"864","Icy Bay  PWS",NA,1
"865","Icy Bay , Prince William Sound",NA,1
"866","Icy Bay ,Prince William Sound",NA,1
"867","Icy Bay PWS",NA,1
"868","ICY Bay PWS",NA,1
"869","IKTUA BAY",NA,1
"870","in fromt of shoup bay",NA,1
"871","in front of saw mill bay",NA,2
"872","in front of shoup bay",NA,2
"873","in passage canal about 5 miles from whitter",NA,1
"874","jack",NA,11
"875","Jack's bay",NA,3
"876","Jack's Bay",NA,13
"877","Jack Bah",NA,1
"878","jack bay",NA,14
"879","jack Bay",NA,1
"880","Jack bay",NA,24
"881","Jack Bay",NA,90
"882","JACK BAY",466100,9
"883","JACK BAY",NA,65
"884","Jack Bay- Valdez Arm",NA,1
"885","Jack Bay - all my shrimp gear was stolen",NA,1
"886","jack bay middle",NA,2
"887","Jack Bay, Prince William Sound",NA,1
"888","Jack Bay, Valdez",NA,2
"889","Jack pot",NA,1
"890","Jack pot bay",NA,1
"891","Jack Pot Bay",NA,3
"892","Jack’s bay",NA,1
"893","Jackpot",NA,6
"894","JACKPOT",NA,1
"895","jackpot bay",NA,1
"896","Jackpot bay",NA,1
"897","Jackpot Bay",NA,17
"898","JACKPOT BAY",486005,4
"899","JACKPOT BAY",NA,5
"900","JACKPOT ISLAND",486005,5
"901","Jackpot, Dangerous Passage",NA,1
"902","Jacks",NA,2
"903","jacks bay",NA,27
"904","Jacks bay",NA,12
"905","Jacks Bay",NA,26
"906","JACKS BAY",NA,3
"907","Jacks Bay-PWS",NA,13
"908","Jacks bay by island",NA,1
"909","Jacks bay valdez",NA,1
"910","Jacks Bay=PWS",NA,1
"911","JACKSON HOLE",NA,1
"912","Jak Bay",NA,2
"913","JANETS HOLE",NA,5
"914","JOAN PASSAGE",NA,1
"915","JOHNSON BAY",NA,1
"916","Jonah Bay and fish hatchery",NA,1
"917","junction island",NA,2
"918","JUNCTION ISLAND",NA,11
"919","junction island and perry island south side",NA,1
"920","JUNCTION ISLAND, DANGEROUS PAS",NA,1
"921","Just outside Colross Pass",NA,1
"922","Just Outside Culross Pass",NA,1
"923","Just outside passage canal towards Portwells",NA,1
"924","Ketchican",NA,3
"925","Keyhole Cove",NA,1
"926","kight island",NA,1
"927","kings bay",NA,3
"928","kings Bay",NA,1
"929","Kings bay",NA,9
"930","Kings Bay",NA,31
"931","KINGS BAY",486032,1
"932","KINGS BAY",NA,32
"933","Kings bay north side",NA,1
"934","kingsbay",NA,3
"935","Kingsbay",NA,1
"936","Kinikilik",NA,1
"937","KINIKLIK IS",NA,1
"938","Klicklik Bay",NA,2
"939","Klicklik Island",NA,1
"940","Knight",NA,3
"941","Knight - lower passage",NA,1
"942","Knight - upper passage",NA,1
"943","Knight Is",NA,1
"944","knight island",NA,1
"945","knight Island",NA,1
"946","Knight island",NA,1
"947","Knight Island",NA,10
"948","KNIGHT ISLAND",NA,3
"949","Knight Island (south Long Channel)",NA,1
"950","Knight Island Bay",NA,1
"951","Knight ISland BAy",NA,1
"952","Knight Island lower passage",NA,2
"953","Knight Island Passage",NA,5
"954","KNIGHT ISLAND PASSAGE",NA,16
"955","Knight island passage lower passage",NA,1
"956","Knight Island Upper passage",NA,1
"957","KNIGHT ISLAND, MUMMY BAY",NA,1
"958","knight passage",NA,2
"959","Knight Passage",NA,2
"960","Knights Island, Little Bay",NA,1
"961","KNIGHTS PASSAGE",NA,2
"962","La Touche Passage",NA,1
"963","Lake Bay",NA,4
"964","LAKE BAY",NA,3
"965","LAKE BAY (ESTER ISLAND)",NA,1
"966","Lake Bay, Esther Is",NA,3
"967","Lake Bay, Esther Island",NA,1
"968","Landlocked Bay",NA,2
"969","Latouche",NA,1
"970","LATOUCHE",NA,1
"971","Latouche Island",NA,3
"972","Little Axel Island",NA,2
"973","Log Camp Bay",NA,7
"974","Loggers Camp Bay",NA,17
"975","logging camp",NA,1
"976","Logging camp",NA,2
"977","LOGGING CAMP",NA,1
"978","logging camp bay",NA,10
"979","Logging Camp Bay",NA,4
"980","LOGGING CAMP BAY",NA,1
"981","Lone Island",NA,4
"982","Lone Island, Whittier",NA,1
"983","Lone Pasage",NA,1
"984","Lone Passage",NA,2
"985","Long Baty",NA,1
"986","long bay",NA,12
"987","Long bay",NA,8
"988","Long Bay",NA,57
"989","LONG BAY",476035,1
"990","LONG BAY",NA,40
"991","Long Bay by Columbia Glacier",NA,1
"992","long bay PWS",NA,1
"993","Long Bay, NE PWS by Columbia Glacier",NA,2
"994","long channel",NA,1
"995","Long Channel",NA,7
"996","long passage",NA,3
"997","Long passage",NA,2
"998","Long Passage",NA,3
"999","Long Passage, Knight Island",NA,1
"1000","LONG PT. BY COLUMBIA BAY",NA,1
"1001","Lons Channel",NA,1
"1002","Lordes Islands",NA,1
"1003","Lords Island",NA,1
"1004","Lords islands.",NA,1
"1005","Louis Bay",NA,2
"1006","LOUIS BAY",NA,3
"1007","Louis Bay South of Disk Island",NA,4
"1008","LOUS BAY",NA,1
"1009","lower colross passage",NA,1
"1010","LOWER CULROSS",NA,5
"1011","lower Culross pass",NA,1
"1012","Lower Culross Passage",NA,2
"1013","Lower herring bay",NA,2
"1014","Lower Herring Bay",NA,6
"1015","LOWER HERRING BAY",476006,1
"1016","LOWER HERRING BAY",NA,1
"1017","Lower night passage",NA,1
"1018","Lower passage",NA,4
"1019","Lower Passage Knight Island",NA,1
"1020","LUCKY BAY",NA,5
"1021","LUCY BAY",NA,1
"1022","main bay",NA,50
"1023","Main bay",NA,15
"1024","Main Bay",NA,72
"1025","MAIN BAY",486031,55
"1026","MAIN BAY",NA,40
"1027","MAIN BAY MOUTH",NA,1
"1028","Main Bay, Exterior",NA,1
"1029","Main Canal",NA,4
"1030","mainbay",NA,4
"1031","Mainbay",NA,4
"1032","MAINBAY NW PRESTON",NA,1
"1033","MAINBAY PRESTON/FINGER COVE",NA,1
"1034","MARRIMAN",NA,1
"1035","Marsha Bay/ Knight Island",NA,1
"1036","mc clure bay",NA,1
"1037","Mc Clure Bay",NA,2
"1038","McClur Bay",NA,1
"1039","McClure",NA,15
"1040","MCCLURE",NA,16
"1041","Mcclure Bay",NA,4
"1042","McClure bay",NA,5
"1043","McClure Bay",NA,61
"1044","MCCLURE BAY",486031,1
"1045","MCCLURE BAY",NA,38
"1046","MCCLURE BAY-PORT NELLIE JUAN",NA,1
"1047","McClure Bay - Mouth",NA,7
"1048","McClure Bay (outside)",NA,1
"1049","mcClure bay east side",NA,1
"1050","McClure Bay, across from cannery",NA,1
"1051","MCCLURE BAY, PORT NELLIE JUAN",NA,1
"1052","Mclure",NA,1
"1053","mclure bay",NA,4
"1054","mclure Bay",NA,1
"1055","Mclure bay",NA,1
"1056","Mclure Bay",NA,2
"1057","McLure Bay",NA,1
"1058","MCLURE BAY",486031,1
"1059","MCLURE BAY",NA,5
"1060","McPherson Bay",NA,1
"1061","Mew Cove Knight Island",NA,1
"1062","MEW COVE, LOWER PASS",NA,1
"1063","MIDDLE RK",NA,1
"1064","middle rock",NA,4
"1065","Middle rock",NA,2
"1066","Middle Rock",NA,3
"1067","MIDDLE ROCK",NA,8
"1068","middle rock valdez",NA,1
"1069","Middle Rock valdez",NA,1
"1070","Middle/South Culross",NA,1
"1071","mineral creek",NA,4
"1072","Mineral Creek",NA,6
"1073","MINERAL CREEK",NA,10
"1074","mineral creek area",NA,1
"1075","Mineral Creek Falls",NA,1
"1076","Mineral Creek Valdez",NA,3
"1077","MINERAL CREEK VALDEZ",NA,2
"1078","Mineral Creek, Valdez Alaska",NA,1
"1079","Miners Bay",NA,1
"1080","mink",NA,8
"1081","Mink",NA,2
"1082","MINK",NA,1
"1083","Mink Is. Port Nellie Jaun",NA,1
"1084","Mink IS. Port Nellie Jaun",NA,1
"1085","Mink island",NA,1
"1086","Mink Island",NA,31
"1087","Mink Island, Port Nellie Juan",NA,1
"1088","MINK ISLAND, PORT NELLIE JUAN",NA,3
"1089","Mink island/ port Nellie Juan",NA,1
"1090","MLURE BAY",NA,1
"1091","MONTAGUE ISLAND, MIDDLE P",NA,1
"1092","MONTAGUE ISLAND, ZAIKOF BAY",NA,1
"1093","MOUTH COCHRANE",NA,1
"1094","Mouth of Blackstone",NA,2
"1095","MOUTH OF COCHRANE",NA,1
"1096","MOUTH OF CULROSS",NA,1
"1097","Mouth of Culross Pass",NA,1
"1098","Mouth of Deep Water Bay",NA,1
"1099","mouth of eshamy",NA,1
"1100","Mouth of Main Bay",NA,1
"1101","mouth of Pigot Bay",NA,1
"1102","Mouth of Pigot Bay",NA,3
"1103","MOUTH OF SHOTGUN COVE",NA,6
"1104","MOUTH WEST TWIN BAY",NA,1
"1105","mueller cove",NA,1
"1106","MUELLER COVE",NA,2
"1107","Mueller Cove, Unakwik Inlet",NA,1
"1108","Muller bay",NA,1
"1109","Muller bay/ Unakwik Bay",NA,1
"1110","MULLER COVE",NA,2
"1111","Mummy  bay",NA,1
"1112","mummy bay",NA,1
"1113","Mummy bay",NA,1
"1114","Mummy Bay",NA,17
"1115","MUMMY BAY",NA,17
"1116","Mummy Bay - Mouth",NA,1
"1117","Mummy Bay, Knight Island",NA,2
"1118","Mummy Island",NA,1
"1119","MURRAY BAY",NA,1
"1120","n culross island",NA,1
"1121","N CULROSS PASS",NA,1
"1122","N end Dangerous Passage",NA,3
"1123","N end Port Bainbridge",NA,1
"1124","N entrance Esther Passage",NA,1
"1125","N EVANS ISLAND POW",NA,1
"1126","N GRANITE BAY PORT WELLS",NA,1
"1127","N OF CHENEGA ISLAND",NA,12
"1128","N OF DOUBLE BAY",NA,1
"1129","N OF GIBBON. GREEN",NA,1
"1130","N OF PIGET BAY",NA,1
"1131","N Side of Buzby Island",NA,1
"1132","N. Blackstone Bay",NA,1
"1133","N. CULROSS PASS",NA,5
"1134","N. Culross Passage",NA,2
"1135","N. end of Culross Pass",NA,3
"1136","N. ofIceberg Pt.",NA,1
"1137","N.E HENDERSON",NA,1
"1138","N/W end Valdez Arm",NA,2
"1139","NAKED",NA,1
"1140","Naked island",NA,2
"1141","Naked Island",NA,6
"1142","NAKED ISLAND",NA,1
"1143","Naked island /Cabin bay",NA,1
"1144","Naked Island outside bay",NA,1
"1145","Naked Island/cabin Baay",NA,1
"1146","narrows",NA,1
"1147","Narrows",NA,1
"1148","NE cochrane",NA,1
"1149","NE cochrane bay",NA,4
"1150","NEAR 3 FINGERS",NA,1
"1151","near Anderson Bay",NA,2
"1152","Near Apple gate island",NA,1
"1153","Near entrance to Shoup Bay",NA,1
"1154","NEAR FERRY DOCK",NA,3
"1155","Near Fool Island north of Perry Island",NA,1
"1156","Near Logging Camp Bay in Passage Canal",NA,2
"1157","NEAR MINERAL CREEK",NA,2
"1158","Near valdez",NA,1
"1159","Nelle Juan",NA,2
"1160","Nelli Juan",NA,5
"1161","nellie juan",NA,3
"1162","Nellie juan",NA,4
"1163","Nellie Juan",NA,27
"1164","NELLIE JUAN",NA,13
"1165","Nellie Juan Bay",NA,1
"1166","Nellie Juan West Finger",NA,1
"1167","Nellie Juan, Derrickson",NA,6
"1168","Nelly juan",NA,2
"1169","Nelly Juan",NA,9
"1170","Nellyjuan",NA,2
"1171","Nelson Bay, Cordova",NA,2
"1172","NEPTUNE POINT",NA,1
"1173","NEW GRAIN STORAGE",NA,1
"1174","night island",NA,2
"1175","NO. 5 JACK'S BAY",NA,14
"1176","None",NA,1
"1177","North  entrance Cullross",NA,1
"1178","North Cullross Island",NA,1
"1179","North Culross Passage",NA,2
"1180","NORTH CULROSS PASSAGE",NA,14
"1181","North East Knight Island",NA,1
"1182","north east perry",NA,1
"1183","NORTH END BLACKSTONE",NA,3
"1184","North end Culross Passage",NA,1
"1185","NORTH END CULROSS PASSAGE",NA,1
"1186","North end of Ester Passage",NA,1
"1187","North end of Perry Island",NA,1
"1188","north end olsen island",NA,1
"1189","North entrance to Culross Pass",NA,1
"1190","North Ester",NA,1
"1191","North Esther passage",NA,1
"1192","North Ingot Island",NA,2
"1193","North line eshamy district",NA,1
"1194","NORTH LINE MAIN BAY",NA,1
"1195","North of Siwash",NA,1
"1196","north perry island",NA,1
"1197","North Perry Island",NA,1
"1198","NORTH PERRY ISLAND",NA,1
"1199","north side busby island",NA,1
"1200","NORTH SIDE ELENOR ISLAND",NA,1
"1201","North side of Culross island",NA,1
"1202","North side of Mew Cove",NA,2
"1203","North Side of Mew Cove/Knight Island",NA,1
"1204","North side of Passage Canal",NA,1
"1205","north side of perry island",NA,1
"1206","North Side of Port Valdez, W of Perkins Point",NA,1
"1207","North West of Perry island",NA,1
"1208","Northeast cochrane bay",NA,1
"1209","Northeast Cochrane bay",NA,1
"1210","Northside of Culross Island",NA,1
"1211","NORTHWEST BAY",NA,1
"1212","Nuka Bay",NA,1
"1213","NW Blackstone Bay",NA,1
"1214","NW Busby Island",NA,2
"1215","NW DEEP WATER",NA,2
"1216","NW DEEP WATER, PORT NEIL",NA,1
"1217","NW OF CRAFTON",NA,1
"1218","NW OF LUGOT",NA,1
"1219","NW POINT PERRY ISLAND",NA,1
"1220","NW Port Valdez",NA,1
"1221","NW port wells",NA,1
"1222","NW side Perry Island",NA,1
"1223","Off Bligh Island in Fidalgo",NA,1
"1224","OFF EMERALD IS",NA,1
"1225","OLSEN BAY",NA,1
"1226","olsen is.",NA,1
"1227","Olsen Island",NA,5
"1228","OLSEN ISLAND",NA,6
"1229","OLSON IS",NA,2
"1230","Olson Island (north)",NA,1
"1231","Olson Island (south)",NA,1
"1232","Orca Bay across from Bomb Pt.",NA,1
"1233","Orca Bay across from Sheep Bay",NA,1
"1234","Otter Bay",NA,1
"1235","Otter Cove",NA,3
"1236","Out front of Port nelle Juan",NA,1
"1237","Outer Pigot Bay",NA,2
"1238","Outside 3 Fingers",NA,1
"1239","Outside Bay, Naked Island",NA,1
"1240","Outside Bettles Bay, PW",NA,1
"1241","Outside Eshamy Bay",NA,1
"1242","Outside foul bay",NA,1
"1243","Outside Granite Bay, Ester Is, PW",NA,1
"1244","OUTSIDE HUMMER BAY",NA,4
"1245","OUTSIDE JACK BAY",NA,1
"1246","Outside Main Bay",NA,1
"1247","Outside MInk Island - Port Nelly Juan",NA,1
"1248","outside of Cascade Bay",NA,1
"1249","Outside of Cochran",NA,2
"1250","outside of HOBO Bay",NA,1
"1251","OUTSIDE PIGOT BAY",NA,6
"1252","Outside Shoup  Bay",NA,1
"1253","Outside Shoup Bay",NA,1
"1254","Outside Surprise Cove",NA,1
"1255","Outside Whittier",NA,2
"1256","Outside Ziegler Cove",NA,5
"1257","packenham point",NA,1
"1258","Packenham Point",NA,1
"1259","Packenham Point Morraine",NA,3
"1260","Packenham Pt.",NA,3
"1261","PACKINGHAM",NA,2
"1262","Packingham Point",NA,3
"1263","Pakenham",NA,1
"1264","Pakenham Moraine",NA,1
"1265","Pakenham point",NA,1
"1266","Pakenham Point",NA,3
"1267","Pakenham Pt",NA,4
"1268","PAKINGHAM",NA,6
"1269","Pakinham Pt.",NA,6
"1270","Papoose bay",NA,1
"1271","Pasage Canal",NA,1
"1272","Pass channel",NA,1
"1273","passage",NA,1
"1274","Passage",NA,4
"1275","PASSAGE",NA,54
"1276","passage canal",NA,114
"1277","passage Canal",NA,1
"1278","Passage canal",NA,65
"1279","Passage Canal",NA,217
"1280","PASSAGE CANAL",312,1
"1281","PASSAGE CANAL",486033,54
"1282","PASSAGE CANAL",NA,130
"1283","passage canal across whittier harbor",NA,1
"1284","Passage Canal Near Kittiwake Rookery",NA,1
"1285","Passage canal prince William sound",NA,1
"1286","Passage Canal Whittier",NA,2
"1287","Passage Canal, east side",NA,1
"1288","Passage Canal, Squirrel Cove",NA,1
"1289","PASSAGE CANAL,WATERFALL",NA,1
"1290","PASSAGE CANAL,WATERFALLS",NA,1
"1291","Passage Cannal",NA,1
"1292","Passage cannel",NA,12
"1293","Passage Cannel",NA,1
"1294","Passage chanel",NA,3
"1295","Passage Point",NA,1
"1296","paulson bay",NA,1
"1297","Paulson bay",NA,1
"1298","Paulson Bay",NA,3
"1299","PAULSON BAY",NA,2
"1300","pay day pt",NA,1
"1301","Peak Island",NA,1
"1302","Pecham Point",NA,1
"1303","Pecham Point/Barry Arm",NA,1
"1304","Peckenham Pr",NA,1
"1305","perkins point",NA,4
"1306","Perry",NA,16
"1307","PERRY",NA,8
"1308","perry i",NA,1
"1309","Perry Is.",NA,2
"1310","perry island",NA,6
"1311","Perry island",NA,10
"1312","Perry iSLAND",NA,1
"1313","Perry Island",NA,41
"1314","PERRY ISLAND",NA,24
"1315","Perry Island - West Twin Bay Entrance",NA,1
"1316","Perry island (Whittier)",NA,2
"1317","Perry island / east twin bay",NA,1
"1318","Perry Island East Side",NA,7
"1319","Perry Island, Prince William Sound",NA,1
"1320","Perry Island, West Twin Bay",NA,5
"1321","PERRY NW",NA,1
"1322","perry passage",NA,2
"1323","Perry passage",NA,1
"1324","Perry Passage",NA,8
"1325","PERRY PASSAGE",486033,2
"1326","Perry point",NA,1
"1327","PERRY PT",NA,5
"1328","picket bay",NA,2
"1329","Picket bay",NA,1
"1330","Picot point",NA,2
"1331","pig",NA,1
"1332","pigeot bay",NA,1
"1333","piget bay",NA,1
"1334","Piget bay",NA,2
"1335","Piget Bay",NA,1
"1336","piget bay and hobo",NA,1
"1337","Piggot Bay",NA,1
"1338","PIGGOT BAY",NA,3
"1339","PIGGOT POINT",NA,5
"1340","pigit bay",NA,1
"1341","pigot",NA,6
"1342","Pigot",NA,69
"1343","PIGOT",486034,1
"1344","PIGOT",NA,6
"1345","Pigot  bay, Barry arm",NA,1
"1346","pigot bay",NA,22
"1347","pIGOT bAY",NA,1
"1348","Pigot bay",NA,33
"1349","Pigot Bay",NA,224
"1350","PIGOT BAY",486034,13
"1351","PIGOT BAY",NA,78
"1352","PIGOT BAY MOUTH",NA,3
"1353","Pigot Bay, Port Wells",NA,1
"1354","Pigot Bay/Mouth of Bay",NA,1
"1355","PIGOT BY",NA,1
"1356","pigot point",NA,19
"1357","Pigot point",NA,16
"1358","Pigot Point",NA,39
"1359","PIGOT POINT",NA,37
"1360","Pigot pt",NA,10
"1361","Pigot Pt",NA,9
"1362","Pigot PT , PWS",NA,1
"1363","Pigot Pt.",NA,1
"1364","Pigott bay",NA,1
"1365","PIRATE",NA,1
"1366","Pirate Cove",NA,1
"1367","PIRATE COVE",NA,1
"1368","Plaidies",NA,1
"1369","Pleiades Islands",NA,2
"1370","poe bay",NA,2
"1371","Poe bay",NA,1
"1372","Poe Bay",NA,5
"1373","POE BAY",NA,1
"1374","Poe bay PWS",NA,1
"1375","poert nellie juan",NA,1
"1376","Point culross",NA,1
"1377","Point Elanor",NA,1
"1378","point elenor",NA,2
"1379","Point Packenham",NA,4
"1380","Point Pakenam",NA,1
"1381","Point Pakenam, College Fjord",NA,1
"1382","Point pakenham",NA,1
"1383","Point Pakenham",NA,3
"1384","Point Pakenham, college fjord",NA,2
"1385","Point Pekenham, College Fjord",NA,2
"1386","Point pigot",NA,3
"1387","POINT WELLS",NA,1
"1388","POINT WELLS/PIRATE COVE",NA,1
"1389","PORT",NA,23
"1390","Port  Valdez",NA,1
"1391","PORT CHALMERS (MONAGUE ISLAND)",NA,1
"1392","Port Etches",NA,1
"1393","Port Fidalgo",NA,2
"1394","PORT FIDALGO",466033,7
"1395","PORT FIDALGO",NA,4
"1396","Port Fidalgo Head",NA,1
"1397","PORT FIDALGO/ WHALEN BAY",NA,7
"1398","PORT GRAVINA",466031,1
"1399","PORT GRAVINA",NA,3
"1400","Port juan",NA,1
"1401","Port Nelle Juan",NA,6
"1402","PORT NELLE JUAN",NA,2
"1403","Port Nelli Juan",NA,1
"1404","Port Nellie",NA,2
"1405","port nellie jaun",NA,2
"1406","Port Nellie Jaun",NA,4
"1407","port nellie juan",NA,12
"1408","Port nellie juan",NA,1
"1409","Port Nellie juan",NA,6
"1410","Port Nellie Juan",NA,66
"1411","PORT NELLIE JUAN",NA,17
"1412","Port Nellie Juan (East finger Inlet)",NA,1
"1413","Port Nellie Juan and Deep Water Bay",NA,1
"1414","Port Nellie Juan near mink island",NA,1
"1415","Port Nellie Juan, McClure Bay",NA,1
"1416","port nellie yuan",NA,3
"1417","Port Nelliwon",NA,2
"1418","port nelly juan",NA,1
"1419","port of valdez",NA,12
"1420","port of Valdez",NA,4
"1421","Port of valdez",NA,3
"1422","Port of Valdez",NA,66
"1423","Port Of Valdez",NA,22
"1424","PORT OF VALDEZ",466100,54
"1425","PORT OF VALDEZ",NA,48
"1426","Port of Valdez (Anderson Bay)",NA,1
"1427","Port of Valdez by harbor",NA,4
"1428","PORT OF VALDEZ EAST SIDE",NA,31
"1429","Port of Valdez, PWS",NA,3
"1430","Port of Valez",NA,1
"1431","Port of Wells",NA,1
"1432","Port of Wells/Cochrane",NA,1
"1433","port valdez",NA,45
"1434","Port valdez",NA,3
"1435","Port Valdez",NA,136
"1436","PORT VALDEZ",466100,3
"1437","PORT VALDEZ",NA,107
"1438","Port Valdez @ Gold Creek",NA,2
"1439","Port Valdez Allison Point",NA,20
"1440","Port Valdez Cliff Mines",NA,1
"1441","Port Valdez off of Perkins Point",NA,1
"1442","Port Valdez Shoup Bay",NA,1
"1443","Port Valdez, off of Perkins Point",NA,1
"1444","Port Wales",NA,4
"1445","PORT Well",NA,1
"1446","Port Well - top of Ester Passage",NA,1
"1447","port wells",NA,31
"1448","Port wells",NA,17
"1449","Port Wells",NA,119
"1450","PORT Wells",NA,1
"1451","PORT WELLS",NA,85
"1452","Port Wells - top of Ester Passage",NA,1
"1453","Port Wells - Top of Ester Passage",NA,1
"1454","Port Wells / Barry Arm",NA,8
"1455","Port Wells and Bettles Bay",NA,1
"1456","Port Wells area",NA,1
"1457","port wells at esther passage",NA,2
"1458","Port Wells at Golden",NA,2
"1459","port wells bettles bay",NA,2
"1460","Port wells college fiord",NA,1
"1461","Port Wells near Culross Island",NA,1
"1462","Port Wells near Pigot",NA,6
"1463","Port Wells outside Hummer Bay",NA,5
"1464","Port Wells outside of Pigot Bay",NA,3
"1465","Port wells parkingham point",NA,2
"1466","Port Wells, by Golden",NA,1
"1467","Port Wells, east of Esther Island",NA,1
"1468","PORT WELLS, FAIRMONT PASSAGE",NA,1
"1469","PORT WELLS,PIGOT BAY, HAMMERBA",NA,1
"1470","port wells/ herrison lagoon",NA,1
"1471","PORT WELLS/BETTLES BAY",486034,1
"1472","PORT WELLS/HARRISON",NA,6
"1473","Port Wells/McClure Bay",NA,1
"1474","Portland canel",NA,1
"1475","potato",NA,1
"1476","potato 0oint",NA,1
"1477","potato point",NA,6
"1478","Potato point",NA,6
"1479","Potato Point",NA,8
"1480","POTATO POINT",466100,1
"1481","POTATO POINT",NA,4
"1482","Potato Pt",NA,1
"1483","Potatoe point",NA,1
"1484","Potatoe Point",NA,2
"1485","Pow bay",NA,3
"1486","Pow Bay",NA,1
"1487","prince of wales island",NA,1
"1488","Prince Willam",NA,1
"1489","Prince Willam Sound",NA,1
"1490","prince william sound",NA,3
"1491","prince William sound",NA,2
"1492","Prince william sound",NA,3
"1493","Prince William sound",NA,9
"1494","Prince William Sound",NA,30
"1495","PRINCE WILLIAM SOUND",NA,2
"1496","Prince William Sound (Whittier)",NA,1
"1497","Prince William Sound off Harrison Lagoon",NA,1
"1498","Prince WIlliam SOund Whittier",NA,1
"1499","Prince William Sound, Bettles Bay",NA,1
"1500","Prince William Sound, black stone bay",NA,1
"1501","Prince William Sound, Blackstone and Hobo bay",NA,1
"1502","prince william sound/whittier",NA,1
"1503","Prince William Sound/Whittier",NA,1
"1504","Prince William South",NA,1
"1505","Prince Willian Sound",NA,1
"1506","PT BLACKSTONE",NA,6
"1507","pt cochrane",NA,1
"1508","pt Cochrane",NA,1
"1509","Pt cochrane",NA,1
"1510","Pt Cochrane",NA,6
"1511","PT COCHRANE",NA,3
"1512","Pt Packenham",NA,2
"1513","PT PAKENHAM",NA,1
"1514","pt pokenham",NA,2
"1515","Pt Wells/Golden",NA,2
"1516","Pt Wells/Granite Bay",NA,1
"1517","pt. cochrane",NA,1
"1518","Pt. Cochrane",NA,8
"1519","Pt. Pigot",NA,3
"1520","Puget Bay",NA,1
"1521","pws",NA,11
"1522","Pws",NA,1
"1523","PWS",NA,48
"1524","PWS - Cullross Passage",NA,1
"1525","PWS - Pigot Bay",NA,3
"1526","PWS - Wells Passage",NA,1
"1527","PWS / Jacks Bay",NA,4
"1528","PWS entrance to Cochrane Bay area",NA,1
"1529","PWS McClure Bay",NA,1
"1530","PWS OUTSIDE SHOUP BAY",NA,1
"1531","PWS VALDEZ ARM",NA,1
"1532","quillian bay",NA,2
"1533","Quillian Bay",NA,3
"1534","QUILLIAN BAY",NA,7
"1535","Quillion",NA,1
"1536","QUILLION BAY",NA,1
"1537","RAGGED BAY",NA,1
"1538","Ragged Point",NA,2
"1539","reported on permit 179562",NA,2
"1540","reported on permit179562",NA,1
"1541","Resurrection",NA,1
"1542","resurrection bay",NA,2
"1543","Resurrection Bay",NA,1
"1544","Rocky Point",NA,1
"1545","Rocky pt.",NA,1
"1546","S CULROSS",NA,1
"1547","s culross passage",NA,1
"1548","S CULROSS PASSAGE",NA,6
"1549","S Knight Island",NA,2
"1550","S side Jonas Bay in Unakwik",NA,1
"1551","S. Culross pass",NA,1
"1552","S. Culross passage",NA,1
"1553","S. CULROSS PASSAGE",NA,3
"1554","s. disk island knight island",NA,1
"1555","S. Ester island",NA,3
"1556","S. Perry Is.",NA,1
"1557","S.E. of Bear Cape",NA,1
"1558","S.ester island",NA,1
"1559","same",NA,8
"1560","SANDY BAY",NA,1
"1561","Saw Island",NA,2
"1562","saw mill",NA,5
"1563","saw mill bay",NA,1
"1564","sawmil bay",NA,3
"1565","sawmill",NA,4
"1566","Sawmill",NA,1
"1567","sawmill bay",NA,1
"1568","Sawmill bay",NA,6
"1569","Sawmill Bay",NA,31
"1570","SAWMILL BAY",466100,1
"1571","SAWMILL BAY",NA,33
"1572","sawmill bay valdez",NA,3
"1573","Sawmill Bay/Harris arm",NA,1
"1574","Schoop bay",NA,1
"1575","Schoppe Bay",NA,4
"1576","SE of Perry Is",NA,1
"1577","se side perry island",NA,1
"1578","Sea bird rockery",NA,1
"1579","Sea Otter Lodge",NA,1
"1580","Seward",NA,1
"1581","shady cove",NA,1
"1582","Shallow Bay - Cochran",NA,1
"1583","Sheep Bay",NA,2
"1584","SHEEP BAY ENTRANCE",NA,1
"1585","Shelter Bay",NA,5
"1586","SHOESTRING",NA,3
"1587","Shoestring Bay",NA,1
"1588","Shoestring cove",NA,1
"1589","Shoop Bay",NA,4
"1590","SHOOP BAY",NA,1
"1591","Shoop Bay, Valdez",NA,1
"1592","Shoops bay",NA,1
"1593","SHOOPS BAY",NA,5
"1594","shotgun",NA,1
"1595","Shotgun",NA,2
"1596","SHOTGUN",NA,1
"1597","Shotgun bay",NA,1
"1598","SHOTGUN BAY/WHITTIER",NA,1
"1599","Shotgun clove",NA,1
"1600","Shotgun Cov",NA,1
"1601","shotgun cove",NA,19
"1602","Shotgun cove",NA,11
"1603","Shotgun Cove",NA,48
"1604","SHOTGUN COVE",NA,12
"1605","shotgun cove area",NA,2
"1606","shotgun cove outer",NA,1
"1607","Shotgun Cove PWS",NA,2
"1608","shotgun cove whittier",NA,1
"1609","shoup bay",NA,9
"1610","Shoup bay",NA,25
"1611","Shoup Bay",NA,17
"1612","SHOUP BAY",466100,6
"1613","SHOUP BAY",NA,66
"1614","Shoup Bay (west)",NA,2
"1615","Shoup bay moraine",NA,2
"1616","Shoup Bay Moraine",NA,1
"1617","shoup bay PWS",NA,6
"1618","Shoup Bay Spit, Port Valdez",NA,25
"1619","Shoup bay valdez",NA,2
"1620","Shoup bay, Valdez",NA,1
"1621","SHOUP GLACIER",NA,7
"1622","Shoup Point",NA,2
"1623","shoup spit",NA,10
"1624","Shoupe Bay",NA,2
"1625","shoups bay",NA,2
"1626","SHOUPS BAY",NA,1
"1627","shupe",NA,1
"1628","Sieah Bay",NA,2
"1629","SIMPSON",NA,2
"1630","simpson bay",NA,1
"1631","Simpson Bay",NA,12
"1632","SIMPSON BAY",456031,5
"1633","SIMPSON BAY",NA,22
"1634","SIMPSON BAY ENTRANCE",NA,1
"1635","Simpson Bay, Eastern PWS",NA,2
"1636","Siwash",NA,1
"1637","siwash bay",NA,2
"1638","Slop Point",NA,1
"1639","Slope Pt.",NA,6
"1640","snug harbor",NA,2
"1641","South Bay",NA,3
"1642","South Bay, Perry Island",NA,1
"1643","south calrose pass",NA,1
"1644","South Colross",NA,1
"1645","south coulros passage",NA,7
"1646","south cullross passage",NA,1
"1647","south culrose passage",NA,2
"1648","South Culross",NA,11
"1649","SOUTH CULROSS",486031,1
"1650","SOUTH CULROSS",NA,2
"1651","South Culross island",NA,3
"1652","south culross pass",NA,4
"1653","South Culross Pass",NA,1
"1654","SOUTH CULROSS PASS",NA,3
"1655","south culross passage",NA,1
"1656","South Culross Passage",NA,6
"1657","SOUTH CULROSS PASSAGE",NA,1
"1658","south culross passage (pots robbed)",NA,1
"1659","South Culross, Near Picturesque Cove",NA,1
"1660","SOUTH END COCHRANE BAY",NA,3
"1661","South End Knight Island",NA,1
"1662","south end of culross pass",NA,6
"1663","South end of Culross Passage",NA,1
"1664","South end of Esther Island",NA,2
"1665","South End of Jacks Bay",NA,3
"1666","south end olsen island",NA,1
"1667","South Esther Island",NA,3
"1668","South Mew Cove",NA,1
"1669","south of billings glacier",NA,1
"1670","south of Granite bay",NA,1
"1671","SOUTH OF HUMMER BAY",NA,1
"1672","South of potato point",NA,1
"1673","South of shoup bay",NA,2
"1674","SOUTH PERRY ISLAND",NA,1
"1675","South side ester island by the cannery entrance",NA,1
"1676","south side of ester island near lake bay",NA,2
"1677","South side of Olsen Island/bottom of Unakwik",NA,1
"1678","South tip of squire Island",NA,2
"1679","Southwest Blackstone",NA,1
"1680","squaw bay",NA,1
"1681","Squaw Bay",NA,13
"1682","SQUAW BAY",476033,1
"1683","SQUAW BAY",NA,2
"1684","Squaw Bay (Octupus in 2 Pots)",NA,1
"1685","Squire island",NA,3
"1686","Squire Island",NA,4
"1687","Squire Island Long Channel",NA,1
"1688","Squire Island, S end",NA,1
"1689","Squire Island. Long Channel",NA,1
"1690","Squire Point off of Knight Island",NA,4
"1691","Squireisland",NA,1
"1692","SQUIRELL COVE",NA,1
"1693","SQUIRREL BAY",NA,1
"1694","squirrel cove",NA,1
"1695","Squirrel Cove",NA,1
"1696","squirrel cove area",NA,1
"1697","Squirrel Cove area",NA,1
"1698","squirrel point",NA,1
"1699","SQUIRREL POINT",NA,1
"1700","Squirrel Point - Passage Canal",NA,3
"1701","Squirrel Point PWS",NA,1
"1702","Squirrel pt",NA,2
"1703","St. Matthews Bay",NA,1
"1704","Storey Island",NA,1
"1705","Suprise",NA,2
"1706","suprise cove",NA,2
"1707","Suprise cove",NA,1
"1708","Suprise Cove",NA,11
"1709","SUPRISE COVE",NA,3
"1710","SURPRISE",NA,5
"1711","surprise cove",NA,10
"1712","Surprise cove",NA,3
"1713","Surprise Cove",NA,10
"1714","SURPRISE COVE",NA,12
"1715","Surprise Cove Cochran",NA,1
"1716","Surprise Cove Cochran Bay",NA,2
"1717","Surprise Cove Entrance",NA,8
"1718","Surprise Cover",NA,1
"1719","SWANSON BAY",486001,1
"1720","TEBENHOF",NA,1
"1721","TEBENKOF",NA,1
"1722","tebenkoff glacier",NA,1
"1723","terminal moraine on barry arm",NA,1
"1724","TEST by Brittany",NA,1
"1725","THE NARROWS",NA,1
"1726","Thorne Bay",NA,3
"1727","Thorne Bay, Prince of whales island",NA,1
"1728","Three Finger Cove",NA,4
"1729","Three Fingers Cove",NA,1
"1730","Three fingers, Cochran Bay",NA,1
"1731","Thumb Bay",NA,1
"1732","Tolstoi Bay",NA,2
"1733","TONGUE POINT",NA,13
"1734","tongue pt.",NA,1
"1735","top of culross island",NA,3
"1736","Top of Culross Passage",NA,1
"1737","trinity point",NA,2
"1738","trinity Point",NA,2
"1739","Trinity point",NA,1
"1740","Trinity Point",NA,8
"1741","TrinityPoint",NA,3
"1742","Trinty Point",NA,1
"1743","Two Moon Bay",NA,1
"1744","UNAKIK BAY",NA,1
"1745","unakwek",NA,4
"1746","unakwick",NA,1
"1747","Unakwick",NA,8
"1748","Unakwick Bay",NA,3
"1749","UNAKWICK BAY",NA,7
"1750","Unakwick, Miner's Bay",NA,4
"1751","unakwik",NA,13
"1752","Unakwik",NA,113
"1753","UNAKWIK",476036,7
"1754","UNAKWIK",NA,42
"1755","Unakwik Bay",NA,19
"1756","UNAKWIK BAY",NA,24
"1757","UNAKWIK HARBOR",NA,1
"1758","Unakwik inlet",NA,3
"1759","Unakwik Inlet",NA,95
"1760","UNAKWIK INLET",NA,5
"1761","Unakwik Inlet (near Johna Bay)",NA,1
"1762","unakwik inlet half mile north meuller cove",NA,2
"1763","UNAKWIK NEAR OLSEN",NA,5
"1764","Unakwik point",NA,1
"1765","Unakwik Point",NA,7
"1766","Unakwik Point /Unakwik Bay",NA,1
"1767","Unakwik Point/ Unakwik Bay",NA,1
"1768","unakwik pt",NA,1
"1769","UNAKWIK PT",NA,1
"1770","UNAKWIK REEF",NA,1
"1771","UNAKWIK SE",NA,1
"1772","unakwik, mcclure",NA,1
"1773","UNAKWIK, N. OF MORAINE",NA,1
"1774","UNAKWIK, N. OF MUELLER BAY",NA,1
"1775","Unaquik",NA,5
"1776","Unaquik bay",NA,1
"1777","Unaquik Inlet",NA,5
"1778","Unaqwik",NA,2
"1779","Unavailable Bay",NA,1
"1780","Unikwik",NA,3
"1781","UNKAWIK",NA,1
"1782","Unkawik Inlet",NA,1
"1783","UNKNOWN",NA,1
"1784","unnamed bay",NA,1
"1785","Upper Cullross Pass",NA,2
"1786","Upper Herring Bay",NA,1
"1787","UPPER HERRING BAY",NA,1
"1788","upper passage",NA,3
"1789","UPPER PASSAGE, ELEANOR ISLAND",NA,1
"1790","Upper Passage, Knight Island",NA,1
"1791","valdez",NA,1
"1792","Valdez",NA,38
"1793","VALDEZ",466100,4
"1794","VALDEZ",NA,1
"1795","Valdez - Jack's Bay",NA,2
"1796","Valdez - Shoup's Bay",NA,1
"1797","Valdez AK",NA,1
"1798","valdez arm",NA,15
"1799","Valdez arm",NA,3
"1800","Valdez Arm",NA,62
"1801","VALDEZ ARM",466033,17
"1802","VALDEZ ARM",466100,6
"1803","VALDEZ ARM",NA,19
"1804","Valdez Arm Entrance Island",NA,1
"1805","Valdez Arm NE of Sawmill Bay",NA,2
"1806","valdez arm saw mill bay",NA,1
"1807","Valdez arm, off bligh island",NA,1
"1808","Valdez Bay",NA,31
"1809","VALDEZ BAY",NA,61
"1810","Valdez Bay / Gold Creek",NA,8
"1811","Valdez Harbor",NA,30
"1812","VALDEZ HARBOR",NA,1
"1813","VALDEZ JACK BAY",NA,3
"1814","Valdez Jacks Bay",NA,4
"1815","Valdez Narros",NA,1
"1816","valdez narrows",NA,27
"1817","valdez Narrows",NA,1
"1818","Valdez narrows",NA,36
"1819","Valdez Narrows",NA,156
"1820","VALDEZ NARROWS",466100,1
"1821","VALDEZ NARROWS",NA,50
"1822","Valdez Narrows - east",NA,1
"1823","Valdez narrows - west",NA,1
"1824","Valdez Narrows - west",NA,1
"1825","Valdez narrows / west of Shoup Bay",NA,1
"1826","Valdez narrows on the right heading out",NA,1
"1827","Valdez Narrows South West entrance",NA,1
"1828","Valdez Narrows, along falls SW of Shoup Bay",NA,13
"1829","Valdez port",NA,1
"1830","Valdez port Anderson Bay",NA,1
"1831","Valdez PWS Narrows",NA,2
"1832","valdez, mile from harbor",NA,1
"1833","Valdez/Gold Camp",NA,1
"1834","VALDEZZ ARM",NA,1
"1835","valdfez narrows",NA,1
"1836","vdz",NA,17
"1837","VERDAT ISLAND",NA,1
"1838","W end of Fairmount Is.",NA,1
"1839","W Port Valdez",NA,3
"1840","W side Knight Island",NA,1
"1841","W SIDE PERRY ISLAND",NA,2
"1842","W. Cocron",NA,1
"1843","W. OF MINK ISLAND",NA,1
"1844","W. Perrry Island",NA,1
"1845","W. Perry Island",NA,1
"1846","W. Twin Bay Perry Island",NA,1
"1847","Wales passage",NA,1
"1848","Water fall Green bouy",NA,2
"1849","water falls north of middle rock",NA,1
"1850","Water Rock",NA,2
"1851","Waterfalls across from Whittier harbor",NA,1
"1852","Welles Passage",NA,1
"1853","wells",NA,1
"1854","Wells",NA,15
"1855","WELLS",NA,5
"1856","WELLS & CEDAR",NA,1
"1857","wells bay",NA,15
"1858","wells Bay",NA,1
"1859","Wells bay",NA,20
"1860","Wells Bay",NA,121
"1861","WELLS BAY",476036,5
"1862","WELLS BAY",NA,59
"1863","Wells Bay & Disk Island",NA,1
"1864","wells bay (granite)",NA,1
"1865","wells bay (Hummer)",NA,1
"1866","Wells Bay and Granite Bay",NA,1
"1867","wells bay esther passage",NA,1
"1868","Wells Bay Granite Bay",NA,1
"1869","wells bay, esther passage",NA,1
"1870","Wells Bay/Inakwik Inlet",NA,1
"1871","wells bay/south bay perry island",NA,1
"1872","WELLS PASS, W THIN BAY",NA,1
"1873","WELLS PASS,N PERRY IS",NA,1
"1874","wells passage",NA,5
"1875","Wells passage",NA,4
"1876","Wells Passage",NA,35
"1877","WELLS PASSAGE",NA,18
"1878","Wells Passage  Bettles bay",NA,6
"1879","Wells Passage / Ester Island",NA,1
"1880","Wells Passage/ Ester Rock",NA,2
"1881","WELLS PORT",NA,2
"1882","west arm",NA,2
"1883","WEST ARM PERRY",NA,1
"1884","West Arm Whale  Bay",NA,1
"1885","West Arm Whale Bay",NA,1
"1886","WEST BAY, PORT NELLIE JUAN",NA,1
"1887","West Culross Island",NA,1
"1888","west finger inlet",NA,1
"1889","West Finger Inlet",NA,1
"1890","West Finger, Port Nellie Juan",NA,1
"1891","WEST FIOGA BAY-PORT NELLIE JUA",NA,1
"1892","West Flank Island",NA,2
"1893","West ingot elenor",NA,1
"1894","WEST IWEN BAY, PERRY ISLAND",NA,1
"1895","West of Harbor before Shoup Bay",NA,1
"1896","west of middle rock",NA,1
"1897","West of Poe Bay",NA,1
"1898","West of Pt. Elenore",NA,1
"1899","WEST PERRY",NA,1
"1900","West port wells",NA,3
"1901","west side Cochran Bay",NA,1
"1902","west side culross island",NA,1
"1903","west side customs island",NA,1
"1904","West Side Montague",NA,2
"1905","West side perry island",NA,1
"1906","West Side Perry Island",NA,2
"1907","WEST TWIN",NA,7
"1908","west twin bay",NA,3
"1909","West twin bay",NA,1
"1910","West Twin Bay",NA,7
"1911","WEST TWIN BAY",NA,7
"1912","West Twin Bay Perry Island",NA,1
"1913","West Twin Bay, Perrry Island",NA,1
"1914","West Twin Bay, Perry Island",NA,5
"1915","WEST TWIN BAY, PERRY ISLAND",NA,1
"1916","west twin perry island",NA,3
"1917","WEST TWIN PERRY ISLAND",NA,1
"1918","West Twn Bay",NA,1
"1919","whale bay",NA,1
"1920","Whale bay",NA,4
"1921","Whale Bay",NA,20
"1922","WHALE BAY",486005,6
"1923","WHALE BAY",NA,8
"1924","Whale Bay, Prince William Sound",NA,1
"1925","WHALEN BAY",NA,6
"1926","while bay",NA,1
"1927","Whitier",NA,1
"1928","whitter",NA,1
"1929","Whitter",NA,4
"1930","Whitter Prince William Sound",NA,1
"1931","whittier",NA,5
"1932","Whittier",NA,34
"1933","WHITTIER",486033,4
"1934","WHITTIER",NA,25
"1935","Whittier alaska",NA,1
"1936","Whittier Bay",NA,1
"1937","WHITTIER BAY",NA,5
"1938","Whittier bird rookery",NA,1
"1939","WHITTIER CANAL",NA,1
"1940","whittier harbor",NA,1
"1941","Whittier harbor",NA,1
"1942","Whittier Harbor",NA,4
"1943","WHITTIER HARBOR FALLS",NA,3
"1944","Whittier main bay",NA,1
"1945","WHITTIER NARROWS",NA,11
"1946","Whittier passage canal",NA,4
"1947","Whittier, AK",NA,1
"1948","Whittier, Blackstone Bay",NA,2
"1949","Whittier/ McLure Bay",NA,1
"1950","Whittier/Bird Rookery",NA,1
"1951","Willard Is. Blackstone Bay",NA,1
"1952","Windy Bay",NA,1
"1953","Wittier",NA,1
"1954","Wittier Harbor",NA,1
"1955","YAKUTAT BAY",NA,2
"1956","Yale Bay",NA,1
"1957","Zackoff",NA,1
"1958","ZAIKOF BAY",NA,1
"1959","Ziegler Cove",NA,4
"1960","ZIEGLER COVE",NA,4
"1961","ZIEGLERE COVE",NA,1
"1962","ZOAN PASSAGE",NA,1
