"","city","permits_issued","permits_returned","permits_not_returned","permits_fished","no_return_but_fished","fishery","red","king","coho","pink","chum","flounder","exp_reds","exp_kings","exp_coho","exp_pink","exp_chum","exp_flounder"
"1","",624,624,0,533,0,"FISH CREEK",364,0,17,19,7,0,364,0,17,19,7,0
"2","",624,624,0,533,0,"KASILOF DIPNET",3570,0,32,169,32,39,3570,0,32,169,32,39
"3","",624,624,0,533,0,"KASILOF GILLNET",364,3,0,1,4,0,364,3,0,1,4,0
"4","",624,624,0,533,0,"KENAI",5747,0,24,392,30,66,5747,0,24,392,30,66
"5","",624,624,0,533,0,"UNKNOWN",61,0,1,4,0,1,61,0,1,4,0,1
"6","1521 S. CUSHMAN NO. 242",1,1,0,0,0,0,0,0,0,0,0,0,0,0,0,0,0,0
"7","AK",1,1,0,1,0,"KASILOF GILLNET",46,2,0,0,0,0,46,2,0,0,0,0
"8","ALAKANUK",1,0,1,0,0.68,0,0,0,0,0,0,0,0,0,0,0,0,0
"9","ALAMOGORDO",1,1,0,1,0,"KENAI",75,0,0,0,0,0,75,0,0,0,0,0
"10","AMBLER",3,1,2,1,1.37,"KENAI",20,0,0,0,0,0,47,0,0,0,0,0
"11","ANAKTUVUK PASS",3,2,1,1,0.68,"KASILOF DIPNET",5,0,0,0,0,0,8,0,0,0,0,0
"12","ANCHOR POINT",149,124,25,88,17.11,"FISH CREEK",0,0,0,0,0,0,0,0,0,0,0,0
"13","ANCHOR POINT",149,124,25,88,17.11,"KASILOF DIPNET",710,0,4,15,4,8,848,0,5,18,5,9.55545454545454
"14","ANCHOR POINT",149,124,25,88,17.11,"KASILOF GILLNET",106,0,0,3,0,0,127,0,0,4,0,0
"15","ANCHOR POINT",149,124,25,88,17.11,"KENAI",472,0,2,14,0,18,564,0,2,17,0,21.4997727272727
"16","ANCHOR POINT",149,124,25,88,17.11,"UNKNOWN",40,0,0,0,0,0,48,0,0,0,0,0
"17","ANCHORAGE",10610,7898,2712,6277,1856.53,"FISH CREEK",2450,0,206,67,22,1,3175,0,267,87,29,1.29576708618767
"18","ANCHORAGE",10610,7898,2712,6277,1856.53,"KASILOF DIPNET",34072,5,264,1369,161,290,44149,6,342,1774,209,375.772454994424
"19","ANCHORAGE",10610,7898,2712,6277,1856.53,"KASILOF GILLNET",3727,31,0,2,0,26,4829,40,0,3,0,33.6899442408794
"20","ANCHORAGE",10610,7898,2712,6277,1856.53,"KENAI",61026,1,174,3862,185,808,79075,1,225,5004,240,1046.97980563964
"21","ANCHORAGE",10610,7898,2712,6277,1856.53,"UNKNOWN",845,2,13,52,1,8,1095,3,17,67,1,10.3661366895014
"22","ANCHORAGE AK",1,0,1,0,0.68,0,0,0,0,0,0,0,0,0,0,0,0,0
"23","ANDERSON",1,1,0,1,0,"KENAI",28,0,0,0,0,0,28,0,0,0,0,0
"24","ANGOON",1,0,1,0,0.68,0,0,0,0,0,0,0,0,0,0,0,0,0
"25","ANIAK",1,0,1,0,0.68,0,0,0,0,0,0,0,0,0,0,0,0,0
"26","ARCTIC VILLAGE",2,2,0,2,0,"KENAI",23,0,0,0,0,0,23,0,0,0,0,0
"27","ATQASUK",2,1,1,1,0.68,"KENAI",8,0,0,1,0,0,13,0,0,2,0,0
"28","AUKE BAY",1,1,0,1,0,"KENAI",31,0,0,0,0,0,31,0,0,0,0,0
"29","AURORA",1,1,0,1,0,"KASILOF DIPNET",0,0,0,0,0,0,0,0,0,0,0,0
"30","BARROW",41,21,20,18,13.69,"KASILOF DIPNET",77,0,0,0,0,0,136,0,0,0,0,0
"31","BARROW",41,21,20,18,13.69,"KASILOF GILLNET",15,0,0,0,0,0,26,0,0,0,0,0
"32","BARROW",41,21,20,18,13.69,"KENAI",320,0,2,12,1,0,563,0,4,21,2,0
"33","BETHEL",13,6,7,4,4.79,"KASILOF DIPNET",2,0,0,0,0,0,4,0,0,0,0,0
"34","BETHEL",13,6,7,4,4.79,"KENAI",63,0,0,4,0,0,138,0,0,9,0,0
"35","BIG LAKE",143,119,24,84,16.43,"FISH CREEK",310,0,27,2,1,0,371,0,32,2,1,0
"36","BIG LAKE",143,119,24,84,16.43,"KASILOF DIPNET",349,0,0,7,0,4,417,0,0,8,0,4.78238095238095
"37","BIG LAKE",143,119,24,84,16.43,"KASILOF GILLNET",119,0,0,0,0,0,142,0,0,0,0,0
"38","BIG LAKE",143,119,24,84,16.43,"KENAI",712,0,0,32,0,14,851,0,0,38,0,16.7383333333333
"39","BIG LAKE",143,119,24,84,16.43,"UNKNOWN",10,0,0,3,1,0,12,0,0,4,1,0
"40","BIRD CREEK",2,1,1,1,0.68,"KASILOF DIPNET",2,0,0,0,0,0,3,0,0,0,0,0
"41","CANTWELL",2,2,0,0,0,0,0,0,0,0,0,0,0,0,0,0,0,0
"42","CHANDLER",1,0,1,0,0.68,0,0,0,0,0,0,0,0,0,0,0,0,0
"43","CHEFORNAK",1,0,1,0,0.68,0,0,0,0,0,0,0,0,0,0,0,0,0
"44","CHENEGA BAY",1,0,1,0,0.68,0,0,0,0,0,0,0,0,0,0,0,0,0
"45","CHERRY HILL",1,1,0,1,0,"KASILOF DIPNET",28,0,0,0,0,0,28,0,0,0,0,0
"46","CHESTERLAND",1,1,0,1,0,"KENAI",2,0,1,0,0,0,2,0,1,0,0,0
"47","CHEVAK",1,0,1,0,0.68,0,0,0,0,0,0,0,0,0,0,0,0,0
"48","CHICKALOON",10,6,4,5,2.74,"FISH CREEK",22,0,0,0,0,0,34,0,0,0,0,0
"49","CHICKALOON",10,6,4,5,2.74,"KENAI",75,0,0,0,0,0,116,0,0,0,0,0
"50","CHICKEN",1,0,1,0,0.68,0,0,0,0,0,0,0,0,0,0,0,0,0
"51","CHIGNIK",2,1,1,1,0.68,"KENAI",43,0,0,7,0,0,72,0,0,12,0,0
"52","CHIGNIK LAGOON",1,1,0,1,0,"KASILOF DIPNET",0,0,0,0,0,0,0,0,0,0,0,0
"53","CHINIAK",1,1,0,0,0,0,0,0,0,0,0,0,0,0,0,0,0,0
"54","CHUGIAK",494,406,88,345,60.24,"FISH CREEK",435,0,37,3,0,0,511,0,43,4,0,0
"55","CHUGIAK",494,406,88,345,60.24,"KASILOF DIPNET",1875,0,11,68,2,11,2202,0,13,80,2,12.9206956521739
"56","CHUGIAK",494,406,88,345,60.24,"KASILOF GILLNET",86,1,0,0,0,5,101,1,0,0,0,5.87304347826087
"57","CHUGIAK",494,406,88,345,60.24,"KENAI",3808,0,14,166,1,50,4473,0,16,195,1,58.7304347826087
"58","CHUGIAK",494,406,88,345,60.24,"UNKNOWN",43,0,0,2,0,0,51,0,0,2,0,0
"59","CLAM GULCH",35,30,5,16,3.42,"KASILOF DIPNET",113,0,8,14,1,0,137,0,10,17,1,0
"60","CLAM GULCH",35,30,5,16,3.42,"KASILOF GILLNET",101,0,0,0,0,0,123,0,0,0,0,0
"61","CLAM GULCH",35,30,5,16,3.42,"KENAI",60,0,1,4,0,0,73,0,1,5,0,0
"62","CLEAR",3,1,2,1,1.37,"KASILOF DIPNET",2,0,0,0,0,0,5,0,0,0,0,0
"63","CLEAR",3,1,2,1,1.37,"KENAI",17,0,0,0,0,0,40,0,0,0,0,0
"64","COOPER LANDING",13,12,1,7,0.68,"KASILOF DIPNET",21,0,0,5,0,0,23,0,0,5,0,0
"65","COOPER LANDING",13,12,1,7,0.68,"KENAI",30,0,3,6,0,0,33,0,3,7,0,0
"66","COPPER CENTER",5,5,0,5,0,"KASILOF DIPNET",6,0,0,0,0,0,6,0,0,0,0,0
"67","COPPER CENTER",5,5,0,5,0,"KENAI",57,0,0,0,0,5,57,0,0,0,0,5
"68","CORDOVA",2,1,1,0,0.68,0,0,0,0,0,0,0,0,0,0,0,0,0
"69","COVINGTON",1,1,0,1,0,"KENAI",0,0,0,0,0,0,0,0,0,0,0,0
"70","CRAIG",1,1,0,0,0,0,0,0,0,0,0,0,0,0,0,0,0,0
"71","DALLAS",1,0,1,0,0.68,0,0,0,0,0,0,0,0,0,0,0,0,0
"72","DEERING",1,1,0,1,0,"KASILOF DIPNET",29,0,0,0,0,0,29,0,0,0,0,0
"73","DELTA JCT",1,1,0,1,0,"KENAI",1,0,0,0,0,0,1,0,0,0,0,0
"74","DELTA JUNCTION",42,36,6,28,4.11,"FISH CREEK",12,0,0,0,0,0,14,0,0,0,0,0
"75","DELTA JUNCTION",42,36,6,28,4.11,"KASILOF DIPNET",52,0,0,0,0,0,60,0,0,0,0,0
"76","DELTA JUNCTION",42,36,6,28,4.11,"KENAI",373,0,5,22,0,14,428,0,6,25,0,16.055
"77","DELTA JUNCTION",42,36,6,28,4.11,"UNKNOWN",67,0,0,10,0,0,77,0,0,11,0,0
"78","DENALI PARK",23,22,1,14,0.68,"KASILOF DIPNET",164,0,1,0,0,1,172,0,1,0,0,1.04857142857143
"79","DENALI PARK",23,22,1,14,0.68,"KENAI",118,0,0,5,0,0,124,0,0,5,0,0
"80","DIVIDE",1,1,0,1,0,"KENAI",18,0,0,0,0,0,18,0,0,0,0,0
"81","DOUGLAS",4,2,2,2,1.37,"KASILOF DIPNET",20,0,0,0,0,0,34,0,0,0,0,0
"82","DOUGLAS",4,2,2,2,1.37,"UNKNOWN",0,0,0,0,0,0,0,0,0,0,0,0
"83","DUNCANVILLE",1,1,0,1,0,"FISH CREEK",25,0,10,0,0,0,25,0,10,0,0,0
"84","EAGLE",2,2,0,1,0,"KASILOF GILLNET",14,0,0,0,0,0,14,0,0,0,0,0
"85","EAGLE RIVER",1473,1231,242,1011,165.66,"FISH CREEK",567,0,82,46,4,0,660,0,95,54,5,0
"86","EAGLE RIVER",1473,1231,242,1011,165.66,"KASILOF DIPNET",3949,0,48,106,18,27,4596,0,56,123,21,31.4241543026706
"87","EAGLE RIVER",1473,1231,242,1011,165.66,"KASILOF GILLNET",143,4,0,0,0,0,166,5,0,0,0,0
"88","EAGLE RIVER",1473,1231,242,1011,165.66,"KENAI",11067,0,17,584,15,118,12880,0,20,680,17,137.335192878338
"89","EAGLE RIVER",1473,1231,242,1011,165.66,"UNKNOWN",121,0,0,11,0,0,141,0,0,13,0,0
"90","EDWARDS",2,2,0,1,0,"KENAI",6,0,0,0,0,0,6,0,0,0,0,0
"91","EIELSON AFB",11,11,0,11,0,"KASILOF DIPNET",95,0,0,0,0,0,95,0,0,0,0,0
"92","EIELSON AFB",11,11,0,11,0,"KENAI",97,0,0,23,0,3,97,0,0,23,0,3
"93","ELMENDORF AFB",2,1,1,1,0.68,"KENAI",13,0,0,0,0,0,22,0,0,0,0,0
"94","ESTER",8,5,3,4,2.05,"FISH CREEK",30,0,2,1,0,0,45,0,3,2,0,0
"95","ESTER",8,5,3,4,2.05,"KENAI",15,0,0,10,0,0,23,0,0,15,0,0
"96","FAIRBANKS",411,334,77,264,52.71,"FISH CREEK",49,0,2,1,0,0,59,0,2,1,0,0
"97","FAIRBANKS",411,334,77,264,52.71,"KASILOF DIPNET",1421,0,7,33,1,7,1705,0,8,40,1,8.39761363636364
"98","FAIRBANKS",411,334,77,264,52.71,"KASILOF GILLNET",209,1,0,1,0,10,251,1,0,1,0,11.9965909090909
"99","FAIRBANKS",411,334,77,264,52.71,"KENAI",2872,1,0,192,3,31,3445,1,0,230,4,37.1894318181818
"100","FAIRBANKS",411,334,77,264,52.71,"UNKNOWN",15,0,1,1,0,0,18,0,1,1,0,0
"101","FAIRFAX",1,1,0,1,0,"KENAI",20,0,0,0,0,0,20,0,0,0,0,0
"102","FAIRFIELD",1,1,0,1,0,"KASILOF DIPNET",19,0,0,0,0,0,19,0,0,0,0,0
"103","FALLS CHURCH",1,1,0,1,0,"KASILOF DIPNET",36,0,0,0,0,0,36,0,0,0,0,0
"104","FALLS CHURCH",1,1,0,1,0,"KENAI",14,0,0,2,0,0,14,0,0,2,0,0
"105","FAYETTEVILLE",1,1,0,1,0,"KENAI",15,0,0,0,0,0,15,0,0,0,0,0
"106","FORT BRAGG",1,1,0,1,0,"KENAI",2,0,0,0,0,3,2,0,0,0,0,3
"107","FORT CAMPBELL",1,1,0,1,0,"KENAI",30,0,0,0,0,0,30,0,0,0,0,0
"108","FORT GREELY",3,1,2,1,1.37,"KENAI",14,0,0,0,0,0,33,0,0,0,0,0
"109","FORT HOOD",1,0,1,0,0.68,0,0,0,0,0,0,0,0,0,0,0,0,0
"110","FORT LEAVENWORTH",1,0,1,0,0.68,0,0,0,0,0,0,0,0,0,0,0,0,0
"111","FORT RICHARDSON",2,2,0,1,0,"KASILOF DIPNET",6,0,0,0,0,3,6,0,0,0,0,3
"112","FORT WAINWRIGHT",14,14,0,11,0,"KASILOF DIPNET",28,0,0,0,0,0,28,0,0,0,0,0
"113","FORT WAINWRIGHT",14,14,0,11,0,"KENAI",124,0,2,29,0,12,124,0,2,29,0,12
"114","FRITZ CREEK",22,19,3,15,2.05,"KASILOF DIPNET",123,0,0,0,1,0,140,0,0,0,1,0
"115","FRITZ CREEK",22,19,3,15,2.05,"KENAI",78,0,0,5,0,0,89,0,0,6,0,0
"116","FRITZ CREEK",22,19,3,15,2.05,"UNKNOWN",7,0,0,0,0,0,8,0,0,0,0,0
"117","FT RICHARDSON",1,1,0,1,0,"KENAI",2,0,0,1,0,0,2,0,0,1,0,0
"118","FT WAINWRIGHT",2,2,0,2,0,"KENAI",12,0,0,0,0,0,12,0,0,0,0,0
"119","GAKONA",1,1,0,0,0,0,0,0,0,0,0,0,0,0,0,0,0,0
"120","GALENA",3,2,1,1,0.68,"KENAI",37,0,0,0,0,0,62,0,0,0,0,0
"121","GAMBELL",2,0,2,0,1.37,0,0,0,0,0,0,0,0,0,0,0,0,0
"122","GIRDWOD",1,1,0,1,0,"KASILOF DIPNET",6,0,0,0,0,0,6,0,0,0,0,0
"123","GIRDWOOD",177,149,28,120,19.17,"FISH CREEK",16,0,0,0,0,0,19,0,0,0,0,0
"124","GIRDWOOD",177,149,28,120,19.17,"KASILOF DIPNET",845,0,12,15,8,7,980,0,14,17,9,8.11825
"125","GIRDWOOD",177,149,28,120,19.17,"KASILOF GILLNET",62,1,0,0,0,0,72,1,0,0,0,0
"126","GIRDWOOD",177,149,28,120,19.17,"KENAI",872,0,1,43,0,7,1011,0,1,50,0,8.11825
"127","GIRDWOOD",177,149,28,120,19.17,"UNKNOWN",8,2,0,0,0,0,9,2,0,0,0,0
"128","GLEN RIDGE",1,1,0,1,0,"KENAI",4,0,0,0,0,0,4,0,0,0,0,0
"129","GLENNALLEN",5,3,2,1,1.37,"KENAI",33,0,0,0,0,0,78,0,0,0,0,0
"130","HAINES",2,1,1,1,0.68,"KASILOF DIPNET",2,0,0,0,0,0,3,0,0,0,0,0
"131","HAMPTON",1,1,0,0,0,0,0,0,0,0,0,0,0,0,0,0,0,0
"132","HANSCOM AFB",1,1,0,1,0,"KENAI",13,0,0,0,0,1,13,0,0,0,0,1
"133","HEALY",25,21,4,17,2.74,"KENAI",240,0,0,29,0,3,279,0,0,34,0,3.48352941176471
"134","HENDERSONVILLE",1,1,0,1,0,"KASILOF DIPNET",26,0,0,0,0,0,26,0,0,0,0,0
"135","HENDERSONVILLE",1,1,0,1,0,"KENAI",20,0,0,0,0,0,20,0,0,0,0,0
"136","HILL AFB",1,1,0,0,0,0,0,0,0,0,0,0,0,0,0,0,0,0
"137","HOMER",436,371,65,269,44.5,"FISH CREEK",7,0,1,0,0,0,8,0,1,0,0,0
"138","HOMER",436,371,65,269,44.5,"KASILOF DIPNET",1836,0,2,24,1,8,2140,0,2,28,1,9.32342007434944
"139","HOMER",436,371,65,269,44.5,"KASILOF GILLNET",533,2,0,0,1,2,621,2,0,0,1,2.33085501858736
"140","HOMER",436,371,65,269,44.5,"KENAI",1807,0,13,66,1,13,2106,0,15,77,1,15.1505576208178
"141","HOMER",436,371,65,269,44.5,"UNKNOWN",61,0,0,14,0,0,71,0,0,16,0,0
"142","HOONAH",1,1,0,1,0,"KENAI",35,0,0,0,0,0,35,0,0,0,0,0
"143","HOOPER BAY",1,1,0,1,0,"KASILOF DIPNET",27,0,0,0,0,0,27,0,0,0,0,0
"144","HOPE",6,5,1,2,0.68,"KASILOF DIPNET",25,0,0,0,0,0,34,0,0,0,0,0
"145","HOPE",6,5,1,2,0.68,"KENAI",20,0,0,0,0,0,27,0,0,0,0,0
"146","HOPE MILLS",1,1,0,1,0,"KASILOF DIPNET",22,0,0,0,0,0,22,0,0,0,0,0
"147","HOUMA",1,1,0,0,0,0,0,0,0,0,0,0,0,0,0,0,0,0
"148","HOUSTON",22,20,2,15,1.37,"FISH CREEK",4,0,0,0,0,0,4,0,0,0,0,0
"149","HOUSTON",22,20,2,15,1.37,"KASILOF DIPNET",102,0,0,2,0,0,111,0,0,2,0,0
"150","HOUSTON",22,20,2,15,1.37,"KASILOF GILLNET",67,0,0,0,0,0,73,0,0,0,0,0
"151","HOUSTON",22,20,2,15,1.37,"KENAI",152,0,0,2,5,0,166,0,0,2,5,0
"152","HUSLIA",1,0,1,0,0.68,0,0,0,0,0,0,0,0,0,0,0,0,0
"153","HYDABURG",1,1,0,1,0,"KASILOF DIPNET",25,0,0,0,0,0,25,0,0,0,0,0
"154","IMPERIAL BEACH",1,1,0,1,0,"KENAI",0,0,0,0,0,0,0,0,0,0,0,0
"155","INDIAN",15,12,3,9,2.05,"KASILOF DIPNET",92,0,0,0,0,0,113,0,0,0,0,0
"156","INDIAN",15,12,3,9,2.05,"KASILOF GILLNET",24,0,2,0,0,0,29,0,2,0,0,0
"157","INDIAN",15,12,3,9,2.05,"KENAI",98,0,0,0,0,0,120,0,0,0,0,0
"158","JBER",198,141,57,121,39.02,"FISH CREEK",68,0,1,4,0,0,90,0,1,5,0,0
"159","JBER",198,141,57,121,39.02,"KASILOF DIPNET",576,0,1,7,2,13,762,0,1,9,3,17.1922314049587
"160","JBER",198,141,57,121,39.02,"KENAI",785,0,5,44,0,21,1038,0,7,58,0,27.7720661157025
"161","JOINT BASE ELMENDORF RICHARDS",1,1,0,0,0,0,0,0,0,0,0,0,0,0,0,0,0,0
"162","JUNEAU",40,28,12,24,8.21,"FISH CREEK",0,0,0,0,0,0,0,0,0,0,0,0
"163","JUNEAU",40,28,12,24,8.21,"KASILOF DIPNET",97,0,0,0,0,2,130,0,0,0,0,2.68416666666667
"164","JUNEAU",40,28,12,24,8.21,"KENAI",332,0,0,12,0,10,446,0,0,16,0,13.4208333333333
"165","KAKE",1,1,0,1,0,"KASILOF DIPNET",33,0,0,0,0,0,33,0,0,0,0,0
"166","KALAMA",1,1,0,1,0,"KENAI",1,0,0,0,0,0,1,0,0,0,0,0
"167","KALSKAG",1,1,0,1,0,"KENAI",16,0,0,1,0,0,16,0,0,1,0,0
"168","KAPOLEI",1,1,0,1,0,"KASILOF DIPNET",36,0,0,12,0,3,36,0,0,12,0,3
"169","KASILOF",383,323,60,246,41.07,"KASILOF DIPNET",1854,0,25,98,2,13,2164,0,29,114,2,15.1703658536585
"170","KASILOF",383,323,60,246,41.07,"KASILOF GILLNET",1629,11,0,1,0,10,1901,13,0,1,0,11.669512195122
"171","KASILOF",383,323,60,246,41.07,"KENAI",836,0,1,43,0,9,976,0,1,50,0,10.5025609756098
"172","KASILOF",383,323,60,246,41.07,"UNKNOWN",41,1,0,0,0,1,48,1,0,0,0,1.1669512195122
"173","KENAI",1154,912,242,694,165.66,"KASILOF DIPNET",1596,0,36,71,0,8,1977,0,45,88,0,9.90962536023055
"174","KENAI",1154,912,242,694,165.66,"KASILOF GILLNET",665,7,0,0,0,1,824,9,0,0,0,1.23870317002882
"175","KENAI",1154,912,242,694,165.66,"KENAI",7941,0,26,466,8,69,9837,0,32,577,10,85.4705187319885
"176","KENAI",1154,912,242,694,165.66,"UNKNOWN",141,1,0,15,2,0,175,1,0,19,2,0
"177","KETCHIKAN",7,4,3,3,2.05,"KASILOF DIPNET",0,0,0,0,0,0,0,0,0,0,0,0
"178","KETCHIKAN",7,4,3,3,2.05,"KENAI",59,0,0,0,4,0,99,0,0,0,7,0
"179","KIANA",1,0,1,0,0.68,0,0,0,0,0,0,0,0,0,0,0,0,0
"180","KIVALINA",2,0,2,0,1.37,0,0,0,0,0,0,0,0,0,0,0,0,0
"181","KOBUK",1,1,0,0,0,0,0,0,0,0,0,0,0,0,0,0,0,0
"182","KODIAK",13,8,5,5,3.42,"KASILOF DIPNET",42,0,0,0,0,0,71,0,0,0,0,0
"183","KODIAK",13,8,5,5,3.42,"KENAI",27,0,0,0,0,0,45,0,0,0,0,0
"184","KOTZEBUE",16,9,7,6,4.79,"KASILOF DIPNET",55,0,0,0,0,0,99,0,0,0,0,0
"185","KOTZEBUE",16,9,7,6,4.79,"KENAI",56,0,0,0,0,0,101,0,0,0,0,0
"186","KWETHLUK",1,1,0,1,0,"KASILOF DIPNET",20,0,0,0,0,0,20,0,0,0,0,0
"187","LAS VEGAS",1,1,0,1,0,"KENAI",0,0,0,0,0,0,0,0,0,0,0,0
"188","LIVENGOOD",1,1,0,1,0,"KASILOF DIPNET",55,0,0,0,0,0,55,0,0,0,0,0
"189","LYNNWOOD",1,0,1,0,0.68,0,0,0,0,0,0,0,0,0,0,0,0,0
"190","MC GRATH",2,0,2,0,1.37,0,0,0,0,0,0,0,0,0,0,0,0,0
"191","MONUMENT",1,1,0,1,0,"KENAI",4,0,0,0,0,0,4,0,0,0,0,0
"192","MOOSE PASS",17,14,3,9,2.05,"KASILOF DIPNET",25,0,0,0,0,0,31,0,0,0,0,0
"193","MOOSE PASS",17,14,3,9,2.05,"KENAI",43,0,0,9,0,1,53,0,0,11,0,1.22777777777778
"194","MOUNTAIN VILLAGE",1,1,0,0,0,0,0,0,0,0,0,0,0,0,0,0,0,0
"195","NENANA",13,11,2,9,1.37,"KASILOF DIPNET",37,0,3,4,7,2,43,0,3,5,8,2.30444444444444
"196","NENANA",13,11,2,9,1.37,"KASILOF GILLNET",20,0,0,0,0,2,23,0,0,0,0,2.30444444444444
"197","NENANA",13,11,2,9,1.37,"KENAI",104,0,0,1,0,0,120,0,0,1,0,0
"198","NEW BRAUNFELS",1,0,1,0,0.68,0,0,0,0,0,0,0,0,0,0,0,0,0
"199","NICEVILLE",1,1,0,0,0,0,0,0,0,0,0,0,0,0,0,0,0,0
"200","NIKISKI",108,80,28,41,19.17,"KASILOF DIPNET",65,0,5,2,0,1,95,0,7,3,0,1.46756097560976
"201","NIKISKI",108,80,28,41,19.17,"KASILOF GILLNET",53,1,0,0,0,0,78,1,0,0,0,0
"202","NIKISKI",108,80,28,41,19.17,"KENAI",433,0,1,40,0,6,635,0,1,59,0,8.80536585365854
"203","NIKOLAEVSK",7,7,0,4,0,"KASILOF DIPNET",1,0,0,0,0,0,1,0,0,0,0,0
"204","NIKOLAEVSK",7,7,0,4,0,"KASILOF GILLNET",10,0,0,0,0,0,10,0,0,0,0,0
"205","NIKOLAEVSK",7,7,0,4,0,"KENAI",14,0,0,2,0,0,14,0,0,2,0,0
"206","NINILCHIK",94,79,15,57,10.27,"KASILOF DIPNET",334,0,0,3,0,0,394,0,0,4,0,0
"207","NINILCHIK",94,79,15,57,10.27,"KASILOF GILLNET",79,1,0,0,0,0,93,1,0,0,0,0
"208","NINILCHIK",94,79,15,57,10.27,"KENAI",301,0,0,18,0,1,355,0,0,21,0,1.18017543859649
"209","NINILCHIK",94,79,15,57,10.27,"UNKNOWN",4,0,0,6,0,0,5,0,0,7,0,0
"210","NOATAK",4,1,3,1,2.05,"KASILOF DIPNET",11,0,0,0,0,0,34,0,0,0,0,0
"211","NOME",5,3,2,3,1.37,"KASILOF DIPNET",15,0,0,0,0,0,22,0,0,0,0,0
"212","NOME",5,3,2,3,1.37,"KENAI",39,0,0,1,0,0,57,0,0,1,0,0
"213","NOORVIK",1,0,1,0,0.68,0,0,0,0,0,0,0,0,0,0,0,0,0
"214","NORTH POLE",99,76,23,57,15.74,"FISH CREEK",15,0,0,2,0,0,19,0,0,3,0,0
"215","NORTH POLE",99,76,23,57,15.74,"KASILOF DIPNET",386,0,2,8,1,5,493,0,3,10,1,6.38070175438597
"216","NORTH POLE",99,76,23,57,15.74,"KASILOF GILLNET",38,0,0,0,0,0,48,0,0,0,0,0
"217","NORTH POLE",99,76,23,57,15.74,"KENAI",696,0,0,57,0,21,888,0,0,73,0,26.7989473684211
"218","NORTH POLE",99,76,23,57,15.74,"UNKNOWN",29,0,0,0,0,0,37,0,0,0,0,0
"219","NUIQSUT",1,1,0,1,0,"KENAI",50,0,0,0,0,0,50,0,0,0,0,0
"220","OCEAN SPRINGS",1,1,0,0,0,0,0,0,0,0,0,0,0,0,0,0,0,0
"221","OLD HARBOR",1,0,1,0,0.68,0,0,0,0,0,0,0,0,0,0,0,0,0
"222","PALMER",1294,1019,275,786,188.25,"FISH CREEK",2092,1,289,70,12,0,2593,1,358,87,15,0
"223","PALMER",1294,1019,275,786,188.25,"KASILOF DIPNET",4542,0,34,112,1,44,5630,0,42,139,1,54.5381679389313
"224","PALMER",1294,1019,275,786,188.25,"KASILOF GILLNET",718,3,0,2,0,1,890,4,0,2,0,1.23950381679389
"225","PALMER",1294,1019,275,786,188.25,"KENAI",6841,1,43,385,14,89,8479,1,53,477,17,110.315839694656
"226","PALMER",1294,1019,275,786,188.25,"UNKNOWN",110,0,2,0,2,0,136,0,2,0,2,0
"227","PANAMA CITY",1,1,0,0,0,0,0,0,0,0,0,0,0,0,0,0,0,0
"228","PHOENIX",1,1,0,0,0,0,0,0,0,0,0,0,0,0,0,0,0,0
"229","PIKE ROAD",1,1,0,1,0,"KENAI",11,0,0,0,0,0,11,0,0,0,0,0
"230","PINEHURST",1,0,1,0,0.68,0,0,0,0,0,0,0,0,0,0,0,0,0
"231","POINT HOPE",1,0,1,0,0.68,0,0,0,0,0,0,0,0,0,0,0,0,0
"232","PORT HEIDEN",2,2,0,0,0,0,0,0,0,0,0,0,0,0,0,0,0,0
"233","PUYALLUP",1,0,1,0,0.68,0,0,0,0,0,0,0,0,0,0,0,0,0
"234","QUINHAGAK",1,0,1,0,0.68,0,0,0,0,0,0,0,0,0,0,0,0,0
"235","RIO RANCHO",1,1,0,1,0,"KENAI",28,0,0,0,0,0,28,0,0,0,0,0
"236","ROCHESTER",1,1,0,1,0,"KASILOF DIPNET",14,0,0,0,0,7,14,0,0,0,0,7
"237","ROCKVILLE CENTRE",1,0,1,0,0.68,0,0,0,0,0,0,0,0,0,0,0,0,0
"238","SAINT PAUL ISLAND",1,1,0,0,0,0,0,0,0,0,0,0,0,0,0,0,0,0
"239","SALCHA",3,2,1,2,0.68,"KASILOF DIPNET",28,0,0,4,0,0,38,0,0,5,0,0
"240","SALCHA",3,2,1,2,0.68,"KENAI",3,0,0,0,0,0,4,0,0,0,0,0
"241","SALCHA",3,2,1,2,0.68,"UNKNOWN",3,0,0,0,0,0,4,0,0,0,0,0
"242","SAN ANGELO",1,1,0,0,0,0,0,0,0,0,0,0,0,0,0,0,0,0
"243","SAN ANTONIO",1,1,0,1,0,"KENAI",11,0,0,0,0,0,11,0,0,0,0,0
"244","SAND POINT",1,1,0,1,0,"KASILOF DIPNET",0,0,0,0,0,0,0,0,0,0,0,0
"245","SAVOONGA",2,1,1,1,0.68,"KASILOF DIPNET",55,0,0,0,0,0,92,0,0,0,0,0
"246","SCAMMON BAY",2,2,0,1,0,"KENAI",0,0,0,0,1,0,0,0,0,0,1,0
"247","SELAWIK",1,1,0,1,0,"KASILOF DIPNET",19,0,0,0,0,0,19,0,0,0,0,0
"248","SELDOVIA",7,5,2,5,1.37,"KASILOF DIPNET",35,0,0,0,0,0,45,0,0,0,0,0
"249","SELDOVIA",7,5,2,5,1.37,"KENAI",52,0,0,1,0,0,66,0,0,1,0,0
"250","SEWARD",98,87,11,66,7.53,"KASILOF DIPNET",165,0,6,4,2,2,184,0,7,4,2,2.22818181818182
"251","SEWARD",98,87,11,66,7.53,"KASILOF GILLNET",82,1,0,0,0,0,91,1,0,0,0,0
"252","SEWARD",98,87,11,66,7.53,"KENAI",728,0,1,12,0,8,811,0,1,13,0,8.91272727272727
"253","SEWARD",98,87,11,66,7.53,"UNKNOWN",10,0,0,0,0,0,11,0,0,0,0,0
"254","SHISHMAREF",1,1,0,1,0,"KASILOF DIPNET",16,0,0,0,0,0,16,0,0,0,0,0
"255","SILVERDALE",1,1,0,0,0,0,0,0,0,0,0,0,0,0,0,0,0,0
"256","SITKA",6,4,2,2,1.37,"KENAI",23,0,0,0,0,0,39,0,0,0,0,0
"257","SKAGWAY",4,2,2,2,1.37,"KASILOF DIPNET",28,0,1,2,0,0,47,0,2,3,0,0
"258","SKAGWAY",4,2,2,2,1.37,"KENAI",17,0,0,0,0,0,29,0,0,0,0,0
"259","SKWENTNA",2,2,0,1,0,"KASILOF GILLNET",3,0,0,0,0,0,3,0,0,0,0,0
"260","SOLDOTNA",1450,1194,256,839,175.25,"FISH CREEK",9,0,1,8,0,1,11,0,1,10,0,1.20887961859356
"261","SOLDOTNA",1450,1194,256,839,175.25,"KASILOF DIPNET",2318,1,43,98,2,17,2802,1,52,118,2,20.5509535160906
"262","SOLDOTNA",1450,1194,256,839,175.25,"KASILOF GILLNET",1064,11,0,0,0,12,1286,13,0,0,0,14.5065554231228
"263","SOLDOTNA",1450,1194,256,839,175.25,"KENAI",8402,0,28,507,4,161,10157,0,34,613,5,194.629618593564
"264","SOLDOTNA",1450,1194,256,839,175.25,"UNKNOWN",95,0,0,5,0,4,115,0,0,6,0,4.83551847437425
"265","SPRING LAKE",2,2,0,2,0,"KASILOF DIPNET",0,0,0,0,0,0,0,0,0,0,0,0
"266","SPRINGFIELD",1,1,0,1,0,"KENAI",14,0,0,1,0,0,14,0,0,1,0,0
"267","ST AUGUSTINE",1,1,0,1,0,"KENAI",2,0,0,0,0,3,2,0,0,0,0,3
"268","STERLING",345,293,52,216,35.6,"FISH CREEK",6,0,0,0,0,0,7,0,0,0,0,0
"269","STERLING",345,293,52,216,35.6,"KASILOF DIPNET",659,0,17,16,0,2,768,0,20,19,0,2.32962962962963
"270","STERLING",345,293,52,216,35.6,"KASILOF GILLNET",282,6,0,0,0,0,328,7,0,0,0,0
"271","STERLING",345,293,52,216,35.6,"KENAI",2271,0,15,89,4,40,2645,0,17,104,5,46.5925925925926
"272","STERLING",345,293,52,216,35.6,"UNKNOWN",56,0,0,0,0,0,65,0,0,0,0,0
"273","SUTTON",47,29,18,23,12.32,"FISH CREEK",65,0,0,2,3,0,100,0,0,3,5,0
"274","SUTTON",47,29,18,23,12.32,"KASILOF DIPNET",79,0,0,4,0,0,121,0,0,6,0,0
"275","SUTTON",47,29,18,23,12.32,"KASILOF GILLNET",3,0,0,0,0,0,5,0,0,0,0,0
"276","SUTTON",47,29,18,23,12.32,"KENAI",173,0,1,11,0,4,266,0,2,17,0,6.14260869565217
"277","TALKEETNA",45,36,9,28,6.16,"FISH CREEK",73,0,33,4,0,0,89,0,40,5,0,0
"278","TALKEETNA",45,36,9,28,6.16,"KASILOF DIPNET",207,0,0,0,0,0,253,0,0,0,0,0
"279","TALKEETNA",45,36,9,28,6.16,"KASILOF GILLNET",59,0,0,0,0,0,72,0,0,0,0,0
"280","TALKEETNA",45,36,9,28,6.16,"KENAI",188,0,0,6,2,2,229,0,0,7,2,2.44
"281","TALKEETNA",45,36,9,28,6.16,"UNKNOWN",4,0,0,3,0,0,5,0,0,4,0,0
"282","TOGIAK",1,0,1,0,0.68,0,0,0,0,0,0,0,0,0,0,0,0,0
"283","TOK",4,4,0,1,0,"KASILOF DIPNET",12,0,0,0,0,0,12,0,0,0,0,0
"284","TOK",4,4,0,1,0,"KENAI",10,0,0,0,0,0,10,0,0,0,0,0
"285","TRAPPER CREEK",20,18,2,14,1.37,"FISH CREEK",14,0,0,0,0,0,15,0,0,0,0,0
"286","TRAPPER CREEK",20,18,2,14,1.37,"KASILOF DIPNET",89,0,0,1,0,1,98,0,0,1,0,1.09785714285714
"287","TRAPPER CREEK",20,18,2,14,1.37,"KASILOF GILLNET",19,0,0,0,0,0,21,0,0,0,0,0
"288","TRAPPER CREEK",20,18,2,14,1.37,"KENAI",86,0,0,6,0,0,94,0,0,7,0,0
"289","TUCSON",1,0,1,0,0.68,0,0,0,0,0,0,0,0,0,0,0,0,0
"290","TWO RIVERS",3,3,0,2,0,"KENAI",30,0,0,4,0,0,30,0,0,4,0,0
"291","UNALAKLEET",2,2,0,2,0,"KASILOF DIPNET",5,0,0,0,0,0,5,0,0,0,0,0
"292","UNALAKLEET",2,2,0,2,0,"KENAI",16,0,0,5,0,1,16,0,0,5,0,1
"293","UNALASKA",1,0,1,0,0.68,0,0,0,0,0,0,0,0,0,0,0,0,0
"294","VALDEZ",21,16,5,13,3.42,"KASILOF DIPNET",123,0,0,0,0,0,155,0,0,0,0,0
"295","VALDEZ",21,16,5,13,3.42,"KASILOF GILLNET",8,0,0,0,0,2,10,0,0,0,0,2.52615384615385
"296","VALDEZ",21,16,5,13,3.42,"KENAI",95,0,0,3,0,0,120,0,0,4,0,0
"297","VALDOSTA",1,1,0,0,0,0,0,0,0,0,0,0,0,0,0,0,0,0
"298","WASILLA",3127,2425,702,1910,480.56,"FISH CREEK",8160,0,817,381,81,0,10213,0,1023,477,101,0
"299","WASILLA",3127,2425,702,1910,480.56,"KASILOF DIPNET",9803,0,77,234,21,103,12269,0,96,293,26,128.915015706806
"300","WASILLA",3127,2425,702,1910,480.56,"KASILOF GILLNET",1478,13,0,0,0,8,1850,16,0,0,0,10.0128167539267
"301","WASILLA",3127,2425,702,1910,480.56,"KENAI",14423,0,47,798,59,176,18052,0,59,999,74,220.281968586387
"302","WASILLA",3127,2425,702,1910,480.56,"UNKNOWN",278,0,3,9,0,5,348,0,4,11,0,6.25801047120419
"303","WHITTIER",5,5,0,4,0,"KASILOF DIPNET",25,0,0,0,0,0,25,0,0,0,0,0
"304","WHITTIER",5,5,0,4,0,"KENAI",23,0,0,0,0,0,23,0,0,0,0,0
"305","WILLOW",115,90,25,77,17.11,"FISH CREEK",109,0,4,1,0,0,133,0,5,1,0,0
"306","WILLOW",115,90,25,77,17.11,"KASILOF DIPNET",663,0,0,5,1,0,810,0,0,6,1,0
"307","WILLOW",115,90,25,77,17.11,"KASILOF GILLNET",56,0,0,0,0,1,68,0,0,0,0,1.22220779220779
"308","WILLOW",115,90,25,77,17.11,"KENAI",576,0,12,27,7,10,704,0,15,33,9,12.2220779220779
"309","WILLOW",115,90,25,77,17.11,"UNKNOWN",22,0,0,3,0,0,27,0,0,4,0,0
"310","YAKUTAT",2,0,2,0,1.37,0,0,0,0,0,0,0,0,0,0,0,0,0
"311","YELM",1,1,0,0,0,0,0,0,0,0,0,0,0,0,0,0,0,0
