"species","tag_num","section_mark","fork_length_mark","gear_mark","section_recap","fork_length_recap","gear_recap","first_event_cap","second_event_cap","recapture"
"NP","1224","2",479,"HL","3",429,"HL",1,1,1
"NP","1222","2",320,"HL","2",338,"GN",1,1,1
"NP","1221","2",430,"HL","1",440,"GN",1,1,1
"NP","1220","2",445,"HL","4",446,"GN",1,1,1
"NP","1219","2",575,"HL","4",587,"GN",1,1,1
"NP","1218","2",419,"HL","1",427,"GN",1,1,1
"NP","1217","2",390,"HL",NA,NA,NA,1,0,0
"NP","1216","2",372,"HL",NA,NA,NA,1,0,0
"NP","1215","2",335,"HL",NA,NA,NA,1,0,0
"NP","1214","2",325,"HL",NA,NA,NA,1,0,0
"NP","1213","2",368,"HL","2",387,"HL",1,1,1
"NP","1212","2",455,"HL","3",451,"GN",1,1,1
"NP","1211","2",396,"HL","3",414,"GN",1,1,1
"NP","1210","2",427,"HL",NA,NA,NA,1,0,0
"NP","1209","2",403,"HL","1",418,"GN",1,1,1
"NP","1208","2",495,"HL","3",513,"GN",1,1,1
"NP","1207","2",510,"HL","1",540,"GN",1,1,1
"NP","1206","2",405,"HL","3",400,"GN",1,1,1
"NP","1205","2",510,"HL","2",516,"GN",1,1,1
"NP","1204","2",423,"HL","1",421,"GN",1,1,1
"NP","1203","2",391,"HL","2",393,"GN",1,1,1
"NP","1202","2",390,"HL","1",419,"GN",1,1,1
"NP","1201","2",576,"HL","2",560,"GN",1,1,1
"NP","1200","2",397,"HL","2",394,"GN",1,1,1
"NP","1249","2",345,"HL",NA,NA,NA,1,0,0
"NP","1248","2",492,"HL","2",505,"GN",1,1,1
"NP","1247","2",396,"HL","2",403,"GN",1,1,1
"NP","1246","2",396,"HL",NA,NA,NA,1,0,0
"NP","1245","2",457,"HL",NA,NA,NA,1,0,0
"NP","1244","2",312,"HL","2",325,"GN",1,1,1
"NP","1243","2",410,"HL","2",413,"GN",1,1,1
"NP","1241","2",432,"HL","3",437,"GN",1,1,1
"NP","1240","2",379,"HL","3",380,"GN",1,1,1
"NP","1239","2",480,"HL","3",490,"GN",1,1,1
"NP","1238","2",522,"HL","3",534,"GN",1,1,1
"NP","1237","2",375,"HL",NA,NA,NA,1,0,0
"NP","1236","2",493,"HL","4",494,"GN",1,1,1
"NP","1235","2",340,"HL",NA,NA,NA,1,0,0
"NP","1234","2",502,"HL","3",522,"GN",1,1,1
"NP","1233","2",435,"HL","3",442,"GN",1,1,1
"NP","1232","2",366,"HL",NA,NA,NA,1,0,0
"NP","1231","2",430,"HL","3",449,"GN",1,1,1
"NP","1230","2",310,"HL","2",335,"GN",1,1,1
"NP","1123","2",428,"HL",NA,NA,NA,1,0,0
"NP","1120","2",425,"HL","4",459,"HL",1,1,1
"NP","1119","2",442,"HL",NA,NA,NA,1,0,0
"NP","1118","2",NA,"HL","3",436,"GN",1,1,1
"NP","1117","2",378,"HL","3",455,"GN",1,1,1
"NP","1115","2",475,"HL",NA,NA,NA,1,0,0
"NP","1114","2",440,"HL","3",442,"GN",1,1,1
"NP","1111","2",387,"HL","3",437,"GN",1,1,1
"NP","1110","2",351,"HL",NA,NA,NA,1,0,0
"NP","1109","2",406,"HL","3",450,"GN",1,1,1
"NP","1108","2",402,"HL","2",425,"GN",1,1,1
"NP","1107","2",389,"HL","2",423,"GN",1,1,1
"NP","1106","2",403,"HL","2",424,"GN",1,1,1
"NP","1105","2",425,"HL","2",466,"GN",1,1,1
"NP","1104","2",369,"HL",NA,NA,NA,1,0,0
"NP","1103","2",378,"HL","3",392,"GN",1,1,1
"NP","1102","2",455,"HL","2",464,"GN",1,1,1
"NP","1101","2",354,"HL","3",367,"GN",1,1,1
"NP","1100","2",444,"HL","2",455,"GN",1,1,1
"NP","1148","2",367,"HL","1",382,"GN",1,1,1
"NP","1147","2",504,"HL","3",540,"GN",1,1,1
"NP","1146","2",434,"HL","1",460,"GN",1,1,1
"NP","1145","2",440,"HL","2",465,"GN",1,1,1
"NP","1144","2",318,"HL",NA,NA,NA,1,0,0
"NP","1143","2",358,"HL","2",365,"GN",1,1,1
"NP","1142","2",362,"HL",NA,NA,NA,1,0,0
"NP","1141","2",383,"HL","2",396,"GN",1,1,1
"NP","1140","2",359,"HL","2",379,"GN",1,1,1
"NP","1139","2",386,"HL","3",402,"GN",1,1,1
"NP","1138","2",449,"HL","2",466,"GN",1,1,1
"NP","1136","2",312,"HL","3",325,"GN",1,1,1
"NP","1135","2",324,"HL",NA,NA,NA,1,0,0
"NP","1133","2",337,"HL",NA,NA,NA,1,0,0
"NP","1132","2",408,"HL","3",446,"GN",1,1,1
"NP","1131","2",432,"HL","1",464,"GN",1,1,1
"NP","1130","2",485,"HL",NA,NA,NA,1,0,0
"NP","1129","2",424,"HL","2",440,"GN",1,1,1
"NP","1128","2",435,"HL","2",467,"GN",1,1,1
"NP","1127","2",392,"HL","1",416,"GN",1,1,1
"NP","1126","2",396,"HL",NA,NA,NA,1,0,0
"NP","1125","2",398,"HL",NA,NA,NA,1,0,0
"NP","1174","2",528,"HL","2",557,"GN",1,1,1
"NP","1172","2",478,"HL","2",462,"GN",1,1,1
"NP","1171","2",361,"HL",NA,NA,NA,1,0,0
"NP","1168","2",478,"HL","1",507,"GN",1,1,1
"NP","1167","2",374,"HL",NA,NA,NA,1,0,0
"NP","1166","2",325,"HL","1",348,"GN",1,1,1
"NP","1229","3",390,"HL","3",396,"GN",1,1,1
"NP","1228","3",365,"HL","3",372,"HL",1,1,1
"NP","1227","3",465,"HL","2",482,"GN",1,1,1
"NP","1226","3",570,"HL","4",603,"GN",1,1,1
"NP","1225","3",370,"HL",NA,NA,NA,1,0,0
"NP","1250","3",360,"HL",NA,NA,NA,1,0,0
"NP","1251","3",465,"HL","3",460,"HL",1,1,1
"NP","1252","3",392,"HL",NA,NA,NA,1,0,0
"NP","1253","3",575,"HL","2",567,"GN",1,1,1
"NP","1254","3",474,"HL","3",475,"GN",1,1,1
"NP","1255","3",410,"HL","3",408,"GN",1,1,1
"NP","1256","3",351,"HL","3",362,"GN",1,1,1
"NP","1257","3",404,"HL",NA,NA,NA,1,0,0
"NP","1258","3",341,"HL","3",365,"GN",1,1,1
"NP","1259","3",330,"HL",NA,NA,NA,1,0,0
"NP","1260","3",382,"HL","3",395,"GN",1,1,1
"NP","1261","3",460,"HL",NA,NA,NA,1,0,0
"NP","1262","3",351,"HL","3",344,"GN",1,1,1
"NP","1263","3",335,"HL","3",345,"GN",1,1,1
"NP","1264","3",401,"HL","3",405,"GN",1,1,1
"NP","1265","3",352,"HL",NA,NA,NA,1,0,0
"NP","1267","3",443,"HL","3",458,"GN",1,1,1
"NP","1269","3",503,"HL","1",508,"GN",1,1,1
"NP","1270","3",302,"HL","2",313,"GN",1,1,1
"NP","1271","3",458,"HL","3",425,"GN",1,1,1
"NP","1272","3",473,"HL","2",483,"GN",1,1,1
"NP","1273","3",560,"HL",NA,NA,NA,1,0,0
"NP","1274","3",604,"HL",NA,NA,NA,1,0,0
"NP","1299","3",433,"HL",NA,NA,NA,1,0,0
"NP","1298","3",526,"HL","3",533,"GN",1,1,1
"NP","1297","3",416,"HL","3",420,"GN",1,1,1
"NP","1296","3",580,"HL",NA,NA,NA,1,0,0
"NP","1295","3",480,"HL","1",490,"GN",1,1,1
"NP","1294","3",435,"HL","2",455,"GN",1,1,1
"NP","1293","3",436,"HL",NA,NA,NA,1,0,0
"NP","1292","3",502,"HL",NA,NA,NA,1,0,0
"NP","1291","3",337,"HL",NA,NA,NA,1,0,0
"NP","1290","3",446,"HL","1",457,"GN",1,1,1
"NP","1288","3",410,"HL",NA,NA,NA,1,0,0
"NP","1287","3",356,"HL",NA,NA,NA,1,0,0
"NP","1286","3",476,"HL","3",482,"HL",1,1,1
"NP","1285","3",447,"HL",NA,NA,NA,1,0,0
"NP","1284","3",635,"HL","2",665,"GN",1,1,1
"NP","1283","3",311,"HL","3",315,"GN",1,1,1
"NP","1281","3",345,"HL",NA,NA,NA,1,0,0
"NP","1280","3",526,"HL","3",521,"GN",1,1,1
"NP","1279","3",386,"HL",NA,NA,NA,1,0,0
"NP","1278","3",419,"HL","3",427,"GN",1,1,1
"NP","1277","3",430,"HL","3",445,"GN",1,1,1
"NP","1276","3",381,"HL",NA,NA,NA,1,0,0
"NP","1275","3",343,"HL",NA,NA,NA,1,0,0
"NP","1424","3",382,"HL",NA,NA,NA,1,0,0
"NP","1423","3",323,"HL","3",330,"GN",1,1,1
"NP","1422","3",427,"HL",NA,NA,NA,1,0,0
"NP","1421","3",412,"HL",NA,NA,NA,1,0,0
"NP","1420","3",523,"HL",NA,NA,NA,1,0,0
"NP","1418","3",429,"HL",NA,NA,NA,1,0,0
"NP","1417","3",476,"HL","3",475,"GN",1,1,1
"NP","1416","3",557,"HL","2",569,"GN",1,1,1
"NP","1414","3",446,"HL",NA,NA,NA,1,0,0
"NP","1413","3",540,"HL","3",535,"GN",1,1,1
"NP","1412","3",335,"HL","3",335,"GN",1,1,1
"NP","1165","3",435,"HL","1",451,"GN",1,1,1
"NP","1164","3",460,"HL","2",485,"GN",1,1,1
"NP","1162","3",369,"HL","3",404,"GN",1,1,1
"NP","1161","3",412,"HL","2",444,"GN",1,1,1
"NP","1160","3",387,"HL",NA,NA,NA,1,0,0
"NP","1159","3",601,"HL","1",619,"GN",1,1,1
"NP","1158","3",411,"HL","3",430,"HL",1,1,1
"NP","1157","3",452,"HL","3",468,"HL",1,1,1
"NP","1156","3",448,"HL",NA,NA,NA,1,0,0
"NP","1155","3",364,"HL",NA,NA,NA,1,0,0
"NP","1154","3",520,"HL","2",565,"GN",1,1,1
"NP","1152","3",433,"HL","2",395,"GN",1,1,1
"NP","1151","3",473,"HL","2",480,"GN",1,1,1
"NP","1150","3",435,"HL",NA,NA,NA,1,0,0
"NP","1199","3",421,"HL","3",442,"GN",1,1,1
"NP","1197","3",306,"HL",NA,NA,NA,1,0,0
"NP","1196","3",406,"HL","2",433,"GN",1,1,1
"NP","1195","3",330,"HL","3",340,"GN",1,1,1
"NP","1194","3",300,"HL","3",317,"GN",1,1,1
"NP","1193","3",347,"HL",NA,NA,NA,1,0,0
"NP","1192","3",332,"HL",NA,NA,NA,1,0,0
"NP","1191","3",304,"HL",NA,NA,NA,1,0,0
"NP","1190","3",390,"HL",NA,NA,NA,1,0,0
"NP","1189","3",484,"HL",NA,NA,NA,1,0,0
"NP","1188","3",381,"HL",NA,NA,NA,1,0,0
"NP","1187","3",300,"HL",NA,NA,NA,1,0,0
"NP","1186","3",435,"HL","3",467,"GN",1,1,1
"NP","1185","3",422,"HL","3",466,"GN",1,1,1
"NP","1184","3",485,"HL","2",495,"GN",1,1,1
"NP","1182","3",430,"HL","2",545,"GN",1,1,1
"NP","1181","3",389,"HL",NA,NA,NA,1,0,0
"NP","1180","3",342,"HL",NA,NA,NA,1,0,0
"NP","1179","3",350,"HL",NA,NA,NA,1,0,0
"NP","1178","3",428,"HL","3",500,"GN",1,1,1
"NP","1177","3",318,"HL","3",327,"GN",1,1,1
"NP","1175","3",302,"HL",NA,NA,NA,1,0,0
"NP","1049","3",394,"HL","3",405,"GN",1,1,1
"NP","1048","3",324,"HL",NA,NA,NA,1,0,0
"NP","1047","3",348,"HL","3",372,"GN",1,1,1
"NP","1046","3",410,"HL","1",425,"GN",1,1,1
"NP","1045","3",354,"HL","3",380,"GN",1,1,1
"NP","1044","3",375,"HL","3",400,"HL",1,1,1
"NP","1043","3",355,"HL",NA,NA,NA,1,0,0
"NP","1410","1",378,"HL","1",393,"GN",1,1,1
"NP","1409","1",345,"HL",NA,NA,NA,1,0,0
"NP","1408","1",342,"HL","2",366,"GN",1,1,1
"NP","1042","1",360,"HL","2",377,"GN",1,1,1
"NP","1041","1",354,"HL","2",356,"GN",1,1,1
"NP","1040","1",374,"HL","4",393,"GN",1,1,1
"NP","1039","1",329,"HL",NA,NA,NA,1,0,0
"NP","1038","1",390,"HL","1",380,"GN",1,1,1
"NP","1037","1",393,"HL","1",388,"GN",1,1,1
"NP","1036","1",424,"HL","3",504,"GN",1,1,1
"NP","1407","5",501,"HL",NA,NA,NA,1,0,0
"NP","1406","5",410,"HL",NA,NA,NA,1,0,0
"NP","1405","5",548,"HL",NA,NA,NA,1,0,0
"NP","1404","5",431,"HL","5",418,"GN",1,1,1
"NP","1403","5",472,"HL","5",450,"HL",1,1,1
"NP","1035","5",394,"HL","5",406,"GN",1,1,1
"NP","1034","5",495,"HL",NA,NA,NA,1,0,0
"NP","1033","5",532,"HL","5",530,"HL",1,1,1
"NP","1032","5",534,"HL",NA,NA,NA,1,0,0
"NP","1031","5",383,"HL","5",384,"GN",1,1,1
"NP","1030","5",460,"HL",NA,NA,NA,1,0,0
"NP","1029","5",498,"HL",NA,NA,NA,1,0,0
"NP","1028","5",565,"HL","5",558,"GN",1,1,1
"NP","1027","5",486,"HL","5",499,"GN",1,1,1
"NP","1389","4",375,"HL","4",373,"HL",1,1,1
"NP","1388","4",425,"HL","4",436,"GN",1,1,1
"NP","1387","4",435,"HL","4",441,"GN",1,1,1
"NP","1386","4",380,"HL",NA,NA,NA,1,0,0
"NP","1385","4",342,"HL",NA,NA,NA,1,0,0
"NP","1384","4",350,"HL","4",358,"GN",1,1,1
"NP","1383","4",480,"HL","4",511,"GN",1,1,1
"NP","1382","4",325,"HL",NA,NA,NA,1,0,0
"NP","1381","4",460,"HL",NA,NA,NA,1,0,0
"NP","1380","4",360,"HL",NA,NA,NA,1,0,0
"NP","1379","4",430,"HL","4",447,"GN",1,1,1
"NP","1378","4",382,"HL",NA,NA,NA,1,0,0
"NP","1377","4",370,"HL",NA,NA,NA,1,0,0
"NP","1376","4",383,"HL","4",396,"GN",1,1,1
"NP","1375","4",507,"HL","4",489,"HL",1,1,1
"NP","1524","4",510,"HL",NA,NA,NA,1,0,0
"NP","1523","4",399,"HL","4",402,"GN",1,1,1
"NP","1522","4",446,"HL","4",445,"GN",1,1,1
"NP","1521","4",395,"HL","4",413,"GN",1,1,1
"NP","1520","4",440,"HL",NA,NA,NA,1,0,0
"NP","1518","4",342,"HL",NA,NA,NA,1,0,0
"NP","1517","4",316,"HL",NA,NA,NA,1,0,0
"NP","1515","4",410,"HL",NA,NA,NA,1,0,0
"NP","1514","4",364,"HL",NA,NA,NA,1,0,0
"NP","1513","4",385,"HL","4",398,"GN",1,1,1
"NP","1512","4",400,"HL","3",409,"HL",1,1,1
"NP","1026","4",397,"HL","4",419,"GN",1,1,1
"NP","1025","4",379,"HL",NA,NA,NA,1,0,0
"NP","1074","4",364,"HL",NA,NA,NA,1,0,0
"NP","1073","4",450,"HL",NA,NA,NA,1,0,0
"NP","1072","4",421,"HL","4",422,"GN",1,1,1
"NP","1071","4",362,"HL",NA,NA,NA,1,0,0
"NP","1070","4",336,"HL",NA,NA,NA,1,0,0
"NP","1069","4",431,"HL",NA,NA,NA,1,0,0
"NP","1068","4",304,"HL",NA,NA,NA,1,0,0
"NP","1067","4",395,"HL","4",402,"HL",1,1,1
"NP","1066","4",380,"HL",NA,NA,NA,1,0,0
"NP","1065","4",334,"HL",NA,NA,NA,1,0,0
"NP","1064","4",315,"HL",NA,NA,NA,1,0,0
"NP","1063","4",348,"HL","4",347,"GN",1,1,1
"NP","1062","4",365,"HL","3",366,"GN",1,1,1
"NP","1061","4",322,"HL","4",325,"GN",1,1,1
"NP","1060","4",343,"HL","4",346,"GN",1,1,1
"NP","1059","4",388,"HL",NA,NA,NA,1,0,0
"NP","1058","4",352,"HL",NA,NA,NA,1,0,0
"NP","1057","4",305,"HL",NA,NA,NA,1,0,0
"NP","1056","4",334,"HL","4",353,"GN",1,1,1
"NP","1055","4",400,"HL","4",405,"HL",1,1,1
"NP","1054","4",351,"HL",NA,NA,NA,1,0,0
"NP","1053","4",366,"HL",NA,NA,NA,1,0,0
"NP","1052","4",362,"HL","4",372,"HL",1,1,1
"NP","1051","4",328,"HL","4",352,"GN",1,1,1
"NP","1050","4",389,"HL","4",399,"HL",1,1,1
"NP","1099","4",315,"HL","4",330,"GN",1,1,1
"NP","1098","4",352,"HL",NA,NA,NA,1,0,0
"NP","1097","4",385,"HL",NA,NA,NA,1,0,0
"NP","1096","4",445,"HL","4",452,"GN",1,1,1
"NP","1095","4",396,"HL","4",392,"HL",1,1,1
"NP","1094","4",433,"HL","4",443,"GN",1,1,1
"NP","1093","4",412,"HL","2",435,"GN",1,1,1
"NP","1092","4",422,"HL","4",423,"HL",1,1,1
"NP","1091","4",325,"HL","4",320,"HL",1,1,1
"NP","1090","4",392,"HL","4",397,"GN",1,1,1
"NP","1089","4",390,"HL",NA,NA,NA,1,0,0
"NP","1088","4",388,"HL","4",395,"GN",1,1,1
"NP","1087","4",523,"HL","4",554,"GN",1,1,1
"NP","1086","4",424,"HL",NA,NA,NA,1,0,0
"NP","1085","4",461,"HL","4",464,"GN",1,1,1
"NP","1084","4",326,"HL","4",330,"GN",1,1,1
"NP","1083","4",454,"HL",NA,NA,NA,1,0,0
"NP","1082","4",410,"HL","1",420,"GN",1,1,1
"NP","1081","4",434,"HL",NA,NA,NA,1,0,0
"NP","1080","4",382,"HL","4",394,"HL",1,1,1
"NP","1079","4",448,"HL","4",458,"GN",1,1,1
"NP","1078","4",680,"HL","2",698,"GN",1,1,1
"NP","1077","4",314,"HL",NA,NA,NA,1,0,0
"NP","1075","4",426,"HL","4",435,"GN",1,1,1
"NP","1402","4",358,"HL",NA,NA,NA,1,0,0
"NP","1401","4",382,"HL",NA,NA,NA,1,0,0
"NP","1400","4",441,"HL","4",451,"GN",1,1,1
"NP","1425","4",338,"HL","4",397,"GN",1,1,1
"NP","1426","4",495,"HL","4",510,"GN",1,1,1
"NP","1427","4",492,"HL",NA,NA,NA,1,0,0
"NP","1428","4",320,"HL","4",330,"GN",1,1,1
"NP","1429","4",325,"HL",NA,NA,NA,1,0,0
"NP","1430","4",494,"HL",NA,NA,NA,1,0,0
"NP","1432","4",329,"HL","4",363,"HL",1,1,1
"NP","1433","4",484,"HL","4",486,"GN",1,1,1
"NP","1434","4",398,"HL",NA,NA,NA,1,0,0
"NP","1435","4",321,"HL",NA,NA,NA,1,0,0
"NP","1436","4",464,"HL","1",460,"GN",1,1,1
"NP","1437","4",339,"HL",NA,NA,NA,1,0,0
"NP","1438","4",484,"HL","4",492,"GN",1,1,1
"NP","1439","4",356,"HL",NA,NA,NA,1,0,0
"NP","1440","4",397,"HL",NA,NA,NA,1,0,0
"NP","1441","4",376,"HL",NA,NA,NA,1,0,0
"NP","1442","4",425,"HL",NA,NA,NA,1,0,0
"NP","1443","4",468,"HL","4",491,"GN",1,1,1
"NP","1444","4",417,"HL",NA,NA,NA,1,0,0
"NP","1445","4",387,"HL",NA,NA,NA,1,0,0
"NP","1446","4",420,"HL",NA,NA,NA,1,0,0
"NP","1447","4",423,"HL",NA,NA,NA,1,0,0
"NP","1448","4",330,"HL",NA,NA,NA,1,0,0
"NP","1449","4",395,"HL","4",408,"HL",1,1,1
"NP","1474","4",442,"HL",NA,NA,NA,1,0,0
"NP","1473","4",412,"HL","4",423,"GN",1,1,1
"NP","1472","4",414,"HL","4",417,"GN",1,1,1
"NP","1471","4",340,"HL","4",345,"HL",1,1,1
"NP","1470","4",364,"HL",NA,NA,NA,1,0,0
"NP","1511","3",401,"HL",NA,NA,NA,1,0,0
"NP","1510","3",427,"HL",NA,NA,NA,1,0,0
"NP","1508","3",408,"HL","2",424,"GN",1,1,1
"NP","1507","3",642,"HL","2",652,"GN",1,1,1
"NP","1506","3",440,"HL","1",446,"GN",1,1,1
"NP","1505","3",390,"HL","3",397,"GN",1,1,1
"NP","1504","3",443,"HL",NA,NA,NA,1,0,0
"NP","1502","3",428,"HL",NA,NA,NA,1,0,0
"NP","1501","3",445,"HL",NA,NA,NA,1,0,0
"NP","1500","3",488,"HL",NA,NA,NA,1,0,0
"NP","1549","3",342,"HL",NA,NA,NA,1,0,0
"NP","1548","3",453,"HL",NA,NA,NA,1,0,0
"NP","1547","3",300,"HL",NA,NA,NA,1,0,0
"NP","1546","3",406,"HL",NA,NA,NA,1,0,0
"NP","1873","2",462,"HL","3",503,"HL",1,1,1
"NP","1872","2",341,"HL","3",371,"GN",1,1,1
"NP","1871","2",437,"HL","2",445,"GN",1,1,1
"NP","1870","2",511,"HL","1",528,"GN",1,1,1
"NP","1869","2",352,"HL",NA,NA,NA,1,0,0
"NP","1868","2",371,"HL","2",385,"GN",1,1,1
"NP","1867","2",357,"HL","2",363,"HL",1,1,1
"NP","1866","2",368,"HL","2",400,"GN",1,1,1
"NP","1865","2",322,"HL","2",346,"GN",1,1,1
"NP","1864","2",402,"HL",NA,NA,NA,1,0,0
"NP","1863","2",421,"HL","1",436,"GN",1,1,1
"NP","1862","2",326,"HL",NA,NA,NA,1,0,0
"NP","1861","2",438,"HL","1",460,"GN",1,1,1
"NP","1469","2",542,"HL",NA,NA,NA,1,0,0
"NP","1468","2",390,"HL",NA,NA,NA,1,0,0
"NP","1467","2",440,"HL","1",460,"GN",1,1,1
"NP","1466","2",364,"HL","2",367,"GN",1,1,1
"NP","1465","2",332,"HL","2",352,"GN",1,1,1
"NP","1464","2",430,"HL","2",425,"GN",1,1,1
"NP","1545","3",401,"HL","3",447,"GN",1,1,1
"NP","1544","3",414,"HL","3",416,"HL",1,1,1
"NP","1543","3",362,"HL",NA,NA,NA,1,0,0
"NP","1542","3",414,"HL","3",428,"GN",1,1,1
"NP","1859","3",556,"HL","1",566,"GN",1,1,1
"NP","1858","3",522,"HL",NA,NA,NA,1,0,0
"NP","1857","3",587,"HL","3",605,"GN",1,1,1
"NP","1856","3",448,"HL",NA,NA,NA,1,0,0
"NP","1855","3",431,"HL","3",438,"HL",1,1,1
"NP","1854","3",345,"HL",NA,NA,NA,1,0,0
"NP","1853","3",398,"HL",NA,NA,NA,1,0,0
"NP","1852","3",566,"HL","2",585,"GN",1,1,1
"NP","1851","3",335,"HL",NA,NA,NA,1,0,0
"NP","1850","3",374,"HL",NA,NA,NA,1,0,0
"NP","1899","3",555,"HL","3",554,"HL",1,1,1
"NP","1898","3",457,"HL","3",480,"HL",1,1,1
"NP","1897","3",446,"HL",NA,NA,NA,1,0,0
"NP","1896","3",558,"HL","3",580,"GN",1,1,1
"NP","1895","3",396,"HL","3",418,"GN",1,1,1
"NP","1894","3",445,"HL","3",441,"GN",1,1,1
"NP","1893","3",312,"HL",NA,NA,NA,1,0,0
"NP","1892","3",452,"HL",NA,NA,NA,1,0,0
"NP","1891","1",352,"HL","1",395,"GN",1,1,1
"NP","1890","5",504,"HL",NA,NA,NA,1,0,0
"NP","1889","5",515,"HL","5",531,"GN",1,1,1
"NP","1463","5",440,"HL","5",452,"GN",1,1,1
"NP","1462","5",605,"HL",NA,NA,NA,1,0,0
"NP","1461","5",416,"HL","5",423,"GN",1,1,1
"NP","1460","6",434,"HL",NA,NA,NA,1,0,0
"NP","1459","6",440,"HL",NA,NA,NA,1,0,0
"NP","1458","6",486,"HL","4",485,"GN",1,1,1
"NP","1457","6",450,"HL","4",469,"GN",1,1,1
"NP","1456","6",453,"HL",NA,NA,NA,1,0,0
"NP","1455","6",339,"HL",NA,NA,NA,1,0,0
"NP","1454","6",367,"HL",NA,NA,NA,1,0,0
"NP","1453","6",383,"HL",NA,NA,NA,1,0,0
"NP","1888","4",328,"HL",NA,NA,NA,1,0,0
"NP","1887","4",452,"HL","4",462,"GN",1,1,1
"NP","1885","4",315,"HL",NA,NA,NA,1,0,0
"NP","1884","4",409,"HL",NA,NA,NA,1,0,0
"NP","1883","4",305,"HL",NA,NA,NA,1,0,0
"NP","1882","4",338,"HL",NA,NA,NA,1,0,0
"NP","1881","4",336,"HL",NA,NA,NA,1,0,0
"NP","1880","4",339,"HL",NA,NA,NA,1,0,0
"NP","1879","4",300,"HL",NA,NA,NA,1,0,0
"NP","1878","4",358,"HL",NA,NA,NA,1,0,0
"NP","1877","4",353,"HL",NA,NA,NA,1,0,0
"NP","1876","4",437,"HL",NA,NA,NA,1,0,0
"NP","1875","4",382,"HL",NA,NA,NA,1,0,0
"NP","1824","4",376,"HL","4",372,"GN",1,1,1
"NP","1823","4",395,"HL",NA,NA,NA,1,0,0
"NP","1822","4",324,"HL",NA,NA,NA,1,0,0
"NP","1821","4",391,"HL","4",398,"GN",1,1,1
"NP","1820","4",312,"HL","4",403,"HL",1,1,1
"NP","1819","4",442,"HL","4",438,"GN",1,1,1
"NP","1818","4",415,"HL",NA,NA,NA,1,0,0
"NP","1817","4",304,"HL",NA,NA,NA,1,0,0
"NP","1816","4",337,"HL",NA,NA,NA,1,0,0
"NP","1815","4",322,"HL",NA,NA,NA,1,0,0
"NP","1814","4",347,"HL","4",350,"GN",1,1,1
"NP","1813","4",365,"HL","4",368,"HL",1,1,1
"NP","1812","4",595,"HL","1",604,"GN",1,1,1
"NP","1811","4",393,"HL","4",412,"HL",1,1,1
"NP","1810","4",359,"HL",NA,NA,NA,1,0,0
"NP","1809","4",328,"HL",NA,NA,NA,1,0,0
"NP","1808","4",327,"HL",NA,NA,NA,1,0,0
"NP","1807","4",333,"HL","3",332,"GN",1,1,1
"NP","1806","4",355,"HL","4",369,"HL",1,1,1
"NP","1805","4",460,"HL","4",459,"GN",1,1,1
"NP","1804","4",376,"HL",NA,NA,NA,1,0,0
"NP","1452","6",341,"HL","6",353,"GN",1,1,1
"NP","1451","6",441,"HL",NA,NA,NA,1,0,0
"NP","1450","6",305,"HL",NA,NA,NA,1,0,0
"NP","1803","6",338,"HL",NA,NA,NA,1,0,0
"NP","1802","6",461,"HL",NA,NA,NA,1,0,0
"NP","1801","6",437,"HL",NA,NA,NA,1,0,0
"NP","1800","6",366,"HL","6",390,"GN",1,1,1
"NP","1849","6",332,"HL","6",330,"GN",1,1,1
"NP","1848","6",436,"HL","6",468,"GN",1,1,1
"NP","1847","6",344,"HL","6",350,"GN",1,1,1
"NP","1541","6",330,"HL",NA,NA,NA,1,0,0
"NP","1540","6",460,"HL","6",503,"HL",1,1,1
"NP","1846","6",435,"HL",NA,NA,NA,1,0,0
"NP","1845","6",445,"HL",NA,NA,NA,1,0,0
"NP","1844","6",372,"HL","6",381,"GN",1,1,1
"NP","1843","6",338,"HL",NA,NA,NA,1,0,0
"NP","1842","6",387,"HL",NA,NA,NA,1,0,0
"NP","1841","6",304,"HL",NA,NA,NA,1,0,0
"NP","1009","1",333,"GN","2",353,"GN",1,1,1
"NP","1008","1",380,"GN","2",386,"GN",1,1,1
"NP","1007","1",413,"GN","1",413,"GN",1,1,1
"NP","1006","1",336,"GN","2",352,"GN",1,1,1
"NP","1313","1",413,"GN","2",418,"GN",1,1,1
"NP","1312","1",367,"GN","1",358,"GN",1,1,1
"NP","1311","1",375,"GN",NA,NA,NA,1,0,0
"NP","1304","1",332,"GN",NA,NA,NA,1,0,0
"NP","1005","1",355,"GN","1",354,"GN",1,1,1
"NP","1004","1",476,"GN","1",475,"GN",1,1,1
"NP","1003","1",417,"GN",NA,NA,NA,1,0,0
"NP","1000","1",379,"GN",NA,NA,NA,1,0,0
"NP","1301","1",337,"GN","1",357,"GN",1,1,1
"NP","1310","1",320,"GN","1",338,"GN",1,1,1
"NP","1324","1",391,"GN","1",395,"GN",1,1,1
"NP","1309","1",325,"GN","1",335,"GN",1,1,1
"NP","1323","1",434,"GN",NA,NA,NA,1,0,0
"NP","1322","1",380,"GN","1",390,"GN",1,1,1
"NP","1308","1",425,"GN","1",429,"GN",1,1,1
"NP","1303","1",395,"GN","1",400,"GN",1,1,1
"NP","1307","1",411,"GN",NA,NA,NA,1,0,0
"NP","1306","1",417,"GN","1",423,"GN",1,1,1
"NP","1321","1",443,"GN","1",440,"GN",1,1,1
"NP","1320","1",560,"GN","1",565,"GN",1,1,1
"NP","1319","1",440,"GN","1",440,"GN",1,1,1
"NP","1318","1",384,"GN","1",385,"GN",1,1,1
"NP","1317","1",363,"GN","1",376,"GN",1,1,1
"NP","1305","1",472,"GN","1",474,"GN",1,1,1
"NP","1302","1",320,"GN","1",327,"GN",1,1,1
"NP","1300","1",385,"GN",NA,NA,NA,1,0,0
"NP","1315","1",610,"GN",NA,NA,NA,1,0,0
"NP","1314","1",390,"GN","1",403,"GN",1,1,1
"NP","1348","2",425,"GN",NA,NA,NA,1,0,0
"NP","1347","2",320,"GN",NA,NA,NA,1,0,0
"NP","1346","2",420,"GN","3",426,"GN",1,1,1
"NP","1345","2",513,"GN","2",497,"GN",1,1,1
"NP","1372","2",450,"GN","2",450,"GN",1,1,1
"NP","1344","2",413,"GN","2",420,"GN",1,1,1
"NP","1332","2",435,"GN",NA,NA,NA,1,0,0
"NP","1331","2",596,"GN","4",615,"HL",1,1,1
"NP","1343","2",347,"GN","1",364,"GN",1,1,1
"NP","1330","2",368,"GN","2",383,"GN",1,1,1
"NP","1329","2",417,"GN","1",416,"GN",1,1,1
"NP","1342","2",590,"GN","4",590,"GN",1,1,1
"NP","1340","2",362,"GN",NA,NA,NA,1,0,0
"NP","1328","2",439,"GN",NA,NA,NA,1,0,0
"NP","1326","2",381,"GN","2",375,"GN",1,1,1
"NP","1339","2",348,"GN",NA,NA,NA,1,0,0
"NP","1338","2",408,"GN","1",419,"HL",1,1,1
"NP","1337","2",448,"GN","3",459,"GN",1,1,1
"NP","1336","2",497,"GN",NA,NA,NA,1,0,0
"NP","1334","2",327,"GN",NA,NA,NA,1,0,0
"NP","1333","2",314,"GN",NA,NA,NA,1,0,0
"NP","1325","2",374,"GN",NA,NA,NA,1,0,0
"NP","1374","2",496,"GN","2",505,"HL",1,1,1
"NP","1373","2",426,"GN","2",438,"GN",1,1,1
"NP","1365","5",413,"GN",NA,NA,NA,1,0,0
"NP","1364","5",653,"GN","5",630,"HL",1,1,1
"NP","1363","5",445,"GN",NA,NA,NA,1,0,0
"NP","1362","5",575,"GN",NA,NA,NA,1,0,0
"NP","1368","5",565,"GN",NA,NA,NA,1,0,0
"NP","1367","5",511,"GN",NA,NA,NA,1,0,0
"NP","1366","5",539,"GN","5",530,"GN",1,1,1
"NP","1355","4",534,"GN",NA,NA,NA,1,0,0
"NP","1354","4",515,"GN","3",526,"GN",1,1,1
"NP","1390","4",458,"GN",NA,NA,NA,1,0,0
"NP","1391","4",320,"GN","4",344,"GN",1,1,1
"NP","1358","4",390,"GN","4",384,"GN",1,1,1
"NP","1359","4",500,"GN","2",500,"GN",1,1,1
"NP","1357","4",356,"GN",NA,NA,NA,1,0,0
"NP","1392","4",375,"GN","4",394,"HL",1,1,1
"NP","1393","4",365,"GN",NA,NA,NA,1,0,0
"NP","1360","4",385,"GN",NA,NA,NA,1,0,0
"NP","1361","4",364,"GN",NA,NA,NA,1,0,0
"NP","1394","4",375,"GN",NA,NA,NA,1,0,0
"NP","1352","4",440,"GN","4",451,"GN",1,1,1
"NP","1353","4",450,"GN",NA,NA,NA,1,0,0
"NP","1397","4",440,"GN","4",450,"GN",1,1,1
"NP","1351","4",319,"GN",NA,NA,NA,1,0,0
"NP","1350","4",520,"GN",NA,NA,NA,1,0,0
"NP","1399","4",740,"GN","4",752,"GN",1,1,1
"NP","1398","4",335,"GN",NA,NA,NA,1,0,0
"NP","1396","4",326,"GN",NA,NA,NA,1,0,0
"NP","1395","4",584,"GN",NA,NA,NA,1,0,0
"NP","",NA,NA,NA,"1",635,"GN",0,1,0
"NP","",NA,NA,NA,"1",297,"GN",0,1,0
"NP","",NA,NA,NA,"1",284,"GN",0,1,0
"NP","",NA,NA,NA,"1",285,"GN",0,1,0
"NP","",NA,NA,NA,"1",244,"GN",0,1,0
"NP","",NA,NA,NA,"1",537,"GN",0,1,0
"NP","",NA,NA,NA,"1",324,"GN",0,1,0
"NP","",NA,NA,NA,"1",287,"GN",0,1,0
"NP","",NA,NA,NA,"1",407,"GN",0,1,0
"NP","",NA,NA,NA,"1",399,"GN",0,1,0
"NP","",NA,NA,NA,"1",420,"GN",0,1,0
"NP","",NA,NA,NA,"1",220,"GN",0,1,0
"NP","",NA,NA,NA,"1",282,"GN",0,1,0
"NP","",NA,NA,NA,"1",472,"GN",0,1,0
"NP","",NA,NA,NA,"1",355,"GN",0,1,0
"NP","",NA,NA,NA,"1",209,"GN",0,1,0
"NP","",NA,NA,NA,"1",438,"GN",0,1,0
"NP","",NA,NA,NA,"1",255,"GN",0,1,0
"NP","",NA,NA,NA,"1",290,"GN",0,1,0
"NP","",NA,NA,NA,"1",303,"GN",0,1,0
"NP","",NA,NA,NA,"1",317,"GN",0,1,0
"NP","",NA,NA,NA,"1",224,"GN",0,1,0
"NP","",NA,NA,NA,"1",300,"GN",0,1,0
"NP","",NA,NA,NA,"1",233,"GN",0,1,0
"NP","",NA,NA,NA,"1",236,"GN",0,1,0
"NP","",NA,NA,NA,"1",232,"GN",0,1,0
"NP","",NA,NA,NA,"1",309,"GN",0,1,0
"NP","",NA,NA,NA,"1",294,"GN",0,1,0
"NP","",NA,NA,NA,"1",405,"GN",0,1,0
"NP","",NA,NA,NA,"1",309,"GN",0,1,0
"NP","",NA,NA,NA,"1",278,"GN",0,1,0
"NP","",NA,NA,NA,"1",255,"GN",0,1,0
"NP","",NA,NA,NA,"1",340,"GN",0,1,0
"NP","",NA,NA,NA,"1",297,"GN",0,1,0
"NP","",NA,NA,NA,"1",497,"GN",0,1,0
"NP","",NA,NA,NA,"1",292,"GN",0,1,0
"NP","",NA,NA,NA,"1",273,"GN",0,1,0
"NP","",NA,NA,NA,"1",216,"GN",0,1,0
"NP","",NA,NA,NA,"1",440,"GN",0,1,0
"NP","",NA,NA,NA,"1",390,"GN",0,1,0
"NP","",NA,NA,NA,"1",256,"GN",0,1,0
"NP","",NA,NA,NA,"1",344,"GN",0,1,0
"NP","",NA,NA,NA,"1",336,"GN",0,1,0
"NP","",NA,NA,NA,"1",284,"GN",0,1,0
"NP","",NA,NA,NA,"1",347,"GN",0,1,0
"NP","",NA,NA,NA,"1",596,"GN",0,1,0
"NP","",NA,NA,NA,"1",266,"GN",0,1,0
"NP","",NA,NA,NA,"1",270,"GN",0,1,0
"NP","",NA,NA,NA,"1",294,"GN",0,1,0
"NP","",NA,NA,NA,"1",285,"GN",0,1,0
"NP","",NA,NA,NA,"1",489,"GN",0,1,0
"NP","",NA,NA,NA,"1",534,"GN",0,1,0
"NP","",NA,NA,NA,"1",223,"GN",0,1,0
"NP","",NA,NA,NA,"1",431,"GN",0,1,0
"NP","",NA,NA,NA,"1",354,"GN",0,1,0
"NP","",NA,NA,NA,"1",286,"GN",0,1,0
"NP","",NA,NA,NA,"1",219,"GN",0,1,0
"NP","",NA,NA,NA,"1",230,"GN",0,1,0
"NP","",NA,NA,NA,"1",285,"GN",0,1,0
"NP","",NA,NA,NA,"1",289,"GN",0,1,0
"NP","",NA,NA,NA,"1",410,"GN",0,1,0
"NP","",NA,NA,NA,"1",288,"GN",0,1,0
"NP","",NA,NA,NA,"1",460,"GN",0,1,0
"NP","",NA,NA,NA,"1",322,"GN",0,1,0
"NP","",NA,NA,NA,"1",220,"GN",0,1,0
"NP","",NA,NA,NA,"1",245,"GN",0,1,0
"NP","",NA,NA,NA,"1",273,"GN",0,1,0
"NP","",NA,NA,NA,"1",418,"GN",0,1,0
"NP","",NA,NA,NA,"1",275,"GN",0,1,0
"NP","",NA,NA,NA,"2",510,"GN",0,1,0
"NP","",NA,NA,NA,"2",405,"GN",0,1,0
"NP","",NA,NA,NA,"2",560,"GN",0,1,0
"NP","",NA,NA,NA,"2",493,"GN",0,1,0
"NP","",NA,NA,NA,"2",590,"GN",0,1,0
"NP","",NA,NA,NA,"2",420,"GN",0,1,0
"NP","",NA,NA,NA,"2",367,"GN",0,1,0
"NP","",NA,NA,NA,"2",315,"GN",0,1,0
"NP","",NA,NA,NA,"2",275,"GN",0,1,0
"NP","",NA,NA,NA,"2",299,"GN",0,1,0
"NP","",NA,NA,NA,"2",335,"GN",0,1,0
"NP","",NA,NA,NA,"2",284,"GN",0,1,0
"NP","",NA,NA,NA,"2",305,"GN",0,1,0
"NP","",NA,NA,NA,"2",265,"GN",0,1,0
"NP","",NA,NA,NA,"2",506,"GN",0,1,0
"NP","",NA,NA,NA,"2",336,"GN",0,1,0
"NP","",NA,NA,NA,"2",382,"GN",0,1,0
"NP","",NA,NA,NA,"2",320,"GN",0,1,0
"NP","",NA,NA,NA,"2",448,"GN",0,1,0
"NP","",NA,NA,NA,"2",318,"GN",0,1,0
"NP","",NA,NA,NA,"2",455,"GN",0,1,0
"NP","",NA,NA,NA,"2",290,"GN",0,1,0
"NP","",NA,NA,NA,"2",298,"GN",0,1,0
"NP","",NA,NA,NA,"2",297,"GN",0,1,0
"NP","",NA,NA,NA,"2",304,"GN",0,1,0
"NP","",NA,NA,NA,"2",278,"GN",0,1,0
"NP","",NA,NA,NA,"2",277,"GN",0,1,0
"NP","",NA,NA,NA,"2",410,"GN",0,1,0
"NP","",NA,NA,NA,"2",286,"GN",0,1,0
"NP","",NA,NA,NA,"2",298,"GN",0,1,0
"NP","",NA,NA,NA,"2",265,"GN",0,1,0
"NP","",NA,NA,NA,"2",405,"GN",0,1,0
"NP","",NA,NA,NA,"2",345,"GN",0,1,0
"NP","",NA,NA,NA,"2",309,"GN",0,1,0
"NP","",NA,NA,NA,"2",330,"GN",0,1,0
"NP","",NA,NA,NA,"2",257,"GN",0,1,0
"NP","",NA,NA,NA,"2",370,"GN",0,1,0
"NP","",NA,NA,NA,"2",360,"GN",0,1,0
"NP","",NA,NA,NA,"2",388,"GN",0,1,0
"NP","",NA,NA,NA,"2",324,"GN",0,1,0
"NP","",NA,NA,NA,"2",271,"GN",0,1,0
"NP","",NA,NA,NA,"2",276,"GN",0,1,0
"NP","",NA,NA,NA,"2",NA,"GN",0,1,0
"NP","",NA,NA,NA,"2",NA,"GN",0,1,0
"NP","",NA,NA,NA,"2",290,"GN",0,1,0
"NP","",NA,NA,NA,"2",291,"GN",0,1,0
"NP","",NA,NA,NA,"2",267,"GN",0,1,0
"NP","",NA,NA,NA,"2",323,"GN",0,1,0
"NP","",NA,NA,NA,"2",259,"GN",0,1,0
"NP","",NA,NA,NA,"2",354,"GN",0,1,0
"NP","",NA,NA,NA,"2",315,"GN",0,1,0
"NP","",NA,NA,NA,"2",212,"GN",0,1,0
"NP","",NA,NA,NA,"2",274,"GN",0,1,0
"NP","",NA,NA,NA,"2",378,"GN",0,1,0
"NP","",NA,NA,NA,"2",330,"GN",0,1,0
"NP","",NA,NA,NA,"2",277,"GN",0,1,0
"NP","",NA,NA,NA,"2",278,"GN",0,1,0
"NP","",NA,NA,NA,"2",454,"GN",0,1,0
"NP","",NA,NA,NA,"2",267,"GN",0,1,0
"NP","",NA,NA,NA,"2",231,"GN",0,1,0
"NP","",NA,NA,NA,"2",309,"GN",0,1,0
"NP","",NA,NA,NA,"2",355,"GN",0,1,0
"NP","",NA,NA,NA,"2",301,"GN",0,1,0
"NP","",NA,NA,NA,"2",278,"GN",0,1,0
"NP","",NA,NA,NA,"2",362,"GN",0,1,0
"NP","",NA,NA,NA,"2",474,"GN",0,1,0
"NP","",NA,NA,NA,"2",259,"GN",0,1,0
"NP","",NA,NA,NA,"2",317,"GN",0,1,0
"NP","",NA,NA,NA,"2",NA,"GN",0,1,0
"NP","",NA,NA,NA,"2",NA,"GN",0,1,0
"NP","",NA,NA,NA,"2",NA,"GN",0,1,0
"NP","",NA,NA,NA,"2",278,"GN",0,1,0
"NP","",NA,NA,NA,"2",549,"GN",0,1,0
"NP","",NA,NA,NA,"2",298,"GN",0,1,0
"NP","",NA,NA,NA,"2",730,"GN",0,1,0
"NP","",NA,NA,NA,"2",826,"GN",0,1,0
"NP","",NA,NA,NA,"3",404,"GN",0,1,0
"NP","",NA,NA,NA,"3",296,"GN",0,1,0
"NP","",NA,NA,NA,"3",NA,"GN",0,1,0
"NP","",NA,NA,NA,"3",373,"GN",0,1,0
"NP","",NA,NA,NA,"3",314,"GN",0,1,0
"NP","",NA,NA,NA,"3",340,"GN",0,1,0
"NP","",NA,NA,NA,"3",294,"GN",0,1,0
"NP","",NA,NA,NA,"3",230,"GN",0,1,0
"NP","",NA,NA,NA,"3",245,"GN",0,1,0
"NP","",NA,NA,NA,"3",257,"GN",0,1,0
"NP","",NA,NA,NA,"3",247,"GN",0,1,0
"NP","",NA,NA,NA,"3",518,"GN",0,1,0
"NP","",NA,NA,NA,"3",353,"GN",0,1,0
"NP","",NA,NA,NA,"3",380,"GN",0,1,0
"NP","",NA,NA,NA,"3",411,"GN",0,1,0
"NP","",NA,NA,NA,"3",252,"GN",0,1,0
"NP","",NA,NA,NA,"3",757,"GN",0,1,0
"NP","",NA,NA,NA,"3",386,"GN",0,1,0
"NP","",NA,NA,NA,"3",487,"GN",0,1,0
"NP","",NA,NA,NA,"3",438,"GN",0,1,0
"NP","",NA,NA,NA,"3",434,"GN",0,1,0
"NP","",NA,NA,NA,"3",210,"GN",0,1,0
"NP","",NA,NA,NA,"3",233,"GN",0,1,0
"NP","",NA,NA,NA,"3",323,"GN",0,1,0
"NP","",NA,NA,NA,"3",320,"GN",0,1,0
"NP","",NA,NA,NA,"3",458,"GN",0,1,0
"NP","",NA,NA,NA,"3",574,"GN",0,1,0
"NP","",NA,NA,NA,"3",246,"GN",0,1,0
"NP","",NA,NA,NA,"3",332,"GN",0,1,0
"NP","",NA,NA,NA,"3",335,"GN",0,1,0
"NP","",NA,NA,NA,"3",425,"GN",0,1,0
"NP","",NA,NA,NA,"3",365,"GN",0,1,0
"NP","",NA,NA,NA,"3",297,"GN",0,1,0
"NP","",NA,NA,NA,"3",250,"GN",0,1,0
"NP","",NA,NA,NA,"3",460,"GN",0,1,0
"NP","",NA,NA,NA,"3",301,"GN",0,1,0
"NP","",NA,NA,NA,"3",245,"GN",0,1,0
"NP","",NA,NA,NA,"3",808,"GN",0,1,0
"NP","",NA,NA,NA,"3",545,"GN",0,1,0
"NP","",NA,NA,NA,"3",335,"GN",0,1,0
"NP","",NA,NA,NA,"3",235,"GN",0,1,0
"NP","",NA,NA,NA,"3",218,"GN",0,1,0
"NP","",NA,NA,NA,"3",455,"GN",0,1,0
"NP","",NA,NA,NA,"3",557,"GN",0,1,0
"NP","",NA,NA,NA,"3",305,"GN",0,1,0
"NP","",NA,NA,NA,"3",288,"GN",0,1,0
"NP","",NA,NA,NA,"3",296,"GN",0,1,0
"NP","",NA,NA,NA,"3",632,"GN",0,1,0
"NP","",NA,NA,NA,"3",380,"GN",0,1,0
"NP","",NA,NA,NA,"3",514,"GN",0,1,0
"NP","",NA,NA,NA,"3",340,"GN",0,1,0
"NP","",NA,NA,NA,"3",474,"GN",0,1,0
"NP","",NA,NA,NA,"3",466,"GN",0,1,0
"NP","",NA,NA,NA,"3",367,"GN",0,1,0
"NP","",NA,NA,NA,"3",461,"GN",0,1,0
"NP","",NA,NA,NA,"3",304,"GN",0,1,0
"NP","",NA,NA,NA,"3",388,"GN",0,1,0
"NP","",NA,NA,NA,"3",344,"GN",0,1,0
"NP","",NA,NA,NA,"3",445,"GN",0,1,0
"NP","",NA,NA,NA,"3",246,"GN",0,1,0
"NP","",NA,NA,NA,"3",434,"GN",0,1,0
"NP","",NA,NA,NA,"3",264,"GN",0,1,0
"NP","",NA,NA,NA,"3",272,"GN",0,1,0
"NP","",NA,NA,NA,"3",238,"GN",0,1,0
"NP","",NA,NA,NA,"3",282,"GN",0,1,0
"NP","",NA,NA,NA,"3",400,"GN",0,1,0
"NP","",NA,NA,NA,"3",206,"GN",0,1,0
"NP","",NA,NA,NA,"3",450,"GN",0,1,0
"NP","",NA,NA,NA,"3",297,"GN",0,1,0
"NP","",NA,NA,NA,"3",571,"GN",0,1,0
"NP","",NA,NA,NA,"3",800,"GN",0,1,0
"NP","",NA,NA,NA,"3",375,"GN",0,1,0
"NP","",NA,NA,NA,"3",260,"GN",0,1,0
"NP","",NA,NA,NA,"3",345,"GN",0,1,0
"NP","",NA,NA,NA,"3",329,"GN",0,1,0
"NP","",NA,NA,NA,"3",250,"GN",0,1,0
"NP","",NA,NA,NA,"3",460,"GN",0,1,0
"NP","",NA,NA,NA,"3",295,"GN",0,1,0
"NP","",NA,NA,NA,"3",NA,"GN",0,1,0
"NP","",NA,NA,NA,"3",NA,"GN",0,1,0
"NP","",NA,NA,NA,"3",NA,"GN",0,1,0
"NP","",NA,NA,NA,"3",NA,"GN",0,1,0
"NP","",NA,NA,NA,"3",358,"GN",0,1,0
"NP","",NA,NA,NA,"3",435,"GN",0,1,0
"NP","",NA,NA,NA,"3",340,"GN",0,1,0
"NP","",NA,NA,NA,"3",406,"GN",0,1,0
"NP","",NA,NA,NA,"3",355,"GN",0,1,0
"NP","",NA,NA,NA,"4",NA,"GN",0,1,0
"NP","",NA,NA,NA,"4",392,"GN",0,1,0
"NP","",NA,NA,NA,"4",395,"GN",0,1,0
"NP","",NA,NA,NA,"4",NA,"GN",0,1,0
"NP","",NA,NA,NA,"4",490,"GN",0,1,0
"NP","",NA,NA,NA,"4",290,"GN",0,1,0
"NP","",NA,NA,NA,"4",216,"GN",0,1,0
"NP","",NA,NA,NA,"4",395,"GN",0,1,0
"NP","",NA,NA,NA,"4",295,"GN",0,1,0
"NP","",NA,NA,NA,"4",387,"GN",0,1,0
"NP","",NA,NA,NA,"4",486,"GN",0,1,0
"NP","",NA,NA,NA,"4",364,"GN",0,1,0
"NP","",NA,NA,NA,"4",336,"GN",0,1,0
"NP","",NA,NA,NA,"4",297,"GN",0,1,0
"NP","",NA,NA,NA,"4",255,"GN",0,1,0
"NP","",NA,NA,NA,"4",226,"GN",0,1,0
"NP","",NA,NA,NA,"4",384,"GN",0,1,0
"NP","",NA,NA,NA,"4",298,"GN",0,1,0
"NP","",NA,NA,NA,"4",418,"GN",0,1,0
"NP","",NA,NA,NA,"4",494,"GN",0,1,0
"NP","",NA,NA,NA,"4",460,"GN",0,1,0
"NP","",NA,NA,NA,"4",228,"GN",0,1,0
"NP","",NA,NA,NA,"4",205,"GN",0,1,0
"NP","",NA,NA,NA,"4",287,"GN",0,1,0
"NP","",NA,NA,NA,"4",291,"GN",0,1,0
"NP","",NA,NA,NA,"4",294,"GN",0,1,0
"NP","",NA,NA,NA,"4",350,"GN",0,1,0
"NP","",NA,NA,NA,"4",288,"GN",0,1,0
"NP","",NA,NA,NA,"4",303,"GN",0,1,0
"NP","",NA,NA,NA,"4",238,"GN",0,1,0
"NP","",NA,NA,NA,"4",360,"GN",0,1,0
"NP","",NA,NA,NA,"4",446,"GN",0,1,0
"NP","",NA,NA,NA,"4",277,"GN",0,1,0
"NP","",NA,NA,NA,"4",396,"GN",0,1,0
"NP","",NA,NA,NA,"4",297,"GN",0,1,0
"NP","",NA,NA,NA,"4",219,"GN",0,1,0
"NP","",NA,NA,NA,"4",213,"GN",0,1,0
"NP","",NA,NA,NA,"4",295,"GN",0,1,0
"NP","",NA,NA,NA,"4",425,"GN",0,1,0
"NP","",NA,NA,NA,"4",416,"GN",0,1,0
"NP","",NA,NA,NA,"4",237,"GN",0,1,0
"NP","",NA,NA,NA,"4",406,"GN",0,1,0
"NP","",NA,NA,NA,"4",469,"GN",0,1,0
"NP","",NA,NA,NA,"4",598,"GN",0,1,0
"NP","",NA,NA,NA,"4",376,"GN",0,1,0
"NP","",NA,NA,NA,"4",318,"GN",0,1,0
"NP","",NA,NA,NA,"4",218,"GN",0,1,0
"NP","",NA,NA,NA,"4",307,"GN",0,1,0
"NP","",NA,NA,NA,"4",234,"GN",0,1,0
"NP","",NA,NA,NA,"4",224,"GN",0,1,0
"NP","",NA,NA,NA,"4",512,"GN",0,1,0
"NP","",NA,NA,NA,"4",446,"GN",0,1,0
"NP","",NA,NA,NA,"4",568,"GN",0,1,0
"NP","",NA,NA,NA,"4",431,"GN",0,1,0
"NP","",NA,NA,NA,"4",373,"GN",0,1,0
"NP","",NA,NA,NA,"4",401,"GN",0,1,0
"NP","",NA,NA,NA,"4",224,"GN",0,1,0
"NP","",NA,NA,NA,"4",309,"GN",0,1,0
"NP","",NA,NA,NA,"4",236,"GN",0,1,0
"NP","",NA,NA,NA,"4",294,"GN",0,1,0
"NP","",NA,NA,NA,"4",302,"GN",0,1,0
"NP","",NA,NA,NA,"4",312,"GN",0,1,0
"NP","",NA,NA,NA,"4",599,"GN",0,1,0
"NP","",NA,NA,NA,"5",322,"GN",0,1,0
"NP","",NA,NA,NA,"5",NA,"GN",0,1,0
"NP","",NA,NA,NA,"5",NA,"GN",0,1,0
"NP","",NA,NA,NA,"5",545,"GN",0,1,0
"NP","",NA,NA,NA,"5",NA,"GN",0,1,0
"NP","",NA,NA,NA,"5",NA,"GN",0,1,0
"NP","",NA,NA,NA,"5",256,"GN",0,1,0
"NP","",NA,NA,NA,"5",497,"GN",0,1,0
"NP","",NA,NA,NA,"5",NA,"GN",0,1,0
"NP","",NA,NA,NA,"5",NA,"GN",0,1,0
"NP","",NA,NA,NA,"5",317,"GN",0,1,0
"NP","",NA,NA,NA,"5",431,"GN",0,1,0
"NP","",NA,NA,NA,"5",NA,"GN",0,1,0
"NP","",NA,NA,NA,"5",229,"GN",0,1,0
"NP","",NA,NA,NA,"5",235,"GN",0,1,0
"NP","",NA,NA,NA,"5",NA,"GN",0,1,0
"NP","",NA,NA,NA,"5",NA,"GN",0,1,0
"NP","",NA,NA,NA,"6",350,"GN",0,1,0
"NP","",NA,NA,NA,"6",345,"GN",0,1,0
"NP","",NA,NA,NA,"6",338,"GN",0,1,0
"NP","",NA,NA,NA,"6",331,"GN",0,1,0
"NP","",NA,NA,NA,"6",325,"GN",0,1,0
"NP","",NA,NA,NA,"6",295,"GN",0,1,0
"NP","",NA,NA,NA,"6",302,"GN",0,1,0
"NP","",NA,NA,NA,"6",300,"GN",0,1,0
"NP","",NA,NA,NA,"6",325,"GN",0,1,0
"NP","",NA,NA,NA,"6",440,"GN",0,1,0
"NP","",NA,NA,NA,"6",395,"GN",0,1,0
"NP","",NA,NA,NA,"6",325,"GN",0,1,0
"NP","",NA,NA,NA,"6",310,"GN",0,1,0
"NP","",NA,NA,NA,"6",265,"GN",0,1,0
"NP","",NA,NA,NA,"6",290,"GN",0,1,0
"NP","",NA,NA,NA,"6",291,"GN",0,1,0
"NP","",NA,NA,NA,"6",304,"GN",0,1,0
"NP","",NA,NA,NA,"6",204,"GN",0,1,0
"NP","",NA,NA,NA,"6",371,"GN",0,1,0
"NP","",NA,NA,NA,"6",345,"GN",0,1,0
"NP","",NA,NA,NA,"6",330,"GN",0,1,0
"NP","",NA,NA,NA,"6",270,"GN",0,1,0
"NP","",NA,NA,NA,"6",295,"GN",0,1,0
"NP","",NA,NA,NA,"6",318,"GN",0,1,0
"NP","",NA,NA,NA,"6",330,"GN",0,1,0
"NP","",NA,NA,NA,"6",250,"GN",0,1,0
"NP","",NA,NA,NA,"6",301,"GN",0,1,0
"NP","",NA,NA,NA,"6",292,"GN",0,1,0
"NP","",NA,NA,NA,"6",252,"GN",0,1,0
"NP","",NA,NA,NA,"6",232,"GN",0,1,0
"NP","",NA,NA,NA,"6",250,"GN",0,1,0
"NP","",NA,NA,NA,"6",280,"GN",0,1,0
"NP","",NA,NA,NA,"6",369,"GN",0,1,0
"NP","",NA,NA,NA,"6",275,"GN",0,1,0
"NP","",NA,NA,NA,"6",321,"GN",0,1,0
"NP","",NA,NA,NA,"6",288,"GN",0,1,0
"NP","",NA,NA,NA,"6",290,"GN",0,1,0
"NP","",NA,NA,NA,"6",225,"GN",0,1,0
"NP","",NA,NA,NA,"6",448,"GN",0,1,0
"NP","",NA,NA,NA,"6",330,"GN",0,1,0
"NP","",NA,NA,NA,"6",325,"GN",0,1,0
"NP","",NA,NA,NA,"6",311,"GN",0,1,0
"NP","",NA,NA,NA,"6",267,"GN",0,1,0
"NP","",NA,NA,NA,"6",260,"GN",0,1,0
"NP","",NA,NA,NA,"6",395,"GN",0,1,0
"NP","",NA,NA,NA,"6",348,"GN",0,1,0
"NP","",NA,NA,NA,"6",295,"GN",0,1,0
"NP","",NA,NA,NA,"6",261,"GN",0,1,0
"NP","",NA,NA,NA,"6",325,"GN",0,1,0
"NP","",NA,NA,NA,"6",290,"GN",0,1,0
"NP","",NA,NA,NA,"6",281,"GN",0,1,0
"NP","",NA,NA,NA,"6",258,"GN",0,1,0
"NP","",NA,NA,NA,"6",255,"GN",0,1,0
"NP","",NA,NA,NA,"6",291,"GN",0,1,0
"NP","",NA,NA,NA,"6",355,"GN",0,1,0
"NP","",NA,NA,NA,"6",342,"GN",0,1,0
"NP","",NA,NA,NA,"6",295,"GN",0,1,0
"NP","",NA,NA,NA,"6",335,"GN",0,1,0
"NP","",NA,NA,NA,"6",288,"GN",0,1,0
"NP","",NA,NA,NA,"6",279,"GN",0,1,0
"NP","",NA,NA,NA,"6",288,"GN",0,1,0
"NP","",NA,NA,NA,"6",241,"GN",0,1,0
"NP","",NA,NA,NA,"6",395,"GN",0,1,0
"NP","",NA,NA,NA,"6",320,"GN",0,1,0
"NP","",NA,NA,NA,"6",375,"GN",0,1,0
"NP","",NA,NA,NA,"6",248,"GN",0,1,0
"NP","",NA,NA,NA,"6",250,"GN",0,1,0
"NP","",NA,NA,NA,"6",251,"GN",0,1,0
"NP","",NA,NA,NA,"6",380,"GN",0,1,0
"NP","",NA,NA,NA,"6",357,"GN",0,1,0
"NP","",NA,NA,NA,"6",306,"GN",0,1,0
"NP","",NA,NA,NA,"6",338,"GN",0,1,0
"NP","",NA,NA,NA,"6",278,"GN",0,1,0
"NP","",NA,NA,NA,"6",300,"GN",0,1,0
"NP","",NA,NA,NA,"6",225,"GN",0,1,0
"NP","",NA,NA,NA,"6",240,"GN",0,1,0
"NP","",NA,NA,NA,"1",450,"GN",0,1,0
"NP","",NA,NA,NA,"1",223,"GN",0,1,0
"NP","",NA,NA,NA,"1",302,"GN",0,1,0
"NP","",NA,NA,NA,"1",212,"GN",0,1,0
"NP","",NA,NA,NA,"1",265,"GN",0,1,0
"NP","",NA,NA,NA,"1",245,"GN",0,1,0
"NP","",NA,NA,NA,"1",280,"GN",0,1,0
"NP","",NA,NA,NA,"1",365,"GN",0,1,0
"NP","",NA,NA,NA,"1",251,"GN",0,1,0
"NP","",NA,NA,NA,"1",285,"GN",0,1,0
"NP","",NA,NA,NA,"1",268,"GN",0,1,0
"NP","",NA,NA,NA,"1",322,"GN",0,1,0
"NP","",NA,NA,NA,"1",232,"GN",0,1,0
"NP","",NA,NA,NA,"1",185,"GN",0,1,0
"NP","",NA,NA,NA,"1",250,"GN",0,1,0
"NP","",NA,NA,NA,"1",274,"GN",0,1,0
"NP","",NA,NA,NA,"1",262,"GN",0,1,0
"NP","",NA,NA,NA,"1",326,"GN",0,1,0
"NP","",NA,NA,NA,"1",309,"GN",0,1,0
"NP","",NA,NA,NA,"1",325,"GN",0,1,0
"NP","",NA,NA,NA,"1",335,"GN",0,1,0
"NP","",NA,NA,NA,"1",220,"GN",0,1,0
"NP","",NA,NA,NA,"1",319,"GN",0,1,0
"NP","",NA,NA,NA,"1",224,"GN",0,1,0
"NP","",NA,NA,NA,"1",226,"GN",0,1,0
"NP","",NA,NA,NA,"1",279,"GN",0,1,0
"NP","",NA,NA,NA,"1",334,"GN",0,1,0
"NP","",NA,NA,NA,"1",271,"GN",0,1,0
"NP","",NA,NA,NA,"1",231,"GN",0,1,0
"NP","",NA,NA,NA,"2",386,"GN",0,1,0
"NP","",NA,NA,NA,"2",256,"GN",0,1,0
"NP","",NA,NA,NA,"2",219,"GN",0,1,0
"NP","",NA,NA,NA,"2",250,"GN",0,1,0
"NP","",NA,NA,NA,"2",291,"GN",0,1,0
"NP","",NA,NA,NA,"2",294,"GN",0,1,0
"NP","",NA,NA,NA,"2",310,"GN",0,1,0
"NP","",NA,NA,NA,"2",440,"GN",0,1,0
"NP","",NA,NA,NA,"2",269,"GN",0,1,0
"NP","",NA,NA,NA,"2",260,"GN",0,1,0
"NP","",NA,NA,NA,"2",311,"GN",0,1,0
"NP","",NA,NA,NA,"2",244,"GN",0,1,0
"NP","",NA,NA,NA,"2",296,"GN",0,1,0
"NP","",NA,NA,NA,"2",290,"GN",0,1,0
"NP","",NA,NA,NA,"2",309,"GN",0,1,0
"NP","",NA,NA,NA,"2",300,"GN",0,1,0
"NP","",NA,NA,NA,"2",335,"GN",0,1,0
"NP","",NA,NA,NA,"2",315,"GN",0,1,0
"NP","",NA,NA,NA,"2",269,"GN",0,1,0
"NP","",NA,NA,NA,"2",239,"GN",0,1,0
"NP","",NA,NA,NA,"2",384,"GN",0,1,0
"NP","",NA,NA,NA,"2",296,"GN",0,1,0
"NP","",NA,NA,NA,"2",299,"GN",0,1,0
"NP","",NA,NA,NA,"2",452,"GN",0,1,0
"NP","",NA,NA,NA,"2",230,"GN",0,1,0
"NP","",NA,NA,NA,"2",269,"GN",0,1,0
"NP","",NA,NA,NA,"2",371,"GN",0,1,0
"NP","",NA,NA,NA,"2",309,"GN",0,1,0
"NP","",NA,NA,NA,"2",292,"GN",0,1,0
"NP","",NA,NA,NA,"2",195,"GN",0,1,0
"NP","",NA,NA,NA,"2",331,"GN",0,1,0
"NP","",NA,NA,NA,"2",357,"GN",0,1,0
"NP","",NA,NA,NA,"2",437,"GN",0,1,0
"NP","",NA,NA,NA,"2",320,"GN",0,1,0
"NP","",NA,NA,NA,"2",332,"GN",0,1,0
"NP","",NA,NA,NA,"2",373,"GN",0,1,0
"NP","",NA,NA,NA,"2",372,"GN",0,1,0
"NP","",NA,NA,NA,"2",278,"GN",0,1,0
"NP","",NA,NA,NA,"2",300,"GN",0,1,0
"NP","",NA,NA,NA,"2",254,"GN",0,1,0
"NP","",NA,NA,NA,"2",435,"GN",0,1,0
"NP","",NA,NA,NA,"2",530,"GN",0,1,0
"NP","",NA,NA,NA,"2",266,"GN",0,1,0
"NP","",NA,NA,NA,"2",NA,"GN",0,1,0
"NP","",NA,NA,NA,"2",261,"GN",0,1,0
"NP","",NA,NA,NA,"2",294,"GN",0,1,0
"NP","",NA,NA,NA,"2",255,"GN",0,1,0
"NP","",NA,NA,NA,"2",321,"GN",0,1,0
"NP","",NA,NA,NA,"2",370,"GN",0,1,0
"NP","",NA,NA,NA,"2",318,"GN",0,1,0
"NP","",NA,NA,NA,"2",319,"GN",0,1,0
"NP","",NA,NA,NA,"2",331,"GN",0,1,0
"NP","",NA,NA,NA,"2",252,"GN",0,1,0
"NP","",NA,NA,NA,"2",270,"GN",0,1,0
"NP","",NA,NA,NA,"2",325,"GN",0,1,0
"NP","",NA,NA,NA,"2",775,"GN",0,1,0
"NP","",NA,NA,NA,"2",211,"GN",0,1,0
"NP","",NA,NA,NA,"2",260,"GN",0,1,0
"NP","",NA,NA,NA,"2",208,"GN",0,1,0
"NP","",NA,NA,NA,"2",292,"GN",0,1,0
"NP","",NA,NA,NA,"2",264,"GN",0,1,0
"NP","",NA,NA,NA,"2",255,"GN",0,1,0
"NP","",NA,NA,NA,"2",278,"GN",0,1,0
"NP","",NA,NA,NA,"2",197,"GN",0,1,0
"NP","",NA,NA,NA,"3",279,"GN",0,1,0
"NP","",NA,NA,NA,"3",279,"GN",0,1,0
"NP","",NA,NA,NA,"3",252,"GN",0,1,0
"NP","",NA,NA,NA,"3",287,"GN",0,1,0
"NP","",NA,NA,NA,"3",246,"GN",0,1,0
"NP","",NA,NA,NA,"3",249,"GN",0,1,0
"NP","",NA,NA,NA,"3",276,"GN",0,1,0
"NP","",NA,NA,NA,"3",253,"GN",0,1,0
"NP","",NA,NA,NA,"3",289,"GN",0,1,0
"NP","",NA,NA,NA,"3",283,"GN",0,1,0
"NP","",NA,NA,NA,"3",379,"GN",0,1,0
"NP","",NA,NA,NA,"3",459,"GN",0,1,0
"NP","",NA,NA,NA,"3",315,"GN",0,1,0
"NP","",NA,NA,NA,"3",283,"GN",0,1,0
"NP","",NA,NA,NA,"3",402,"GN",0,1,0
"NP","",NA,NA,NA,"3",387,"GN",0,1,0
"NP","",NA,NA,NA,"3",241,"GN",0,1,0
"NP","",NA,NA,NA,"3",208,"GN",0,1,0
"NP","",NA,NA,NA,"3",238,"GN",0,1,0
"NP","",NA,NA,NA,"3",229,"GN",0,1,0
"NP","",NA,NA,NA,"3",254,"GN",0,1,0
"NP","",NA,NA,NA,"3",425,"GN",0,1,0
"NP","",NA,NA,NA,"3",262,"GN",0,1,0
"NP","",NA,NA,NA,"3",335,"GN",0,1,0
"NP","",NA,NA,NA,"3",222,"GN",0,1,0
"NP","",NA,NA,NA,"3",220,"GN",0,1,0
"NP","",NA,NA,NA,"3",289,"GN",0,1,0
"NP","",NA,NA,NA,"3",474,"GN",0,1,0
"NP","",NA,NA,NA,"3",315,"GN",0,1,0
"NP","",NA,NA,NA,"3",256,"GN",0,1,0
"NP","",NA,NA,NA,"3",292,"GN",0,1,0
"NP","",NA,NA,NA,"3",378,"GN",0,1,0
"NP","",NA,NA,NA,"3",433,"GN",0,1,0
"NP","",NA,NA,NA,"3",288,"GN",0,1,0
"NP","",NA,NA,NA,"3",304,"GN",0,1,0
"NP","",NA,NA,NA,"3",252,"GN",0,1,0
"NP","",NA,NA,NA,"3",285,"GN",0,1,0
"NP","",NA,NA,NA,"3",235,"GN",0,1,0
"NP","",NA,NA,NA,"3",368,"GN",0,1,0
"NP","",NA,NA,NA,"3",324,"GN",0,1,0
"NP","",NA,NA,NA,"3",235,"GN",0,1,0
"NP","",NA,NA,NA,"3",237,"GN",0,1,0
"NP","",NA,NA,NA,"3",272,"GN",0,1,0
"NP","",NA,NA,NA,"3",265,"GN",0,1,0
"NP","",NA,NA,NA,"3",252,"GN",0,1,0
"NP","",NA,NA,NA,"3",403,"GN",0,1,0
"NP","",NA,NA,NA,"3",293,"GN",0,1,0
"NP","",NA,NA,NA,"3",255,"GN",0,1,0
"NP","",NA,NA,NA,"3",320,"GN",0,1,0
"NP","",NA,NA,NA,"3",378,"GN",0,1,0
"NP","",NA,NA,NA,"3",364,"GN",0,1,0
"NP","",NA,NA,NA,"3",279,"GN",0,1,0
"NP","",NA,NA,NA,"3",317,"GN",0,1,0
"NP","",NA,NA,NA,"3",317,"GN",0,1,0
"NP","",NA,NA,NA,"3",343,"GN",0,1,0
"NP","",NA,NA,NA,"3",305,"GN",0,1,0
"NP","",NA,NA,NA,"3",339,"GN",0,1,0
"NP","",NA,NA,NA,"3",398,"GN",0,1,0
"NP","",NA,NA,NA,"3",363,"GN",0,1,0
"NP","",NA,NA,NA,"3",427,"GN",0,1,0
"NP","",NA,NA,NA,"3",377,"GN",0,1,0
"NP","",NA,NA,NA,"3",375,"GN",0,1,0
"NP","",NA,NA,NA,"4",306,"GN",0,1,0
"NP","",NA,NA,NA,"4",262,"GN",0,1,0
"NP","",NA,NA,NA,"4",460,"GN",0,1,0
"NP","",NA,NA,NA,"4",327,"GN",0,1,0
"NP","",NA,NA,NA,"4",331,"GN",0,1,0
"NP","",NA,NA,NA,"4",196,"GN",0,1,0
"NP","",NA,NA,NA,"4",278,"GN",0,1,0
"NP","",NA,NA,NA,"4",206,"GN",0,1,0
"NP","",NA,NA,NA,"4",313,"GN",0,1,0
"NP","",NA,NA,NA,"4",325,"GN",0,1,0
"NP","",NA,NA,NA,"4",360,"GN",0,1,0
"NP","",NA,NA,NA,"4",420,"GN",0,1,0
"NP","",NA,NA,NA,"4",341,"GN",0,1,0
"NP","",NA,NA,NA,"4",325,"GN",0,1,0
"NP","",NA,NA,NA,"4",323,"GN",0,1,0
"NP","",NA,NA,NA,"4",400,"GN",0,1,0
"NP","",NA,NA,NA,"4",446,"GN",0,1,0
"NP","",NA,NA,NA,"4",225,"GN",0,1,0
"NP","",NA,NA,NA,"4",273,"GN",0,1,0
"NP","",NA,NA,NA,"4",218,"GN",0,1,0
"NP","",NA,NA,NA,"4",254,"GN",0,1,0
"NP","",NA,NA,NA,"4",334,"GN",0,1,0
"NP","",NA,NA,NA,"4",297,"GN",0,1,0
"NP","",NA,NA,NA,"4",327,"GN",0,1,0
"NP","",NA,NA,NA,"4",250,"GN",0,1,0
"NP","",NA,NA,NA,"4",412,"GN",0,1,0
"NP","",NA,NA,NA,"4",314,"GN",0,1,0
"NP","",NA,NA,NA,"4",224,"GN",0,1,0
"NP","",NA,NA,NA,"4",323,"GN",0,1,0
"NP","",NA,NA,NA,"4",339,"GN",0,1,0
"NP","",NA,NA,NA,"4",233,"GN",0,1,0
"NP","",NA,NA,NA,"4",215,"GN",0,1,0
"NP","",NA,NA,NA,"4",392,"GN",0,1,0
"NP","",NA,NA,NA,"4",331,"GN",0,1,0
"NP","",NA,NA,NA,"4",419,"GN",0,1,0
"NP","",NA,NA,NA,"4",325,"GN",0,1,0
"NP","",NA,NA,NA,"4",401,"GN",0,1,0
"NP","",NA,NA,NA,"4",358,"GN",0,1,0
"NP","",NA,NA,NA,"4",411,"GN",0,1,0
"NP","",NA,NA,NA,"4",231,"GN",0,1,0
"NP","",NA,NA,NA,"4",236,"GN",0,1,0
"NP","",NA,NA,NA,"4",400,"GN",0,1,0
"NP","",NA,NA,NA,"4",377,"GN",0,1,0
"NP","",NA,NA,NA,"4",279,"GN",0,1,0
"NP","",NA,NA,NA,"4",249,"GN",0,1,0
"NP","",NA,NA,NA,"5",362,"GN",0,1,0
"NP","",NA,NA,NA,"5",275,"GN",0,1,0
"NP","",NA,NA,NA,"5",392,"GN",0,1,0
"NP","",NA,NA,NA,"5",262,"GN",0,1,0
"NP","",NA,NA,NA,"5",240,"GN",0,1,0
"NP","",NA,NA,NA,"5",332,"GN",0,1,0
"NP","",NA,NA,NA,"5",382,"GN",0,1,0
"NP","",NA,NA,NA,"5",470,"GN",0,1,0
"NP","",NA,NA,NA,"5",255,"GN",0,1,0
"NP","",NA,NA,NA,"5",242,"GN",0,1,0
"NP","",NA,NA,NA,"5",228,"GN",0,1,0
"NP","",NA,NA,NA,"5",245,"GN",0,1,0
"NP","",NA,NA,NA,"5",235,"GN",0,1,0
"NP","",NA,NA,NA,"5",244,"GN",0,1,0
"NP","",NA,NA,NA,"5",246,"GN",0,1,0
"NP","",NA,NA,NA,"5",280,"GN",0,1,0
"NP","",NA,NA,NA,"6",282,"GN",0,1,0
"NP","",NA,NA,NA,"6",293,"GN",0,1,0
"NP","",NA,NA,NA,"6",290,"GN",0,1,0
"NP","",NA,NA,NA,"6",289,"GN",0,1,0
"NP","",NA,NA,NA,"6",327,"GN",0,1,0
"NP","",NA,NA,NA,"6",219,"GN",0,1,0
"NP","",NA,NA,NA,"6",256,"GN",0,1,0
"NP","",NA,NA,NA,"6",329,"GN",0,1,0
"NP","",NA,NA,NA,"6",252,"GN",0,1,0
"NP","",NA,NA,NA,"6",264,"GN",0,1,0
"NP","",NA,NA,NA,"6",278,"GN",0,1,0
"NP","",NA,NA,NA,"6",267,"GN",0,1,0
"NP","",NA,NA,NA,"6",333,"GN",0,1,0
"NP","",NA,NA,NA,"6",303,"GN",0,1,0
"NP","",NA,NA,NA,"6",326,"GN",0,1,0
"NP","",NA,NA,NA,"6",294,"GN",0,1,0
"NP","",NA,NA,NA,"6",325,"GN",0,1,0
"NP","",NA,NA,NA,"6",260,"GN",0,1,0
"NP","",NA,NA,NA,"6",286,"GN",0,1,0
"NP","",NA,NA,NA,"6",350,"GN",0,1,0
"NP","",NA,NA,NA,"6",315,"GN",0,1,0
"NP","",NA,NA,NA,"6",300,"GN",0,1,0
"NP","",NA,NA,NA,"6",387,"GN",0,1,0
"NP","",NA,NA,NA,"6",332,"GN",0,1,0
"NP","",NA,NA,NA,"6",321,"GN",0,1,0
"NP","",NA,NA,NA,"6",297,"GN",0,1,0
"NP","",NA,NA,NA,"6",240,"GN",0,1,0
"NP","",NA,NA,NA,"6",365,"GN",0,1,0
"NP","",NA,NA,NA,"6",249,"GN",0,1,0
"NP","",NA,NA,NA,"6",249,"GN",0,1,0
"NP","",NA,NA,NA,"6",276,"GN",0,1,0
"NP","",NA,NA,NA,"6",224,"GN",0,1,0
"NP","",NA,NA,NA,"6",269,"GN",0,1,0
"NP","",NA,NA,NA,"6",308,"GN",0,1,0
"NP","",NA,NA,NA,"6",NA,"GN",0,1,0
"NP","",NA,NA,NA,"6",330,"GN",0,1,0
"NP","",NA,NA,NA,"6",258,"GN",0,1,0
"NP","",NA,NA,NA,"6",323,"GN",0,1,0
"NP","",NA,NA,NA,"6",275,"GN",0,1,0
"NP","",NA,NA,NA,"6",263,"GN",0,1,0
"NP","",NA,NA,NA,"6",248,"GN",0,1,0
"NP","",NA,NA,NA,"6",254,"GN",0,1,0
"NP","",NA,NA,NA,"6",348,"GN",0,1,0
"NP","",NA,NA,NA,"6",285,"GN",0,1,0
"NP","",NA,NA,NA,"6",239,"GN",0,1,0
"NP","",NA,NA,NA,"6",282,"GN",0,1,0
"NP","",NA,NA,NA,"6",349,"GN",0,1,0
"NP","",NA,NA,NA,"6",282,"GN",0,1,0
"NP","",NA,NA,NA,"6",253,"GN",0,1,0
"NP","",NA,NA,NA,"6",320,"GN",0,1,0
"NP","",NA,NA,NA,"6",358,"GN",0,1,0
"NP","",NA,NA,NA,"6",265,"GN",0,1,0
"NP","",NA,NA,NA,"6",233,"GN",0,1,0
"NP","",NA,NA,NA,"6",310,"GN",0,1,0
"NP","",NA,NA,NA,"6",249,"GN",0,1,0
"NP","",NA,NA,NA,"6",327,"GN",0,1,0
"NP","",NA,NA,NA,"6",216,"GN",0,1,0
"NP","",NA,NA,NA,"6",307,"GN",0,1,0
"NP","",NA,NA,NA,"6",297,"GN",0,1,0
"NP","",NA,NA,NA,"6",308,"GN",0,1,0
"NP","",NA,NA,NA,"6",306,"GN",0,1,0
"NP","",NA,NA,NA,"6",363,"GN",0,1,0
"NP","",NA,NA,NA,"6",325,"GN",0,1,0
"NP","",NA,NA,NA,"6",292,"GN",0,1,0
"NP","",NA,NA,NA,"6",350,"GN",0,1,0
"NP","",NA,NA,NA,"6",273,"GN",0,1,0
"NP","",NA,NA,NA,"6",313,"GN",0,1,0
"NP","",NA,NA,NA,"6",279,"GN",0,1,0
"NP","",NA,NA,NA,"6",342,"GN",0,1,0
"NP","",NA,NA,NA,"3",390,"HL",0,1,0
"NP","",NA,NA,NA,"3",440,"HL",0,1,0
"NP","",NA,NA,NA,"3",385,"HL",0,1,0
"NP","",NA,NA,NA,"3",317,"HL",0,1,0
"NP","",NA,NA,NA,"3",379,"HL",0,1,0
"NP","",NA,NA,NA,"3",345,"HL",0,1,0
"NP","",NA,NA,NA,"3",346,"HL",0,1,0
"NP","",NA,NA,NA,"3",483,"HL",0,1,0
"NP","",NA,NA,NA,"3",260,"HL",0,1,0
"NP","",NA,NA,NA,"3",428,"HL",0,1,0
"NP","",NA,NA,NA,"3",420,"HL",0,1,0
"NP","",NA,NA,NA,"3",364,"HL",0,1,0
"NP","",NA,NA,NA,"3",293,"HL",0,1,0
"NP","",NA,NA,NA,"4",500,"HL",0,1,0
"NP","",NA,NA,NA,"4",420,"HL",0,1,0
"NP","",NA,NA,NA,"4",425,"HL",0,1,0
"NP","",NA,NA,NA,"4",390,"HL",0,1,0
"NP","",NA,NA,NA,"4",400,"HL",0,1,0
"NP","",NA,NA,NA,"4",375,"HL",0,1,0
"NP","",NA,NA,NA,"4",411,"HL",0,1,0
"NP","",NA,NA,NA,"4",394,"HL",0,1,0
"NP","",NA,NA,NA,"4",348,"HL",0,1,0
"NP","",NA,NA,NA,"4",290,"HL",0,1,0
"NP","",NA,NA,NA,"4",401,"HL",0,1,0
"NP","",NA,NA,NA,"4",329,"HL",0,1,0
"NP","",NA,NA,NA,"4",376,"HL",0,1,0
"NP","",NA,NA,NA,"4",365,"HL",0,1,0
"NP","",NA,NA,NA,"4",358,"HL",0,1,0
"NP","",NA,NA,NA,"4",384,"HL",0,1,0
"NP","",NA,NA,NA,"5",652,"HL",0,1,0
"NP","",NA,NA,NA,"6",366,"HL",0,1,0
"NP","",NA,NA,NA,"6",810,"HL",0,1,0
"NP","",NA,NA,NA,"6",368,"HL",0,1,0
"NP","",NA,NA,NA,"6",296,"HL",0,1,0
"NP","",NA,NA,NA,"6",368,"HL",0,1,0
"NP","",NA,NA,NA,"6",296,"HL",0,1,0
"NP","",NA,NA,NA,"6",368,"HL",0,1,0
"NP","",NA,NA,NA,"6",305,"HL",0,1,0
"NP","",NA,NA,NA,"6",409,"HL",0,1,0
"NP","",NA,NA,NA,"2",379,"HL",0,1,0
"NP","",NA,NA,NA,"3",245,"HL",0,1,0
"NP","",NA,NA,NA,"3",243,"HL",0,1,0
"NP","",NA,NA,NA,"4",374,"HL",0,1,0
"NP","",NA,NA,NA,"4",323,"HL",0,1,0
"NP","",NA,NA,NA,"4",389,"HL",0,1,0
"NP","",NA,NA,NA,"4",376,"HL",0,1,0
"NP","",NA,NA,NA,"4",352,"HL",0,1,0
"NP","",NA,NA,NA,"4",321,"HL",0,1,0
"NP","",NA,NA,NA,"4",351,"HL",0,1,0
"NP","",NA,NA,NA,"4",353,"HL",0,1,0
"NP","",NA,NA,NA,"4",325,"HL",0,1,0
"NP","",NA,NA,NA,"4",330,"HL",0,1,0
"NP","",NA,NA,NA,"4",360,"HL",0,1,0
"NP","",NA,NA,NA,"4",325,"HL",0,1,0
"NP","",NA,NA,NA,"4",327,"HL",0,1,0
"NP","",NA,NA,NA,"4",330,"HL",0,1,0
"NP","",NA,NA,NA,"4",387,"HL",0,1,0
"NP","",NA,NA,NA,"4",280,"HL",0,1,0
"NP","",NA,NA,NA,"4",247,"HL",0,1,0
"NP","",NA,NA,NA,"4",373,"HL",0,1,0
"NP","",NA,NA,NA,"4",385,"HL",0,1,0
"NP",NA,"6",410,"GN",NA,NA,NA,1,NA,NA
"NP",NA,"6",800,"GN",NA,NA,NA,1,NA,NA
"NP",NA,"6",457,"GN",NA,NA,NA,1,NA,NA
"NP",NA,"6",303,"GN",NA,NA,NA,1,NA,NA
"NP",NA,"6",240,"GN",NA,NA,NA,1,NA,NA
"NP",NA,"6",310,"GN",NA,NA,NA,1,NA,NA
"NP",NA,"6",304,"GN",NA,NA,NA,1,NA,NA
"NP",NA,"6",272,"GN",NA,NA,NA,1,NA,NA
"NP",NA,"6",285,"GN",NA,NA,NA,1,NA,NA
"NP",NA,"6",380,"GN",NA,NA,NA,1,NA,NA
"NP",NA,"6",240,"GN",NA,NA,NA,1,NA,NA
"NP",NA,"6",500,"GN",NA,NA,NA,1,NA,NA
"NP",NA,"6",306,"GN",NA,NA,NA,1,NA,NA
"NP",NA,"6",319,"GN",NA,NA,NA,1,NA,NA
"NP",NA,"6",390,"GN",NA,NA,NA,1,NA,NA
"NP",NA,"6",311,"GN",NA,NA,NA,1,NA,NA
"NP",NA,"6",428,"GN",NA,NA,NA,1,NA,NA
"NP",NA,"6",291,"GN",NA,NA,NA,1,NA,NA
"NP",NA,"6",846,"GN",NA,NA,NA,1,NA,NA
"NP",NA,"6",502,"GN",NA,NA,NA,1,NA,NA
"NP",NA,"6",306,"GN",NA,NA,NA,1,NA,NA
"NP",NA,"6",315,"GN",NA,NA,NA,1,NA,NA
"NP",NA,"6",935,"GN",NA,NA,NA,1,NA,NA
"NP",NA,"6",435,"GN",NA,NA,NA,1,NA,NA
"NP",NA,"6",410,"GN",NA,NA,NA,1,NA,NA
"NP",NA,"6",703,"GN",NA,NA,NA,1,NA,NA
"NP",NA,"6",819,"GN",NA,NA,NA,1,NA,NA
"NP",NA,"6",225,"GN",NA,NA,NA,1,NA,NA
"NP",NA,"6",370,"GN",NA,NA,NA,1,NA,NA
"NP",NA,"6",450,"GN",NA,NA,NA,1,NA,NA
"NP",NA,"6",330,"GN",NA,NA,NA,1,NA,NA
"NP",NA,"6",370,"GN",NA,NA,NA,1,NA,NA
"NP",NA,"6",252,"GN",NA,NA,NA,1,NA,NA
"NP",NA,"6",300,"GN",NA,NA,NA,1,NA,NA
"NP",NA,"6",226,"GN",NA,NA,NA,1,NA,NA
"NP",NA,"6",320,"GN",NA,NA,NA,1,NA,NA
"NP",NA,"6",310,"GN",NA,NA,NA,1,NA,NA
"NP",NA,"6",335,"GN",NA,NA,NA,1,NA,NA
"NP",NA,"6",235,"GN",NA,NA,NA,1,NA,NA
"NP",NA,"6",414,"GN",NA,NA,NA,1,NA,NA
"NP",NA,"6",550,"GN",NA,NA,NA,1,NA,NA
"NP",NA,"6",884,"GN",NA,NA,NA,1,NA,NA
"NP",NA,"6",285,"GN",NA,NA,NA,1,NA,NA
"NP",NA,"6",365,"GN",NA,NA,NA,1,NA,NA
"NP",NA,"6",318,"GN",NA,NA,NA,1,NA,NA
"NP",NA,"6",403,"GN",NA,NA,NA,1,NA,NA
"NP",NA,"6",540,"GN",NA,NA,NA,1,NA,NA
"NP",NA,"6",684,"GN",NA,NA,NA,1,NA,NA
"NP",NA,"6",270,"GN",NA,NA,NA,1,NA,NA
"NP",NA,"6",361,"GN",NA,NA,NA,1,NA,NA
"NP",NA,"6",363,"GN",NA,NA,NA,1,NA,NA
"NP",NA,"6",370,"GN",NA,NA,NA,1,NA,NA
"NP",NA,"6",214,"GN",NA,NA,NA,1,NA,NA
"NP",NA,"6",240,"GN",NA,NA,NA,1,NA,NA
"NP",NA,"6",203,"GN",NA,NA,NA,1,NA,NA
"NP",NA,"6",340,"GN",NA,NA,NA,1,NA,NA
"NP",NA,"6",329,"GN",NA,NA,NA,1,NA,NA
"NP",NA,"6",288,"GN",NA,NA,NA,1,NA,NA
"NP",NA,"6",330,"GN",NA,NA,NA,1,NA,NA
"NP",NA,"6",281,"GN",NA,NA,NA,1,NA,NA
"NP",NA,"6",273,"GN",NA,NA,NA,1,NA,NA
"NP",NA,"6",245,"GN",NA,NA,NA,1,NA,NA
"NP",NA,"6",399,"GN",NA,NA,NA,1,NA,NA
"NP",NA,"6",246,"GN",NA,NA,NA,1,NA,NA
"NP",NA,"6",240,"GN",NA,NA,NA,1,NA,NA
"NP",NA,"6",249,"GN",NA,NA,NA,1,NA,NA
"NP",NA,"6",853,"GN",NA,NA,NA,1,NA,NA
"NP",NA,"6",326,"GN",NA,NA,NA,1,NA,NA
"NP",NA,"6",331,"GN",NA,NA,NA,1,NA,NA
