Samplers,Date,Fish #,Tag #,Recap?,Section #,Species,Gear,Length ,Weight (g),Age,Sex,Stomach?,Coho,Sockeye,UI Salmon,Stickleback ,Dolly Varden,Pike,Burbot,Lamprey,UI Fish,Scud,Dragon Fly,Water tiger,Damsel Fly,Caddis Fly,Stonefly,Mayfly,Chironomid,Beetle,Spiker,Wasp,Clam/mussel,Snail,Leech,Water Boatman,White worm,Roundworm,Worm,Moth,Maggot,UI Invert,Mammal,Bird,Eggs,Other (specify),Comments
CJ SVD,6/21/2018,134,1269,Y,1,NP,Gill Net,510,1068,,M,Y,,,,,,,,,,,1,,1,,,,,,,,,,,,,,,,,,,,,,
CJ SVD,6/21/2018,135,,,1,NP,Gill Net,535,1249,,M,N,,,,,,,,,,,,,,,,,,,,,,,,,,,,,,,,,,,
CJ SVD,6/21/2018,136,,,1,NP,Gill Net,410,529,,M,N,,,,,,,,,,,,,,,,,,,,,,,,,,,,,,,,,,,
CJ SVD,6/21/2018,137,1146,Y,1,NP,Gill Net,460,794,,F,N,,,,,,,,,,,,,,,,,,,,,,,,,,,,,,,,,,,
CJ SVD,6/21/2018,138,1859,Y,1,NP,Gill Net,570,1757,,F,N,,,,,,,,,,,,,,,,,,,,,,,,,,,,,,,,,,,
CJ SVD,6/21/2018,139,1159,Y,1,NP,Gill Net,628,1958,,F,N,,,,,,,,,,,,,,,,,,,,,,,,,,,,,,,,,,,
CJ SVD,6/21/2018,140,1812,Y,1,NP,Gill Net,600,1892,,F,Y,,,,,,1,,,,,,,,,,,,,,,,,,,,,,,,,,,,,Pike in stomach # 1249
CJ SVD,6/21/2018,141,,,1,NP,Gill Net,642,2425,,M,Y,,,,,,,,,,,,,,,,,,,,,,,,,,,,,,,,,,Filetted pike skin,
CJ SVD,6/21/2018,142,1007,Y,1,NP,Gill Net,418,576,,F,N,,,,,,,,,,,,,,,,,,,,,,,,,,,,,,,,,,,
CJ SVD,6/21/2018,143,1202,Y,1,NP,Gill Net,405,536,,F,Y,,,,,,,,,,30,,,,,,,,,,,,,,,,,,,,,,,,,
CJ SVD,6/21/2018,144,,,1,NP,Gill Net,407,457,,F,Y,,,,,,,,,,15,,,,,,,,,,,,,,,,,,,,,,,,,
CJ SVD,6/21/2018,145,,,1,NP,Gill Net,330,274,,U,Y,,,,,,,,,,22,,,,,,,,,,,,,,,,,,,,,,,,,
CJ SVD,6/21/2018,146,,,1,NP,Gill Net,305,215,,U,Y,,,,,,,,,,,4,,1,,,,,,,,,,1,,,,,,,,,,,,
CJ SVD,6/21/2018,147,1312,Y,1,NP,Gill Net,378,328,,F,Y,,,,,,,,,,5,,,,,,,,,,,,,,,,,,,,,,,,,
CJ SVD,6/21/2018,148,1506,Y,1,NP,Gill Net,445,690,,F,N,,,,,,,,,,,,,,,,,,,,,,,,,,,,,,,,,,,
CJ SVD,6/21/2018,149,TL,Y,1,NP,Gill Net,425,566,,F,Y,,,,,,,,,,10,,,,,,,,,,,,,,,,,,,,,,,,,
CJ SVD,6/21/2018,150,1165,Y,1,NP,Gill Net,455,750,,F,Y,,,,,,,,,,30,,,,,,,,,,,,,,,,,,,,,,,,,
CJ SVD,6/21/2018,151,,,1,NP,Gill Net,484,855,,F,Y,,,,,,1,,,,,,,,,,,,,,,,,,,,,,,,,,,,,
CJ SVD,6/21/2018,152,1863,Y,1,NP,Gill Net,442,687,,F,Y,,,,,,,,,,,3,,,,,,,,,,,,,,,,,,,,,,,,
CJ SVD,6/21/2018,153,,,1,NP,Gill Net,439,652,,M,N,,,,,,,,,,,,,,,,,,,,,,,,,,,,,,,,,,,
CJ SVD,6/21/2018,154,,,1,NP,Gill Net,420,618,,F,Y,,,,,,,,,,10,,,,,,,,,,,,,,,,,,,,,,,,,
CJ SVD,6/21/2018,155,1038,Y,1,NP,Gill Net,385,456,,U,Y,,,,,,,,,,20,1,,,,,,,,,,,,,,,,,,,,,,,,
CJ SVD,6/21/2018,156,,,1,NP,Gill Net,368,377,,F,N,,,,,,,,,,,,,,,,,,,,,,,,,,,,,,,,,,,
CJ SVD,6/21/2018,157,1148,Y,1,NP,Gill Net,383,421,,M,N,,,,,,,,,,,,,,,,,,,,,,,,,,,,,,,,,,,
CJ SVD,6/21/2018,158,,,1,NP,Gill Net,320,257,,M,Y,,,,,,,,,,,,,,,,,,,,,,,1,,,,,,,,,,,,
CJ SVD,6/21/2018,159,,,1,NP,Gill Net,290,191,,M,N,,,,,,,,,,,,,,,,,,,,,,,,,,,,,,,,,,,
CJ SVD,6/21/2018,160,,,1,NP,Gill Net,301,215,,F,Y,,,,,,,,,,2,,,,,,,,,,,,,,,,,,,,,,,,,
CJ SVD,6/21/2018,161,,,1,NP,Gill Net,295,182,,U,Y,,,,,,,,,,30,,,,,,,,,,,,,,,,,,,,,,,,,
CJ SVD,6/21/2018,162,,,1,NP,Gill Net,290,187,,M,Y,,,,,,,,,,25,,,,,,,,,,,,,,,,,,,,,,,,,
CJ SVD,6/21/2018,163,,,1,NP,Gill Net,220,89,,M,Y,,,,,,,,,,40,,,,,,,,,,,,,,,,,,,,,,,,,
CJ SVD,6/21/2018,164,,,1,NP,Gill Net,260,129,,M,Y,,,,,,,,,,5,,,,,,,,,,,,,,,,,,,,,,,,,
CJ SVD,6/21/2018,165,,,1,NP,Gill Net,305,206,,F,Y,,,,,,,,,,18,,,,,,,,,,,,,,,,,,,,,,,,,
CJ SVD,6/21/2018,166,,,1,NP,Gill Net,216,81,,U,N,,,,,,,,,,,,,,,,,,,,,,,,,,,,,,,,,,,
CJ SVD,6/21/2018,167,,,1,NP,Gill Net,286,156,,U,Y,,,,,,,,,,50,,,,,,,,,,,,,,,,,,,,,,,,,
CJ SVD,6/21/2018,168,,,1,NP,Gill Net,284,166,,U,N,,,,,,,,,,,,,,,,,,,,,,,,,,,,,,,,,,,
CJ SVD,6/21/2018,169,,,1,NP,Gill Net,240,110,,M,Y,,,,,,,,,,10,2,,,,,,,,,,,,,,,,,,,,,,,,
CJ SVD,6/21/2018,170,,,1,NP,Gill Net,230,84,,U,N,,,,,,,,,,,,,,,,,,,,,,,,,,,,,,,,,,,
CJ SVD,6/21/2018,171,1218,Y,1,NP,Gill Net,418,631,,F,N,,,,,,,,,,,,,,,,,,,,,,,,,,,,,,,,,,,
CJ SVD,6/21/2018,172,1410,Y,1,NP,Gill Net,394,553,,F,N,,,,,,,,,,,,,,,,,,,,,,,,,,,,,,,,,,,
CJ SVD,6/21/2018,173,1308,Y,1,NP,Gill Net,425,605,,M,Y,,,,,,,,,,,3,,,,,,,,,,,,,,,,,,,,,,,,
CJ SVD,6/21/2018,174,,,1,NP,Gill Net,366,453,,M,Y,,,,,,,,,,2,1,,,,,,,,,,,,,,,,,,,,,,,,
CJ SVD,6/21/2018,175,,,1,NP,Gill Net,336,709,,F,N,,,,,,,,,,,,,,,,,,,,,,,,,,,,,,,,,,,
CJ SVD,6/21/2018,176,1305,Y,1,NP,Gill Net,477,858,,M,Y,,,,,,,,,,,1,,,,,,,,,,,,,,,,,,,,,,,,
CJ SVD,6/21/2018,177,,,1,NP,Gill Net,406,514,,M,Y,,,,,,,,,,2,,,2,,,,,,,,,,2,,,,,,,,1,,,,
CJ SVD,6/21/2018,178,,,1,NP,Gill Net,493,1038,,F,Y,,,,,,,,,,,1,,,,,,,,,,,,,,,,,,,,,,,,
CJ SVD,6/21/2018,179,,,1,NP,Gill Net,314,222,,M,Y,,,,,,,,,,,1,,,,,,,,,,,,,,,,,,,,,,,,
CJ SVD,6/21/2018,180,,,1,NP,Gill Net,292,189,,F,N,,,,,,,,,,,,,,,,,,,,,,,,,,,,,,,,,,,
CJ SVD,6/21/2018,181,1320,Y,1,NP,Gill Net,561,1317,,F,N,,,,,,,,,,,,,,,,,,,,,,,,,,,,,,,,,,,
CJ SVD,6/21/2018,182,TL,Y,1,NP,Gill Net,440,734,,M,Y,,,,,,,,,,,1,,,,,,,,,,,,1,,,,,,,,,,,,
CJ SVD,6/21/2018,183,,,1,NP,Gill Net,341,317,,M,Y,,,,,,,,,,5,1,,,,,,,,,,,,,,,,,,,,,,,,
CJ SVD,6/21/2018,184,1221,Y,1,NP,Gill Net,443,667,,F,Y,,,,,,,,,,20,1,,,,,,,,,,,,,,,,,,,,,,,,
CJ SVD,6/21/2018,185,,,1,NP,Gill Net,239,99,,U,Y,,,,,,,,,,,2,,,,,,,,,,,,,,,,,,,,,,,,
CJ SVD,6/21/2018,186,,,1,NP,Gill Net,284,185,,M,Y,,,,,,,,,,5,1,,,,,,,,,,,,,,,,,,,,,,,,
CJ SVD,6/21/2018,187,1209,Y,1,NP,Gill Net,418,619,,F,Y,,,,,,,,,,30,,,,,,,,,,,,,,,,,,,,,,,,,
CJ SVD,6/21/2018,188,,,1,NP,Gill Net,593,1661,,F,N,,,,,,,,,,,,,,,,,,,,,,,,,,,,,,,,,,,
CJ SVD,6/21/2018,189,1861,Y,1,NP,Gill Net,462,757,,M,Y,,,,,,,,,,,2,,,,,,,,,,,,,,,,,,,,,,,,
CJ SVD,6/21/2018,190,,,1,NP,Gill Net,349,330,,F,N,,,,,,,,,,,,,,,,,,,,,,,,,,,,,,,,,,,
CJ SVD,6/21/2018,191,,,1,NP,Gill Net,490,981,,F,Y,,,,,,,,,,,3,,,,,,,,,,,,,,,,,,,,,,,,
CJ SVD,6/21/2018,192,,,1,NP,Gill Net,531,1151,,F,Y,,,,,,,,,,,1,,,,,,,,,,,,,,,,,,,,1,,,,
CJ SVD,6/21/2018,193,,,1,NP,Gill Net,271,140,,U,Y,,,,,,,,,,,1,,,,,,,,,,,,,,,,,,,,,,,,
CJ SVD,6/21/2018,194,,,1,NP,Gill Net,337,335,,U,Y,,,,,,,,,,,1,,,,,,,,,,,,,,,,,,,,,,,,
CJ SVD,6/21/2018,195,1317,Y,1,NP,Gill Net,375,410,,F,Y,,,,,,,,,,10,,,,,,,,,,,,,,,,,,,,,,,,,
CJ SVD,6/21/2018,196,1318,Y,1,NP,Gill Net,387,432,,F,Y,,,,,,,,,,1,,,,,,,,,,,,,,,,,,,,,,,,,
CJ SVD,6/21/2018,197,1309,Y,1,NP,Gill Net,335,299,,F,Y,,,,,,,,,,,9,,,,,,,,,,,,2,,,,,,,,,,,,
CJ SVD,6/21/2018,198,1322,Y,1,NP,Gill Net,389,467,,F,Y,,,,,,,,,,,2,,,,,,,,,,,,,,,,,,,,,,,,
CJ SVD,6/21/2018,199,,,1,NP,Gill Net,290,187,,F,Y,,,,,,,,,,5,4,,,1,,,,,,,,,,,,,,,,,,,,,
CJ SVD,6/21/2018,200,1870,Y,1,NP,Gill Net,527,1196,,F,N,,,,,,,,,,,,,,,,,,,,,,,,,,,,,,,,,,,
CJ SVD,6/21/2018,201,,,1,NP,Gill Net,431,673,,F,Y,,,,,,,,,,10,4,,,,,,,,,,,,,,,,,,,,,,,,
CJ SVD,6/21/2018,202,,,1,NP,Gill Net,354,338,,F,Y,,,,,,,,,,15,,,1,,,,,,,,,,2,,,,,,,,,,,,
CJ SVD,6/21/2018,203,TL,Y,1,NP,Gill Net,493,860,,F,Y,,,,,,,,,,,2,,,,,,,,,,,,,,,,,,,,,,,,
CJ SVD,6/21/2018,204,,,1,NP,Gill Net,335,287,,F,Y,,,,,,,,,,,2,,,,,,,,,,,,,,,,,,,,,,,,
CJ SVD,6/21/2018,205,,,1,NP,Gill Net,252,119,,U,Y,,,,,,,,,,,,,,,,,,,,,,,,,,,6,,,,,,,,
CJ SVD,6/21/2018,206,1467,Y,1,NP,Gill Net,459,968,,F,N,,,,,,,,,,,,,,,,,,,,,,,,,,,,,,,,,,,
CJ SVD,6/21/2018,207,,,1,NP,Gill Net,411,563,,M,N,,,,,,,,,,,,,,,,,,,,,,,,,,,,,,,,,,,
CJ SVD,6/21/2018,208,1302,Y,1,NP,Gill Net,329,259,,F,Y,,,,,,,,,,2,1,,,,,,,,,,,,,,,,,,,,,,,,
CJ SVD,6/21/2018,209,1319,Y,1,NP,Gill Net,440,650,,F,Y,,,,,,,,,,5,,,,,,,,,,,,,,,,,,,,,,,,,
CJ SVD,6/21/2018,210,1207,Y,1,NP,Gill Net,535,1316,,F,Y,,,,,,,,,,15,,,,,,,,,,,,,,,,,,,,,,,,,
CJ SVD,6/21/2018,211,,,1,NP,Gill Net,319,243,,F,Y,,,,,,,,,,10,,,,,,,,,,,,,,,,,,,,,,,,,
CJ SVD,6/21/2018,212,1436,Y,1,NP,Gill Net,463,735,,M,Y,,,,,,,,,,,,,,,,3,,,,,,,,,,,,,,,,,,,
CJ SVD,6/21/2018,213,1314,Y,1,NP,Gill Net,401,534,,M,Y,,,,,,,,,,35,,,,,,,,,,,,,2,,,,,,,,,,,,
CJ SVD,6/21/2018,214,,,1,NP,Gill Net,287,181,,U,Y,,,,,,,,,,,2,,,,,2,,,,,,,,,,,,,,,,,,,
CJ SVD,6/21/2018,215,,,1,NP,Gill Net,456,663,,F,Y,,,,,,,,,,5,,,,,,2,,,,,,,,,,,3,,,,,,,,
CJ SVD,6/21/2018,216,1321,Y,1,NP,Gill Net,440,563,,F,Y,,,,,,,,,,,2,,,,,1,,,,,,,,,,,,,,,,,,,
CJ SVD,6/21/2018,217,,,1,NP,Gill Net,270,142,,U,Y,,,,,,,,,,1,,,,,,,,,,,,,,,,,,,,,,,,,
CJ SVD,6/21/2018,218,1324,Y,1,NP,Gill Net,394,551,,M,Y,,,,,,1,,,,,2,,,,,,,,,,,,,,,,,,,,,,,,
CJ SVD,6/21/2018,219,1204,Y,1,NP,Gill Net,418,548,,F,Y,,,,,,,,,,,5,,,,,,,,,,,,,,,,3,,,,,,,,
CJ SVD,6/21/2018,220,1131,Y,1,NP,Gill Net,466,856,,F,N,,,,,,,,,,,,,,,,,,,,,,,,,,,,,,,,,,,
CJ SVD,6/21/2018,221,,,1,NP,Gill Net,290,179,,U,N,,,,,,,,,,,,,,,,,,,,,,,,,,,,,,,,,,,
CJ SVD,6/21/2018,222,,,1,NP,Gill Net,273,172,,F,Y,,,,,,,,,,,2,,,,,,,,,,,,,,,,,,,,,,,,
CJ SVD,6/21/2018,223,,,1,NP,Gill Net,213,77,,U,N,,,,,,,,,,,,,,,,,,,,,,,,,,,,,,,,,,,
CJ SVD,6/21/2018,224,,,1,NP,Gill Net,211,81,,U,Y,,,,,,,,,1,,,,,,,,,,,,,,,,,,,,,,,,,,
CJ SVD,6/21/2018,225,1127,Y,1,NP,Gill Net,418,596,,M,N,,,,,,,,,,,,,,,,,,,,,,,,,,,,,,,,,,,
CJ SVD,6/21/2018,226,,,1,NP,Gill Net,237,98,,U,Y,,,,,,,,,,15,,,,,,,,,,,,,,,,,,,,,,,,,
CJ SVD,6/21/2018,227,1168,Y,1,NP,Gill Net,500,1077,,F,N,,,,,,,,,,,,,,,,,,,,,,,,,,,,,,,,,,,
CJ SVD,6/21/2018,228,1303,Y,1,NP,Gill Net,397,471,,M,N,,,,,,,,,,,,,,,,,,,,,,,,,,,,,,,,,,,
CJ SVD,6/21/2018,229,,,1,NP,Gill Net,233,124,,U,Y,,,,,,,,,,10,,,1,,,,,,,8,,,,,,,,,,,,,,1,(other is lady bug)
CJ SVD,6/21/2018,230,,,1,NP,Gill Net,288,180,,F,Y,,,,,,,,,,5,4,,,,,,,,,,,,,,,,,,,,,,,,
CJ SVD,6/21/2018,231,,,1,NP,Gill Net,298,189,,F,Y,,,,,,,,,,,,,,,,,,,,,,,,,,,3,,,,,,,,
CJ SVD,6/21/2018,232,1295,Y,1,NP,Gill Net,486,980,,F,Y,,,,,,,,,,10,,,,,,,,,,,,,,,,,,,,,,,,,
CJ SVD,6/21/2018,233,1037,Y,1,NP,Gill Net,389,495,,M,Y,,,,,,,,,,5,,,,,,,,,,2,,,2,2,,,,,,,,,,,
CJ SVD,6/21/2018,234,1306,Y,1,NP,Gill Net,426,641,,M,N,,,,,,,,,,,,,,,,,,,,,,,,,,,,,,,,,,,
CJ SVD,6/21/2018,235,,,1,NP,Gill Net,342,301,,F,Y,,,,,,,,,,,2,,,,,,,,,,,,,,,,,,,,,,,,
CJ SVD,6/21/2018,236,1004,Y,1,NP,Gill Net,477,910,,F,Y,,,,,,,,,,,2,,,,,,,,,,,,,,,,2,,,,,,,,
CJ SVD,6/21/2018,237,,,1,NP,Gill Net,263,151,,U,Y,,,,,,,,,,,2,,,,,1,,,,,,,,,,,,,,,,,,,
CJ SVD,6/21/2018,238,,,1,NP,Gill Net,222,86,,U,Y,,,,,,,,,,20,1,,,,,,,,,,,,,,,,,,,,,,,,
CJ SVD,6/21/2018,239,,,1,NP,Gill Net,282,193,,M,Y,,,,,,,,,,5,,,,,,1,,,,,,,,,,,,,,,,,,,
CJ SVD,6/21/2018,240,,,1,NP,Gill Net,233,94,,M,Y,,,,,,,,,,20,,,,,,,,,,,,,,,,,1,,,,,,,,
CJ SVD,6/21/2018,241,1329,Y,1,NP,Gill Net,419,567,,M,Y,,,,,,,,,,,,,,,,1,,,,,,,,,,,,,,,,,,,
CJ SVD,6/21/2018,242,,,1,NP,Gill Net,289,184,,M,Y,,,,,,,,,,,3,,,,,,,,,,,,,,,,,,,,,,,,
CJ SVD,6/21/2018,243,,,1,NP,Gill Net,219,91,,U,Y,,,,,,,,,,30,,,,,,,,,,4,,,,,,,,,,,,,,,
CJ SVD,6/21/2018,244,,,1,NP,Gill Net,240,110,,M,Y,,,,,,,,,,8,1,,,,,,,,,10,,,,,,,,,,,,,,,
CJ SVD,6/21/2018,245,,,1,NP,Gill Net,255,134,,M,Y,,,,,,,,,,15,2,,,,,,,,,,,,,,,,,,,,,,,,
CJ SVD,6/21/2018,246,,,1,NP,Gill Net,415,580,,M,Y,,,,,,,,,,1,2,,,,,,,,,,,,,,,,,,,,,,,,
CJ SVD,6/21/2018,247,,,1,NP,Gill Net,276,177,,M,Y,,,,,,,,,,10,2,,,,,,,,,,,,,,,,,,,,,,,,
CJ SVD,6/21/2018,248,1301,Y,1,NP,Gill Net,354,364,,F,Y,,,,,,,,,,,2,,,,,,,,,,,,,,,,,,,,,,,,
CJ SVD,6/21/2018,249,,,1,NP,Gill Net,274,152,,M,Y,,,,,,,,,,,1,,,,,,,,,,,,,,,,,,,,,,,,
CJ SVD,6/21/2018,250,,,1,NP,Gill Net,284,171,,F,N,,,,,,,,,,,,,,,,,,,,,,,,,,,,,,,,,,,
CJ SVD,6/21/2018,251,1005,Y,1,NP,Gill Net,351,351,,M,Y,,,,,,,,,,,,,,,,,,,,1,,,,,,,,,,,,,,,
CJ SVD,6/21/2018,252,1290,Y,1,NP,Gill Net,448,671,,F,Y,,,,,,,,,,1,,,,,,,,,,,,,,,,,,,,,,,,,
CJ SVD,6/21/2018,253,1224,Y,3,NP,Angler,452,709,,F,Y,,,,,,,,,,3,,,,,,,,,,,,,,,,,,,,,,,,,
CJ SVD,6/21/2018,254,1370,Y,3,NP,Angler,468,758,,F,N,,,,,,,,,,,,,,,,,,,,,,,,,,,,,,,,,,,
CJ SVD,6/21/2018,255,1044,Y,3,NP,Angler,399,354,,M,Y,,,,,,,,,,,3,,,,,,,,,,,,,,,,,,,,,,,,
CJ SVD,6/21/2018,256,1899,Y,3,NP,Angler,550,1391,,M,N,,,,,,,,,,,,,,,,,,,,,,,,,,,,,,,,,,,
CJ SVD,6/21/2018,257,1157,Y,3,NP,Angler,463,701,,M,N,,,,,,,,,,,,,,,,,,,,,,,,,,,,,,,,,,,
CJ SVD,6/21/2018,258,1544,Y,3,NP,Angler,416,513,,F,Y,,,,,,,,,,7,,,,,,,,,,,,,,,,,,,,,,,,,
CJ SVD,6/21/2018,259,,,3,NP,Angler,445,692,,M,Y,,,,,,,,,,,,,,,,,,,,,,,9,,,,,,,,,,,,
CJ SVD,6/21/2018,260,1286,Y,3,NP,Angler,486,872,,M,Y,,,,,,,,,,,,,,,,,,,,,,,8,,,,,,,,,,,,
CJ SVD,6/21/2018,261,1512,Y,3,NP,Angler,416,552,,F,Y,,,,,,,,,,,,,,,,,,,,,,,,,,,,,,,,1,,,
CJ SVD,6/21/2018,262,1251,Y,3,NP,Angler,471,837,,M,N,,,,,,,,,,,,,,,,,,,,,,,,,,,,,,,,,,,
CJ SVD,6/21/2018,263,,,3,NP,Angler,420,510,,M,Y,,,,,,,,,,,2,,,,,,,,,,,,,,,,,,,,,,,,
CJ SVD,6/21/2018,264,1873,Y,3,NP,Angler,501,921,,F,Y,,,,,,,,,,2,,,,,,,,,,,,,,,,,,,,,,,,,
CJ SVD,6/21/2018,265,,,3,NP,Angler,416,496,,M,Y,,,,,,,,,,,2,,,,,,,,,,,,,,,,,,,,,,,,
CJ SVD,6/21/2018,266,,,3,NP,Angler,410,510,,F,N,,,,,,,,,,,,,,,,,,,,,,,,,,,,,,,,,,,
CJ SVD,6/21/2018,267,1158,Y,3,NP,Angler,422,665,,M,N,,,,,,,,,,,,,,,,,,,,,,,,,,,,,,,,,,,1 otolith
CJ SVD,6/21/2018,268,1898,Y,3,NP,Angler,478,841,,F,N,,,,,,,,,,,,,,,,,,,,,,,,,,,,,,,,,,,
CJ SVD,6/21/2018,269,,,3,NP,Angler,480,878,,M,N,,,,,,,,,,,,,,,,,,,,,,,,,,,,,,,,,,,1 otolith
CJ SVD,6/21/2018,270,1855,Y,3,NP,Angler,430,656,,F,Y,,,,,,,,,,25,,,,,,,,,,,,,,,,,,,,,,,,,1 otolith
CJ SVD,6/21/2018,271,1228,Y,3,NP,Angler,378,392,,M,Y,,,,,,,,,,10,1,,,,,,,,,,,,,,,,,,,,,,,,1 otolith
CJ SVD,6/21/2018,272,,,3,NP,Angler,398,503,,M,Y,,,,1,,,,,,,,,,,,,,,,,,,,,,,,,,,,,,,
CJ SVD,6/21/2018,273,,,3,NP,Angler,377,545,,F,Y,,,,,,,,,1,,,,,,,,,,,,,,,,,,,,,,,,,,
CJ SVD,6/21/2018,274,,,3,NP,Angler,365,360,,U,Y,,,,,,,,,,,8,,,,,,,,,,,,,,,,,,,,,,,,
CJ SVD,6/21/2018,275,,,3,NP,Angler,346,297,,F,Y,,,,,,,,,,,2,,,,,,,,,,,,,,,,,,,,,,,,
CJ SVD,6/21/2018,276,,,3,NP,Angler,294,173,,U,Y,,,,,,,,,,,1,,,,,,,,,,,,,,,,,,,,,,,,
CJ SVD,6/21/2018,277,,,3,NP,Angler,310,233,,F,N,,,,,,,,,,,,,,,,,,,,,,,,,,,,,,,,,,,
CJ SVD,6/21/2018,278,,,3,NP,Angler,340,289,,U,N,,,,,,,,,,,,,,,,,,,,,,,,,,,,,,,,,,,
CJ SVD,6/21/2018,279,,,3,NP,Angler,265,134,,U,Y,,,,,,,,,,,3,,,,,,,,,,,,,,,,,,,,,,,,no otoliths 
CJ SVD,6/22/2018,280,,,Outlet Fyke,NP,Fyke,470,970,,M,Y,3,,,,,,,,,,,,,,,,,,,,,,,,,,,,,,,,,,
CJ SVD,6/22/2018,281,1169,Y,Outlet Fyke,NP,Fyke,390,460,,M,Y,1,,1,3,,,,,,,,,,,,,,,,1,,,,,,,,,,,,,,,
CJ SVD,6/22/2018,282,1282,Y,Outlet Fyke,NP,Fyke,465,697,,F,Y,1,,,2,,,,,,,,,,,,,,,,,,,,,,,,,,,,,,,
CJ SVD,6/22/2018,283,1242,Y,Outlet Fyke,NP,Fyke,452,785,,M,Y,1,,,4,,,,,,,,,,,,,,,,,,,,,,,,,,,,,,,
CJ SVD,6/22/2018,284,1152,Y,2,NP,Gill Net,395,588,,F,Y,14,,1,1,,,,,,,,,,,,,,,,,,,,,,,,,,,,,,,
CJ SVD,6/22/2018,285,1272,Y,2,NP,Gill Net,490,955,,F,Y,,,1,,,,,,,,,,,,,,,,,,,,,,,,,,,,,,,,
CJ SVD,6/22/2018,286,1151,Y,2,NP,Gill Net,481,905,,M,Y,,,,,,,,,,,,,,,,,,,,,,,,,,,4,,,,,,,,
CJ SVD,6/22/2018,287,1284,Y,2,NP,Gill Net,660,2270,,F,N,,,,,,,,,,,,,,,,,,,,,,,,,,,,,,,,,,,
CJ SVD,6/22/2018,288,,,2,NP,Gill Net,591,1855,,M,Y,,,2,,,,,,,,,,,,,,,,,,,,,,,,,,,,,,,,
CJ SVD,6/22/2018,289,1107,Y,2,NP,Gill Net,426,619,,M,N,,,,,,,,,,,,,,,,,,,,,,,,,,,,,,,,,,,
CJ SVD,6/22/2018,290,1108,Y,2,NP,Gill Net,425,615,,F,Y,,,,2,,,,,,,,,,,,,,,,,,,,,,,,,,,,,,,
CJ SVD,6/22/2018,291,,,2,NP,Gill Net,562,1380,,F,N,,,,,,,,,,,,,,,,,,,,,,,,,,,,,,,,,,,
CJ SVD,6/22/2018,292,1201,Y,2,NP,Gill Net,564,1292,,F,Y,,,,,,,,,,,1,,,,,,,,,,,,,,,,,,,,,,,,
CJ SVD,6/22/2018,293,1184,Y,2,NP,Gill Net,503,915,,M,Y,,,,,,,,,,10,,,,,,,,,,,,,,,,,,,,,,,,,
CJ SVD,6/22/2018,294,,,2,NP,Gill Net,425,645,,M,Y,1,,,,,,,,,,,,,,,,,,,,,,,,,,,,,,,,,,
CJ SVD,6/22/2018,295,,,2,NP,Gill Net,463,660,,M,Y,,,,10,,,,,,,,,,,,,,,,,,,,,,,,,,,,,,,
CJ SVD,6/22/2018,296,,,2,NP,Gill Net,455,715,,F,N,,,,,,,,,,,,,,,,,,,,,,,,,,,,,,,,,,,
CJ SVD,6/22/2018,297,,,2,NP,Gill Net,455,810,,M,Y,,,,,,1,,,,,,,,,,,,,,,,,,,,,,,,,,,,,
CJ SVD,6/22/2018,298,1345,Y,2,NP,Gill Net,505,1025,,F,N,,,,,,,,,,,,,,,,,,,,,,,,,,,,,,,,,,,
CJ SVD,6/22/2018,299,1248,Y,2,NP,Gill Net,522,1040,,M,N,,,,,,,,,,,,,,,,,,,,,,,,,,,,,,,,,,,
CJ SVD,6/22/2018,300,,,2,NP,Gill Net,510,1085,,M,Y,,,,,,,,,1,,,,,,,,,,,,,,,,,,,,,,,,,,
CJ SVD,6/22/2018,301,1866,Y,2,NP,Gill Net,405,510,,F,N,,,,,,,,,,,,,,,,,,,,,,,,,,,,,,,,,,,
CJ SVD,6/22/2018,302,1372,Y,2,NP,Gill Net,452,755,,M,N,,,,,,,,,,,,,,,,,,,,,,,,,,,,,,,,,,,
CJ SVD,6/22/2018,303,1253,Y,2,NP,Gill Net,575,1320,,F,N,,,,,,,,,,,,,,,,,,,,,,,,,,,,,,,,,,,
CJ SVD,6/22/2018,304,1021,Y,2,NP,Gill Net,417,566,,M,N,,,,,,,,,,,,,,,,,,,,,,,,,,,,,,,,,,,
CJ SVD,6/22/2018,305,1798,Y,2,NP,Gill Net,400,490,,M,Y,,,,1,,,,,,,,,,,,,,,,,,,,,,,,,,,,,,,
CJ SVD,6/22/2018,306,1852,Y,2,NP,Gill Net,582,1919,,M,Y,,,,,,,,,,,,,,,,,,,,,,,,,,,,,,,,,,Pike skin,
CJ SVD,6/22/2018,307,1243,Y,2,NP,Gill Net,415,561,,F,Y,,,,,,,,,,,,,,,,,,,,,,,3,,,,,,,,,,,,
CJ SVD,6/22/2018,308,1871,Y,2,NP,Gill Net,445,785,,M,N,,,,,,,,,,,,,,,,,,,,,,,,,,,,,,,,,,,
CJ SVD,6/22/2018,309,1011,Y,2,NP,Gill Net,415,580,,M,N,,,,,,,,,,,,,,,,,,,,,,,,,,,,,,,,,,,
CJ SVD,6/22/2018,310,,,2,NP,Gill Net,285,155,,M,Y,,,,,,,,,,,,,,,,,,,,,,,1,,,,,,,,,,,,
CJ SVD,6/22/2018,311,,,2,NP,Gill Net,390,469,,F,Y,,,,,,,,,,10,1,,,,,,,,,,,,,,,,,,,,,,,,
CJ SVD,6/22/2018,312,1154,Y,2,NP,Gill Net,562,1392,,F,N,,,,,,,,,,,,,,,,,,,,,,,,,,,,,,,,,,,
CJ SVD,6/22/2018,313,1464,Y,2,NP,Gill Net,432,542,,M,Y,,,,,,,,,,,1,,,,,,,,,,,,,,,,,,,,,,,,
CJ SVD,6/22/2018,314,1182,Y,2,NP,Gill Net,550,1250,,M,N,,,,,,,,,,,,,,,,,,,,,,,,,,,,,,,,,,,
CJ SVD,6/22/2018,315,1161,Y,2,NP,Gill Net,434,618,,F,Y,,,,1,,,,,,,,,,,,,,,,,,,,,,,,,,,,,,,
CJ SVD,6/22/2018,316,,,2,NP,Gill Net,370,447,,M,N,,,,,,,,,,,,,,,,,,,,,,,,,,,,,,,,,,,
CJ SVD,6/22/2018,317,,,2,NP,Gill Net,518,1152,,F,Y,,,,1,,,,,,,,,,,,,,,,,,,,,,,,,,,,,,,
CJ SVD,6/22/2018,318,1128,Y,2,NP,Gill Net,470,834,,F,Y,,,,,,,,,1,,,,,,,,,,,,,,,,,,,,,,,,,,
CJ SVD,6/22/2018,319,1164,Y,2,NP,Gill Net,490,1040,,F,Y,,,,,,,,,,,,,,,,,,,,,,,10,,,,,,,,,,,,
CJ SVD,6/22/2018,320,1792,Y,2,NP,Gill Net,395,495,,M,Y,,,,,,,,,,,1,,,,,,,,,,,,,,,,,,,,,,,,
CJ SVD,6/22/2018,321,1344,Y,2,NP,Gill Net,421,602,,F,Y,,,,,,,,,,,,,,,,,,,,,,,3,,,,,,,,,,,,
CJ SVD,6/22/2018,322,1014,Y,2,NP,Gill Net,375,408,,F,Y,,,,,,,,,,,1,,,,,,,,,,,,,,,,,,,,,,,,
CJ SVD,6/22/2018,323,,,2,NP,Gill Net,373,379,,M,N,,,,,,,,,,,,,,,,,,,,,,,,,,,,,,,,,,,
CJ SVD,6/22/2018,324,1105,Y,2,NP,Gill Net,475,821,,M,N,,,,,,,,,,,,,,,,,,,,,,,,,,,,,,,,,,,
CJ SVD,6/22/2018,325,,,2,NP,Gill Net,355,301,,F,N,,,,,,,,,,,,,,,,,,,,,,,,,,,,,,,,,,,
CJ SVD,6/22/2018,326,,,2,NP,Gill Net,419,499,,M,Y,,,,,,,,,,,,,,,,,,,,3,,,,,,,,,,,,,,,
CJ SVD,6/22/2018,327,,,2,NP,Gill Net,414,514,,M,N,,,,,,,,,,,,,,,,,,,,,,,,,,,,,,,,,,,
CJ SVD,6/22/2018,328,1145,Y,2,NP,Gill Net,468,865,,M,Y,,,,,,,,,,12,,,,,,,,,,,,,1,,,,,,,,,,,,
CJ SVD,6/22/2018,329,,,2,NP,Gill Net,395,430,,F,Y,,,,,,,,,,,6,,,,,,,,,,,,,,,,,,,,,,,,
CJ SVD,6/22/2018,330,1868,Y,2,NP,Gill Net,385,410,,M,Y,,,,,,,,,,,1,,,,,,,,,,,,,,,,,,,,,,,,
CJ SVD,6/22/2018,331,,,2,NP,Gill Net,330,285,,F,Y,,,,,,,,,,,,,,,,,,,,,,,1,,,,,,,,,,,,
CJ SVD,6/22/2018,332,,,2,NP,Gill Net,408,560,,F,Y,1,,,,,,,,,,,,,,,,,,,,,,,,,,,,,,,,,,
CJ SVD,6/22/2018,333,1042,Y,2,NP,Gill Net,382,398,,F,Y,,,,,,,,,,10,,,,,,,,,,,,,,,,,,,,,,,,,
CJ SVD,6/22/2018,334,1507,Y,2,NP,Gill Net,663,2085,,F,N,,,,,,,,,,,,,,,,,,,,,,,,,,,,,,,,,,,
CJ SVD,6/22/2018,335,1129,Y,2,NP,Gill Net,448,676,,M,Y,,,,,,,,,,,1,,,,,,,,,,,,,,,,,,,,,,,,
CJ SVD,6/22/2018,336,1141,Y,2,NP,Gill Net,405,435,,M,N,,,,,,,,,,,,,,,,,,,,,,,,,,,,,,,,,,,
CJ SVD,6/22/2018,337,1203,Y,2,NP,Gill Net,402,437,,F,Y,,,,,,,,,,,4,,,,,,,,,,,,,,,,,,,,,,,,
CJ SVD,6/22/2018,338,1008,Y,2,NP,Gill Net,392,399,,M,N,,,,,,,,,,,,,,,,,,,,,,,,,,,,,,,,,,,
CJ SVD,6/22/2018,339,,,2,NP,Gill Net,295,270,,F,Y,,,,1,,,,,,,,,,,,,,,,,,,,,,,,,,,,,,,
CJ SVD,6/22/2018,340,1330,Y,2,NP,Gill Net,386,422,,M,Y,,,,,,,,,,,2,,,,,,,,,,,,,,,,,,,,,,,,
CJ SVD,6/22/2018,341,1326,Y,2,NP,Gill Net,382,402,,M,Y,,,,,,,,,,,3,,7,,,,,,,,,,,,,,,,,,,,,,
CJ SVD,6/22/2018,342,,,2,NP,Gill Net,325,235,,M,Y,,,,,,,,,,,,,1,,,,,,,1,,,2,,,,,,,,,,,,
CJ SVD,6/22/2018,343,1408,Y,2,NP,Gill Net,364,344,,M,Y,,,,1,,,,,,,,,,,,,,,,,,,,,,,,,,,,,,,
CJ SVD,6/22/2018,344,,,2,NP,Gill Net,316,243,,F,Y,,,,,,,,,,3,,,,,,,,,,,,,,,,,,,,,,,,,
CJ SVD,6/22/2018,345,,,2,NP,Gill Net,298,207,,M,Y,,,,,,,,,,,,,,,,,,,,,,,1,15,,,,,,,,,,,
CJ SVD,6/22/2018,346,,,2,NP,Gill Net,322,270,,M,Y,10,,,,,,,,,,,,,,,,,,,,,,,,,,,,,,,,,,
CJ SVD,6/22/2018,347,,,2,NP,Gill Net,345,265,,F,Y,,,,,,,,,,20,,,,,,,,,,,,,,,,,,,,,,,,,
CJ SVD,6/22/2018,348,,,2,NP,Gill Net,274,165,,M,Y,3,,,,,,,,,,,,,,,,,,,,,,,,,,,,,,,,,,
CJ SVD,6/22/2018,349,,,2,NP,Gill Net,342,336,,F,Y,,,,1,,,,,,,,,,,,,,,,,,,,,,,,,,,,,,,
CJ SVD,6/22/2018,350,1200,Y,2,NP,Gill Net,404,459,,F,N,,,,,,,,,,,,,,,,,,,,,,,,,,,,,,,,,,,
CJ SVD,6/22/2018,351,,,2,NP,Gill Net,290,202,,F,Y,4,,,,,,,,,,,,,,,,,,,,,,,,,,,,,,,,,,
CJ SVD,6/22/2018,352,1465,Y,2,NP,Gill Net,353,340,,M,N,,,,,,,,,,,,,,,,,,,,,,,,,,,,,,,,,,,
CJ SVD,6/22/2018,353,,,2,NP,Gill Net,261,135,,U,Y,,,,,,,,,,,2,,,,,,,,,,,,,,,,,,,,,,,,
CJ SVD,6/22/2018,354,,,2,NP,Gill Net,281,208,,M,Y,11,,,,,,,,,,,,,,,,,,,,,,,,,,,,,,,,,,
CJ SVD,6/22/2018,355,,,2,NP,Gill Net,319,274,,M,N,,,,,,,,,,,,,,,,,,,,,,,,,,,,,,,,,,,
CJ SVD,6/22/2018,356,,,2,NP,Gill Net,362,322,,M,Y,,,,,,,,,,,10,,1,,,,,,,,,,,,,,,,,,,,,,
CJ SVD,6/22/2018,357,,,2,NP,Gill Net,336,280,,F,Y,,,,,,,,,,,,,2,,,,,,,,,,,,,,,,,,,,,,
CJ SVD,6/22/2018,358,,,2,NP,Gill Net,292,170,,M,N,,,,,,,,,,,,,,,,,,,,,,,,,,,,,,,,,,,
CJ SVD,6/22/2018,359,,,2,NP,Gill Net,303,270,,F,Y,2,,,1,,,,,,,,,,,,,,,,,,,,,,,,,,,,,,,
CJ SVD,6/22/2018,360,,,2,NP,Gill Net,301,195,,F,Y,,,,,,,,,,2,2,,,,,,,,,,,,,,,,,,,,,,,,
CJ SVD,6/22/2018,361,,,2,NP,Gill Net,307,199,,F,Y,,,,,,,,,,,4,,,,,,,,,,,,,,,,,,,,,,,,
CJ SVD,6/22/2018,362,,,2,NP,Gill Net,281,166,,M,Y,,,,,,,,,,15,,,,,,,,,,,,,,,,,,,,,,,,,
CJ SVD,6/22/2018,363,,,2,NP,Gill Net,270,165,,M,Y,,,,,,,,,,,,,4,,,,,,,5,,,,,,,,,,,,,,,
CJ SVD,6/22/2018,364,,,2,NP,Gill Net,276,160,,F,Y,,,,,,,,,,,,,,,,,,,,3,,,,,,,,,,,,,,,
CJ SVD,6/22/2018,365,,,2,NP,Gill Net,300,183,,M,Y,,,,,,,,,,15,1,,1,,,,,,,,,,,,,,,,,,,,,,
CJ SVD,6/22/2018,366,,,2,NP,Gill Net,301,192,,M,N,,,,,,,,,,,,,,,,,,,,,,,,,,,,,,,,,,,
CJ SVD,6/22/2018,367,,,2,NP,Gill Net,280,145,,F,Y,,,,,,,,,,,1,,,,,,,,,,,,,,,,,,,,,,,,
CJ SVD,6/22/2018,368,,,2,NP,Gill Net,306,206,,M,Y,,,,,,,,,,,,,,,,,,,,,,,4,,,,,,,,,,,,
CJ SVD,6/22/2018,369,,,2,NP,Gill Net,265,135,,F,Y,,,,,,,,,,,,,,,,,,,,,,,1,,,,,,,,,,,,
CJ SVD,6/22/2018,370,,,2,NP,Gill Net,292,180,,M,N,,,,,,,,,,,,,,,,,,,,,,,,,,,,,,,,,,,
CJ SVD,6/22/2018,371,,,2,NP,Gill Net,278,138,,M,Y,,,,,,,,,,,,,,,,,,,,10,,,,,,,,,,,,,,,
CJ SVD,6/22/2018,372,,,2,NP,Gill Net,250,108,,M,Y,,,,,,,,,,20,2,,,,,,,,,,,,,,,,,,,,,,,,
CJ SVD,6/22/2018,373,,,2,NP,Gill Net,310,188,,M,N,,,,,,,,,,,,,,,,,,,,,,,,,,,,,,,,,,,
CJ SVD,6/22/2018,374,,,2,NP,Gill Net,,156,,M,N,,,,,,,,,,,,,,,,,,,,,,,,,,,,,,,,,,,Predation
CJ SVD,6/22/2018,375,1015,Y,2,NP,Gill Net,,,,,,,,,,,,,,,,,,,,,,,,,,,,,,,,,,,,,,,,Predation
CJ SVD,6/22/2018,376,,,4,NP,Angler,403,479,,M,Y,,,,,,1,,,,5,,,,,,,,,,,,,1,,,,,,,,,,,,
CJ SVD,6/22/2018,377,,,4,NP,Angler,291,185,,M,Y,,,,,,,,,,15,,,,,,,,,,,,,1,,,,,,,,,,,,
CJ SVD,6/22/2018,378,,,4,NP,Angler,327,266,,F,Y,,,,,,,,,,20,,,,,,,,,,,,,,,,,,,,,,,,,
CJ SVD,6/22/2018,379,,,4,NP,Angler,409,518,,M,Y,,,,,,,,,,,5,,,,,,,,,,,,1,,,,,,,,,,,,
CJ SVD,6/22/2018,380,,,4,NP,Angler,391,442,,M,Y,,,,,,,,,,10,,,,,,1,,,,,,,,,,,,,,,,,,,
CJ SVD,6/22/2018,381,1052,Y,4,NP,Angler,373,381,,F,Y,,,,,,,,,,10,1,,,,,,,,,,,,,,,,,,,,,,,,
CJ SVD,6/22/2018,382,1331,Y,4,NP,Angler,611,2076,,F,Y,,,,,,1,,,,,,,,,,,,,,,,,,,,,,,,,,,,,
CJ SVD,6/22/2018,383,,,4,NP,Angler,355,324,,M,Y,,,,,,,,,,5,1,,,,,,,,,,,,,,,,,,,,,,,,
CJ SVD,6/22/2018,384,,,4,NP,Angler,416,513,,F,Y,,,,,,,,,,,2,,,,,,,,,,,,,,,,,,,,,,,,
CJ SVD,6/22/2018,385,1067,Y,4,NP,Angler,405,501,,F,Y,,,,,,,,,,10,1,,,,,,,,,,,,1,,,,,,,,,,,,
CJ SVD,6/22/2018,386,,,4,NP,Angler,495,1046,,M,Y,,,,,,1,,,,,,,,,,,,,,,,,,,,,,,,,,,,,
CJ SVD,6/22/2018,387,,,4,NP,Angler,350,312,,F,Y,,,,,,,,,,12,1,,,,,,,,,,,,,,,,,,,,,,,,
CJ SVD,6/22/2018,388,1392,Y,4,NP,Angler,384,439,,F,Y,,,,,,,,,,,,,,,,,,,,,,,2,,,,,,,3,,,,,
CJ SVD,6/22/2018,389,1078,Y,2,NP,Gill Net,690,2930,,F,Y,,,,,,,,,,,1,,,,,,,,,,,,,,,,,,,,,,,,
CJ SVD,6/22/2018,390,1359,Y,2,NP,Gill Net,510,1104,,F,Y,,,,,,,,,1,,,,,,,,,,,,,,,,,,,,,,,,,,
CJ SVD,6/22/2018,391,,,2,NP,Gill Net,727,3404,,F,Y,,,,,,,,,1,,2,,,,,,,,,,,,,,,,,,,,,,,,
CJ SVD,6/22/2018,392,1100,Y,2,NP,Gill Net,460,750,,F,Y,,,,,,,,,,10,1,,,,,1,,,,,,,,,,,,,,,,,,,
CJ SVD,6/22/2018,393,,,2,NP,Gill Net,821,4953,,F,N,,,,,,,,,,,,,,,,,,,,,,,,,,,,,,,,,,,
CJ SVD,6/22/2018,394,TL,Y,2,NP,Gill Net,508,924,,F,N,,,,,,,,,,,,,,,,,,,,,,,,,,,,,,,,,,,
CJ SVD,6/22/2018,395,,,2,NP,Gill Net,305,202,,F,Y,,,,,,,,,,2,1,,,,,,,,,,,,,,,,,,,,,,,,
CJ SVD,6/22/2018,396,1172,Y,2,NP,Gill Net,469,773,,F,Y,,,,,,,,,,,,,,,,,,,,,,,,2,,,,,,,,,,,
CJ SVD,6/22/2018,397,,,2,NP,Gill Net,317,226,,M,Y,,,,,,,,,,10,,,,,,1,,,,,,,,,,,,,,,,,,,
CJ SVD,6/22/2018,398,1313,Y,2,NP,Gill Net,416,682,,M,Y,,,,,,,,,,,2,,,,,,,,,,,,5,,,,,,,,,,,,
CJ SVD,6/22/2018,399,1222,Y,2,NP,Gill Net,340,302,,F,N,,,,,,,,,,,,,,,,,,,,,,,,,,,,,,,,,,,
CJ SVD,6/22/2018,400,1041,Y,2,NP,Gill Net,362,324,,F,N,,,,,,,,,,,,,,,,,,,,,,,,,,,,,,,,,,,
CJ SVD,6/22/2018,401,1227,Y,2,NP,Gill Net,477,823,,F,N,,,,,,,,,,,,,,,,,,,,,,,,,,,,,,,,,,,
CJ SVD,6/22/2018,402,1143,Y,2,NP,Gill Net,369,381,,M,Y,,,,,,,,,,,1,,,,,,,,,,,,,1,,,,,,,,,,,
CJ SVD,6/22/2018,403,1335,Y,2,NP,Gill Net,589,1575,,M,N,,,,,,,,,,,,,,,,,,,,,,,,,,,,,,,,,,,
CJ SVD,6/22/2018,404,,,2,NP,Gill Net,470,794,,F,Y,,,,,,,,,,,,,,,,,,,,,,,,,,,,,,,,1,,,
CJ SVD,6/22/2018,405,,,2,NP,Gill Net,353,320,,M,N,,,,,,,,,,,,,,,,,,,,,,,,,,,,,,,,,,,
CJ SVD,6/22/2018,406,1205,Y,2,NP,Gill Net,516,1082,,M,N,,,,,,,,,,,,,,,,,,,,,,,,,,,,,,,,,,,
CJ SVD,6/22/2018,407,1138,Y,2,NP,Gill Net,463,741,,M,N,,,,,,,,,,,,,,,,,,,,,,,,,,,,,,,,,,,
CJ SVD,6/22/2018,408,1466,Y,2,NP,Gill Net,374,349,,F,Y,,,,,,,,,,2,,,,,,,,,,,,,,,,,,,,,,,,,
CJ SVD,6/22/2018,409,,,2,NP,Gill Net,266,167,,U,N,,,,,,,,,,,,,,,,,,,,,,,,,,,,,,,,,,,
CJ SVD,6/22/2018,410,1140,Y,2,NP,Gill Net,382,405,,M,Y,,,,,,,,,,,3,,,,,1,,,,,,,,2,,,,,,,,,,,
CJ SVD,6/22/2018,411,,,2,NP,Gill Net,363,326,,F,Y,,,,,,,,,,,2,,,,,,,,,,,,,,,,,,,,,,,,
CJ SVD,6/22/2018,412,,,2,NP,Gill Net,299,186,,M,Y,,,,,,,,,,,,,,,,2,,,,,,,,2,,,,,,,,,,,
CJ SVD,6/22/2018,413,1174,Y,2,NP,Gill Net,556,1357,,F,Y,,,,,,,,,,,2,,,,,,,,,,,,,,,,,,,,,,,,
CJ SVD,6/22/2018,414,,,2,NP,Gill Net,275,143,,M,Y,,,,,,,,,,,1,,,,,,,,,,,,,,,,,,,,,,,,
CJ SVD,6/22/2018,415,1865,Y,2,NP,Gill Net,345,292,,F,N,,,,,,,,,,,,,,,,,,,,,,,,,,,,,,,,,,,
CJ SVD,6/22/2018,416,,,2,NP,Gill Net,381,440,,M,Y,,,,,,,,,,,,,,,,,,,,,,,2,,,,,,,,,,,,
CJ SVD,6/22/2018,417,1102,Y,2,NP,Gill Net,462,735,,M,Y,,,,,,,,,,,1,,,,,,,,,,,,,,,,,,,,,,,,
CJ SVD,6/22/2018,418,,,2,NP,Gill Net,280,144,,M,Y,,,,,,,,,,,,,,,,,,,1,,,,,,,,,,,,,,,,
CJ SVD,6/22/2018,419,,,2,NP,Gill Net,346,320,,M,Y,,,,,,,,,,11,,,,,,,,,,,1,,2,,,,,,,,,,,,
CJ SVD,6/22/2018,420,,,2,NP,Gill Net,450,706,,M,Y,,,,,,,,,,,1,,,,,,,,,,,,,,,,,,,,,,,,
CJ SVD,6/22/2018,421,,,2,NP,Gill Net,310,226,,M,Y,,,,,,,,,,5,3,,,,,,,,,,,,,,,,,,,,,,,,
CJ SVD,6/22/2018,422,,,2,NP,Gill Net,229,76,,U,Y,,,,,,,,,,10,,,,,,,,,,,,,,,,,,,,,,,,,
CJ SVD,6/22/2018,423,,,2,NP,Gill Net,278,159,,U,Y,,,,,,,,,,15,2,,,,,1,,,,,,,,1,,,,,,,,,,,
CJ SVD,6/22/2018,424,,,2,NP,Gill Net,220,61,,U,N,,,,,,,,,,,,,,,,,,,,,,,,,,,,,,,,,,,
CJ SVD,6/22/2018,425,,,2,NP,Gill Net,262,128,,M,Y,,,,,,,,,,30,,,,,,,,,,,,,,,,,,,,,,,,,
CJ SVD,6/22/2018,426,,,2,NP,Gill Net,356,300,,M,Y,,,,,,,,,,8,4,,,,,,,,,,,,,,,,,,,,,,,,
CJ SVD,6/22/2018,427,,,2,NP,Gill Net,550,1340,,M,N,,,,,,,,,,,,,,,,,,,,,,,,,,,,,,,,,,,
CJ SVD,6/22/2018,428,,,2,NP,Gill Net,269,130,,M,Y,,,,,,,,,,10,1,,,,,,,,,,,,,,,,,,,,,,,,
CJ SVD,6/22/2018,429,,,2,NP,Gill Net,334,261,,U,Y,,,,,,,,,,,1,,,,,,,,,,,,,,,,,,,,,,,,
CJ SVD,6/22/2018,430,,,2,NP,Gill Net,275,140,,M,Y,,,,,,,,,,10,2,,,,,,,,,,,,,,,,,,,,,,,,
CJ SVD,6/22/2018,431,1373,Y,2,NP,Gill Net,431,723,,M,Y,,,,,,,,,,,1,,,,,,,,,,,,,3,,,,,,,,,,,
CJ SVD,6/22/2018,432,1055,Y,4,NP,Angler,411,460,,F,Y,,,,,,,,,,4,,,,,,,,,,,,,,,,,,,,,,,,,
CJ SVD,6/22/2018,433,1375,Y,4,NP,Angler,515,1070,,F,N,,,,,,,,,,,,,,,,,,,,,,,,,,,,,,,,,,,
CJ SVD,6/22/2018,434,,,4,NP,Angler,390,447,,M,Y,,,,,,,,,,12,,,,,,,,,,,,,1,,,,,,,,1,,,,
CJ SVD,6/22/2018,435,,,4,NP,Angler,377,367,,F,Y,,,,,,,,,,8,,,,,,,,,,,,,3,,,,,,,,,,,,
CJ SVD,6/22/2018,436,,,4,NP,Angler,400,458,,M,Y,,,,,,,,,,,1,,,,,,,,,,,,,,,,,,,,,,,,
CJ SVD,6/22/2018,437,,,4,NP,Angler,424,599,,F,Y,,,,,,,,,,2,,,,,,,,,,,,,,,,,,,,,,,,,
CJ SVD,6/22/2018,438,,,4,NP,Angler,404,476,,F,Y,,,,,,,,,,6,1,,,,,,,,,,,,,,,,,,,,,,,,
CJ SVD,6/22/2018,439,1095,Y,4,NP,Angler,400,465,,M,Y,,,,,,,,,,,,,,,,,,,,,,,1,,,,,,,,,,,,
CJ SVD,6/22/2018,440,,,4,NP,Angler,385,365,,F,Y,,,,,,,,,,,2,,,,,,,,,,,,,,,,,,,,,,,,
CJ SVD,6/22/2018,441,1050,Y,4,NP,Angler,404,476,,M,Y,,,,,,,,,,13,,,,,,,,,,,,,,,,,,,,,,,,,
CJ SVD,6/22/2018,442,1080,Y,4,NP,Angler,385,440,,M,Y,,,,,,,,,,20,,,,,,,,,,,,,,,,,,,,,,,,,
CJ SVD,6/22/2018,443,,,4,NP,Angler,360,303,,M,N,,,,,,,,,,,,,,,,,,,,,,,,,,,,,,,,,,,
CJ SVD,6/22/2018,444,,,4,NP,Angler,355,320,,M,Y,,,,,,,,,,5,,,,,,,,,,,,,1,,,,,,,,,,,,
CJ SVD,6/22/2018,445,1389,Y,4,NP,Angler,365,440,,M,Y,,,,,,,,,,5,1,,,,,,,,,10,,,,,,,,,,,,,,,
CJ SVD KD,6/23/2018,446,,,3,NP,Gill Net,430,566,,F,Y,,,,,,,,,,,1,,,,,,,,,,,,,,,,,,,,,,,,
CJ SVD KD,6/23/2018,447,1354,Y,3,NP,Gill Net,519,1219,,F,N,,,,,,,,,,,,,,,,,,,,,,,,,,,,,,,,,,,
CJ SVD KD,6/23/2018,448,,,3,NP,Gill Net,412,517,,M,Y,,,,,,,,,,2,,,,,,,,,,,,,,,,,,,,,,,,,
CJ SVD KD,6/23/2018,449,1807,Y,3,NP,Gill Net,333,285,,M,Y,,,,,,,,,,,1,,,,,,,,,,,,,,,,,,,,,,,,
CJ SVD KD,6/23/2018,450,,,3,NP,Gill Net,322,255,,F,Y,,,,,,,,,,,4,,,,,,,,,,,,,,,,,,,,,,,,
CJ SVD KD,6/23/2018,451,,,3,NP,Gill Net,488,937,,F,Y,,,,,,,,,,,1,,,,,,,,,,,,,,,,,,,,,,,,
CJ SVD KD,6/23/2018,452,,,3,NP,Gill Net,749,3701,,F,N,,,,,,,,,,,,,,,,,,,,,,,,,,,,,,,,,,,
CJ SVD KD,6/23/2018,453,,,3,NP,Gill Net,438,746,,M,Y,,,,,,,,,,,1,,,1,,,,,,,,,,,,,,,,,,,,,
CJ SVD KD,6/23/2018,454,,,3,NP,Gill Net,376,390,,F,Y,,,,,,,,,,10,1,,,,,,,,,,,,,,,,,,,,,,,,
CJ SVD KD,6/23/2018,455,,,3,NP,Gill Net,255,121,,M,Y,,,,,,,,,,,1,,,,,,,,,,,,,,,,,,,,,,,,
CJ SVD KD,6/23/2018,456,,,3,NP,Gill Net,298,215,,M,Y,8,,,,,,,,,,1,,,,,,,,,,,,,,,,,,,,,,,,
CJ SVD KD,6/23/2018,457,,,3,NP,Gill Net,379,397,,M,Y,,,,,,,,,,5,1,,,,,,,,,,,,,,,,,,,,,,,,
CJ SVD KD,6/23/2018,458,,,3,NP,Gill Net,314,221,,F,Y,,,2,,,,,,,,,,,,,,,,,,,,2,,,,,,,,,,,,
CJ SVD KD,6/23/2018,459,,,3,NP,Gill Net,386,420,,F,N,,,,,,,,,,,,,,,,,,,,,,,,,,,,,,,,,,,
CJ SVD KD,6/23/2018,460,,,3,NP,Gill Net,233,89,,M,Y,,,,,,,,,,3,1,,,,,,,,,,,,,,,,,,,,,,,,
CJ SVD KD,6/23/2018,461,,,3,NP,Gill Net,232,96,,M,Y,1,,,,,,,,,,,,,,,,,,,,,,,,,,1,,,,,,,,
CJ SVD KD,6/23/2018,462,,,3,NP,Gill Net,520,1147,,F,N,,,,,,,,,,,,,,,,,,,,,,,,,,,,,,,,,,,
CJ SVD KD,6/23/2018,463,,,3,NP,Gill Net,349,307,,M,Y,,,,,,,,,,,2,,,,,,,,,,,,,,,,,,,,,,,,
CJ SVD KD,6/23/2018,464,,,3,NP,Gill Net,207,70,,M,Y,,,,,,,,,,,,,,,,,1,,,,,,,,,,,,,,,,,,
CJ SVD KD,6/23/2018,465,,,3,NP,Gill Net,405,429,,F,Y,,,,,,,,,,,7,,,,,,,,,,,,,,,,,,,,,,,,
CJ SVD KD,6/23/2018,466,1139,Y,3,NP,Gill Net,400,448,,F,Y,,,,,,,,,,,1,,,,,,,,,,,,,,,,,,,,,,,,
CJ SVD KD,6/23/2018,467,,,3,NP,Gill Net,294,190,,M,Y,,,,,,,,,,,2,,,,,,,,,,,,,,,,,,,,,,,,
CJ SVD KD,6/23/2018,468,,,3,NP,Gill Net,344,272,,M,Y,,,,,,,,,,5,1,,,,,,,,,,,,,,,,,,,,,,,,
CJ SVD KD,6/23/2018,469,,,3,NP,Gill Net,457,760,,M,N,,,,,,,,,,,,,,,,,,,,,,,,,,,,,,,,,,,
CJ SVD KD,6/23/2018,470,,,3,NP,Gill Net,236,108,,M,Y,,,3,,,,,,,,5,,,,,,,,,,,,,,,,,,,,,,,,
CJ SVD KD,6/23/2018,471,,,3,NP,Gill Net,245,113,,M,Y,,,,,,,,,,20,1,,,,,,,,,,,,,,,,,,,,,,,,
CJ SVD KD,6/23/2018,472,1417,Y,3,NP,Gill Net,474,870,,M,Y,,,,,,,,,,4,2,,,,,,,,,,,,,3,,,,,,,,,,,
CJ SVD KD,6/23/2018,473,,,3,NP,Gill Net,300,210,,M,Y,,,,,,,,,,,3,,,,,,,,,,,,,4,,,,,,,,,,,
CJ SVD KD,6/23/2018,474,1254,Y,3,NP,Gill Net,476,869,,F,Y,,,,,,,,,,,2,,,1,,,,,,,,,,,,,,,,,,,,,
CJ SVD KD,6/23/2018,475,,,3,NP,Gill Net,809,5069,,F,Y,,,,,,2,,,,,,,,,,,,,,,,,,,,,,,,,,,,,2 Tagged pike in stomach 1307 and 1510
CJ SVD KD,6/23/2018,476,,,3,NP,Gill Net,335,275,,M,Y,,,,,,,,,,8,17,,,,,,,,,,,,,2,,,,,,,,,,,
CJ SVD KD,6/23/2018,477,1263,Y,3,NP,Gill Net,343,286,,M,Y,,,,,,,,,,3,4,,,,,,,,,,1,,,,,,,,,,,,,,
CJ SVD KD,6/23/2018,478,1177,Y,3,NP,Gill Net,326,235,,M,Y,,,,,,,,,,,10,,,,,,,,,,,,,,,,,,,,,,,,
CJ SVD KD,6/23/2018,479,1147,Y,3,NP,Gill Net,534,1352,,M,Y,,,,,,2,,,,,,,,,,,,,,,,,,,,,,,,,,,,,
CJ SVD KD,6/23/2018,480,,,3,NP,Gill Net,457,781,,M,N,,,,,,,,,,,,,,,,,,,,,,,,,,,,,,,,,,,
CJ SVD KD,6/23/2018,481,1894,Y,3,NP,Gill Net,445,621,,F,Y,,,,,,,,,,,6,,,,,,,,,,,,,,,,,,,,,,,,
CJ SVD KD,6/23/2018,482,,,3,NP,Gill Net,246,103,,U,Y,,,,,,,,,,,3,,,,,,,,,,,,,,,,,,,,,,,,
CJ SVD KD,6/23/2018,483,,,3,NP,Gill Net,371,398,,M,Y,,,,,,,,,,5,4,,,,,,,,,,,,,,,,,,,,,,,,
CJ SVD KD,6/23/2018,484,1271,Y,3,NP,Gill Net,427,640,,M,Y,,,,,,,,,,,1,,,1,,,,,,,,,,,,,,,,,,,,,
CJ SVD KD,6/23/2018,485,1111,Y,3,NP,Gill Net,435,790,,F,Y,,,,1,1,,,,,,,,,,,,,,,,,,,,,,,,,,,,,,
CJ SVD KD,6/23/2018,486,,,3,NP,Gill Net,301,211,,M,Y,,,,,,1,,,,,3,,,,,,,,,,,,,,,,3,,,,,,,,
CJ SVD KD,6/23/2018,487,,,3,NP,Gill Net,333,229,,M,Y,,,,,,,,,,,1,,,,,,,,,,,,,,,,,,,,,,,,
CJ SVD KD,6/23/2018,488,1256,Y,3,NP,Gill Net,363,361,,M,Y,,,,,,,,,,,5,,,,,2,,,,,,,,,,,,,,,,,,,
CJ SVD KD,6/23/2018,489,,,3,NP,Gill Net,245,114,,M,Y,,,,,,,,,,,4,,,,,,,,,,,,,,,,,,,,,,,,
CJ SVD KD,6/23/2018,490,1262,Y,3,NP,Gill Net,344,302,,M,Y,,,,,,,,,,,3,,,,,,,,,,,,,,,,,,,,,,,,
CJ SVD KD,6/23/2018,491,,,3,NP,Gill Net,250,123,,M,N,,,,,,,,,,,,,,,,,,,,,,,,,,,,,,,,,,,
CJ SVD KD,6/23/2018,492,,,3,NP,Gill Net,425,570,,F,Y,,,,,,,,,,5,3,,,,,,,,,,,,,,,,,,,,,,,,
CJ SVD KD,6/23/2018,493,1337,Y,3,NP,Gill Net,456,743,,M,Y,,,,,,,,,,,1,,,,,,,,,,,,,,,,,,,,,,,,
CJ SVD KD,6/23/2018,494,,,3,NP,Gill Net,572,1621,,M,Y,,,,,,,,,,,4,,,,,,,,,,,,,,,,,,,,,,,,
CJ SVD KD,6/23/2018,495,1206,Y,3,NP,Gill Net,390,488,,M,N,,,,,,,,,,,,,,,,,,,,,,,,,,,,,,,,,,,
CJ SVD KD,6/23/2018,496,,,3,NP,Gill Net,543,1415,,M,Y,,,,,,1,,,,,1,,,,,,,,,,,,,,,,,,,,,,,,
CJ SVD KD,6/23/2018,497,1260,Y,3,NP,Gill Net,395,445,,F,Y,,,,,,,,,,,4,,,,,,,,,,,,,,,,,,,,,,,,
CJ SVD KD,6/23/2018,498,1297,Y,3,NP,Gill Net,421,608,,F,Y,,,,,,,,,,,12,,,,,,,,,,,,,,,,,,,,,,,,
CJ SVD KD,6/23/2018,499,1049,Y,3,NP,Gill Net,409,552,,M,Y,,,,,,,,,,5,1,,,,,,,,,,,,,,,,,,,,,,,,
CJ SVD KD,6/23/2018,500,1283,Y,3,NP,Gill Net,312,231,,M,Y,,,,,,,,,,,7,,,,,,,,,,,,,,,,,,,,,,,,
CJ SVD KD,6/23/2018,501,,,3,NP,Gill Net,273,170,,M,Y,,,,,,,,,,,3,,,,,,,,,1,,,,11,,,,,,,,,,,
CJ SVD KD,6/23/2018,502,1280,Y,3,NP,Gill Net,520,1148,,F,Y,,,,,,,,,,,3,,,,,,,,,,,,,,,,,,,,,,,,
CJ SVD KD,6/23/2018,503,,,3,NP,Gill Net,512,985,,F,Y,,,,,,,,,,1,3,,,,,,,,,,,,,,,,,,,,,,,,
CJ SVD KD,6/23/2018,504,1255,Y,3,NP,Gill Net,408,501,,M,Y,,,,,,,,,,,5,,,,,,,,,,,,,,,,,,,,,,,,
CJ SVD KD,6/23/2018,505,,,3,NP,Gill Net,301,208,,M,Y,,,,,,,,,,,12,,,,,,,,,,,,,4,,,1,,,,,,,,
CJ SVD KD,6/23/2018,506,,,3,NP,Gill Net,336,275,,M,Y,,,,,,,,,,15,3,,,,,,,,,,,,,,,,,,,,,,,,
CJ SVD KD,6/23/2018,507,1212,Y,3,NP,Gill Net,452,751,,M,Y,,,,,,,,,,,8,,,,,,,,,,,,,,,,,,,,,,,,
CJ SVD KD,6/23/2018,508,,,3,NP,Gill Net,383,423,,M,Y,,,,,,,,,,,4,,,,,,,,,,,,,1,,,,,,,,,,,
CJ SVD KD,6/23/2018,509,1413,Y,3,NP,Gill Net,534,1561,,F,Y,,,,,,1,,,,,1,,,1,,,,,,,,,,,,,1,,,,,,,,
CJ SVD KD,6/23/2018,510,1211,Y,3,NP,Gill Net,414,552,,M,Y,,,,,,,,,,,1,,,,,,,,,,,,,,,,,,,,,,,,
CJ SVD KD,6/23/2018,511,,,3,NP,Gill Net,215,79,,U,Y,,,,,,,,,,,4,,,,,,,,,,,,,,,,,,,,,,,,
CJ SVD KD,6/23/2018,512,1185,Y,3,NP,Gill Net,465,861,,M,Y,,,,,,,,,,,12,,,,,,,,,,,,,,,,,,,,,,,,
CJ SVD KD,6/23/2018,513,1186,Y,3,NP,Gill Net,466,818,,M,Y,,,,,,,,,3,,1,,,,,,,,,,,,,,,,,,,,,,,,
CJ SVD KD,6/23/2018,514,,,3,NP,Gill Net,335,302,,F,Y,,,,,,,,,,,7,,,,,,,,,,,,,,,,,,,,,,,,
CJ SVD KD,6/23/2018,515,,,3,NP,Gill Net,307,215,,M,Y,,,,,,,,,,,2,,,,,,,,,,,,,,,,,,,,,,,,
CJ SVD KD,6/23/2018,516,,,3,NP,Gill Net,285,184,,F,Y,,,,,,,,,,,7,,,,,,,,,,,,,,,,,,,,,,,,
CJ SVD KD,6/23/2018,517,,,3,NP,Gill Net,453,728,,M,Y,,,,,,,,,,,1,,,,,,,,,,,,,,,,,,,,,,,,
CJ SVD KD,6/23/2018,518,,,3,NP,Gill Net,236,103,,M,Y,,,,,,,,,,,2,,,,,,,,,,,,,,,,,,,,,,,,
CJ SVD KD,6/23/2018,519,,,3,NP,Gill Net,554,1332,,F,Y,,,,,,,,,,,1,,,,,,,,,,,,,,,,,,,,,,,,
CJ SVD KD,6/23/2018,520,,,3,NP,Gill Net,319,240,,F,Y,,,,,,,,,,10,1,,,,,,,,,,,,,,,,,,,,,,,,
CJ SVD KD,6/23/2018,521,1240,Y,3,NP,Gill Net,381,486,,F,Y,,,,,,,,,,,1,,,,,,,,,,,,,,,,,,,,,,,,
CJ SVD KD,6/23/2018,522,,,3,NP,Gill Net,632,1791,,F,N,,,,,,,,,,,,,,,,,,,,,,,,,,,,,,,,,,,
CJ SVD KD,6/23/2018,523,1278,Y,3,NP,Gill Net,430,570,,M,Y,,,,,,,,,,,3,,,,,,,,,,,,,,,,,,,,,,,,
CJ SVD KD,6/23/2018,524,1238,Y,3,NP,Gill Net,529,1220,,M,Y,,,,,,,,,1,,3,,,,,,,,,,,,,,,,,,,,,,,,
CJ SVD KD,6/23/2018,525,,,3,NP,Gill Net,435,570,,F,Y,,,,,,,,,,,4,,,,,,,,,,,,,,,,,,,,,,,,
CJ SVD KD,6/23/2018,526,,,3,NP,Gill Net,448,708,,F,N,,,,,,,,,,,,,,,,,,,,,,,,,,,,,,,,,,,
CJ SVD KD,6/23/2018,527,1277,Y,3,NP,Gill Net,450,707,,M,N,,,,,,,,,,,,,,,,,,,,,,,,,,,,,,,,,,,
CJ SVD KD,6/23/2018,528,TL,Y,3,NP,Gill Net,432,546,,F,Y,,,,,,,,,,,3,,,,,,,,,4,,,,,,,,,,,,,,,
CJ SVD KD,6/23/2018,529,TL,Y,3,NP,Gill Net,455,700,,F,Y,,,,,,,,,,,2,,,,,,,,,,,,,,,,,,,,,,,,
CJ SVD KD,6/23/2018,530,,,3,NP,Gill Net,477,830,,F,N,,,,,,,,,,,,,,,,,,,,,,,,,,,,,,,,,,,
CJ SVD KD,6/23/2018,531,1114,Y,3,NP,Gill Net,444,760,,M,N,,,,,,,,,,,,,,,,,,,,,,,,,,,,,,,,,,,
CJ SVD KD,6/23/2018,532,,,3,NP,Gill Net,470,812,,F,Y,,,,,,,,,,,4,,,,,,,,,,,,,,,,,,,,,,,,
CJ SVD KD,6/23/2018,533,,,3,NP,Gill Net,381,420,,F,Y,,,,2,,,,,,,,,,,,,,,,,,,,,,,,,,,,,,,
CJ SVD KD,6/23/2018,534,,,3,NP,Gill Net,350,350,,F,Y,,,,4,,,,,,,1,,,,,,,,,,,,,,,,,,,,,,,,
CJ SVD KD,6/23/2018,535,,,3,NP,Gill Net,400,500,,M,Y,,,,,,,,,,,9,,,,,,,,,,,,,,,,,,,,,,,,
CJ SVD KD,6/23/2018,536,1412,Y,3,NP,Gill Net,345,275,,F,Y,,,,,,,,,,,3,,,,,,,,,,,,,,,,,,,,,,,,
CJ SVD KD,6/23/2018,537,,,3,NP,Gill Net,402,412,,F,N,,,,,,,,,,,,,,,,,,,,,,,,,,,,,,,,,,,
CJ SVD KD,6/23/2018,538,,,3,NP,Gill Net,469,780,,F,Y,,,,,,,,,,,2,,,,,,,,,,,,,,,,,,,,,,,,
CJ SVD KD,6/23/2018,539,,,3,NP,Gill Net,310,210,,F,Y,,,,,,,,,,,3,,,,,,,,,,,,,,,,,,,,,,,,
CJ SVD KD,6/23/2018,540,,,3,NP,Gill Net,285,151,,U,N,,,,,,,,,,,,,,,,,,,,,,,,,,,,,,,,,,,
CJ SVD KD,6/23/2018,541,,,3,NP,Gill Net,280,153,,M,Y,3,,,,,,,,,,,,,,,,,,,,,,,,,,,,,,,,,,
CJ SVD KD,6/23/2018,542,,,3,NP,Gill Net,263,127,,M,Y,,,,,,,,,,,3,,,,,,,,,,,,,,,,,,,,,,,,
CJ SVD KD,6/23/2018,543,,,3,NP,Gill Net,239,109,,M,Y,,,,,,,,,,,9,,,,,,,,,,,,,,,,,,,,,,,,
CJ SVD KD,6/23/2018,544,,,3,NP,Gill Net,248,108,,F,N,,,,,,,,,,,,,,,,,,,,,,,,,,,,,,,,,,,
CJ SVD KD,6/23/2018,545,,,3,NP,Gill Net,205,60,,M,Y,,,,,,,,,,,3,,,,,,,,,,,,,,,,,,,,,,,,
CJ SVD KD,6/23/2018,546,1519,Y,Outlet Fyke,NP,Fyke,431,577,,F,Y,11,,,2,,,,,,,,,,,,,,,,,,,,,,,,,,,,,,,
CJ SVD KD,6/23/2018,547,1509,Y,Outlet Fyke,NP,Fyke,488,909,,F,Y,2,,,,,,,,,,,,,,,,,,,,,,,,,,,,,,,,,,
CJ SVD KD,6/23/2018,548,,,3,NP,Gill Net,441,715,,F,Y,2,,,4,,,,,,,,,,,,,,,,,,,,,,,,,,,,,,,
CJ SVD KD,6/23/2018,549,1267,Y,3,NP,Gill Net,459,589,,F,Y,,,,1,,,,,,,,,,,,,,,,,,,,,,,,,,,,,,,
CJ SVD KD,6/23/2018,550,1229,Y,3,NP,Gill Net,394,543,,M,Y,6,,,6,,,,,,,,,,,,,,,,,,,,,,,,,,,,,,,
CJ SVD KD,6/23/2018,551,1199,Y,3,NP,Gill Net,443,744,,M,Y,2,,,3,,,,,,,,,,,,,,,,,,,,,,,,,,,,,,,
CJ SVD KD,6/23/2018,552,,,3,NP,Gill Net,450,750,,F,Y,4,,,1,,,,,,,1,,,1,,,,,,,,,,,,,,,,,,,,,
CJ SVD KD,6/23/2018,553,1103,Y,3,NP,Gill Net,395,495,,M,Y,,,,1,,,,,1,,3,,,,,,,,,,,,,,,,,,,,,,,,
CJ SVD KD,6/23/2018,554,1109,Y,3,NP,Gill Net,451,763,,M,Y,3,,,2,,,,,,,,,,,,,,,,,,,,,,,,,,,,,,,
CJ SVD KD,6/23/2018,555,,,3,NP,Gill Net,410,598,,M,Y,7,,,1,,,,,,,,,,,,,,,,,,,,,,,,,,,,,,,
CJ SVD KD,6/23/2018,556,1346,Y,3,NP,Gill Net,434,670,,M,Y,4,,1,1,,,,,,,,,,,,,,,,,,,,,,,,,,,,,,,
CJ SVD KD,6/23/2018,557,1258,Y,3,NP,Gill Net,371,420,,F,Y,4,,,3,,,,,,,,,,,,,,,,,,,,,,,,,,,,,,,
CJ SVD KD,6/23/2018,558,,,3,NP,Gill Net,368,448,,M,Y,5,,,1,,,,,,,,,,,,,,,,,,,,,,,,,,,,,,,
CJ SVD KD,6/23/2018,559,1016,Y,3,NP,Gill Net,461,751,,F,Y,,,,3,,,,,,1,,,,,,,,,,,,,,,,,,,,,,,,,
CJ SVD KD,6/23/2018,560,1018,Y,3,NP,Gill Net,463,804,,M,Y,,,,2,,,,,,,3,,,,,,,,,,,,,,,,,,,,,,,,
CJ SVD KD,6/23/2018,561,1872,Y,3,NP,Gill Net,374,454,,F,Y,2,,,1,,,,,,,,,,,,,,,,,,,,,,,,,,,,,,,
CJ SVD KD,6/23/2018,562,1012,Y,3,NP,Gill Net,437,602,,F,Y,4,,,3,,,,,,,4,,,,,,,,,,,,,,,,,,,,,,,,
CJ SVD KD,6/23/2018,563,,,3,NP,Gill Net,341,399,,M,Y,19,,,,,,,,,,,,,,,,,,,,,,,,,,,,,,,,,,
CJ SVD KD,6/23/2018,564,,,3,NP,Gill Net,304,253,,F,Y,10,1,1,1,,,,,,,,,,,,,,,,,,,,,,,,,,,,,,,
CJ SVD KD,6/23/2018,565,,,3,NP,Gill Net,299,248,,F,Y,11,,,,,,,,,,,,,,,,,,,,,,,,,,,,,,,,,,
CJ SVD KD,6/23/2018,566,,,3,NP,Gill Net,791,4150,,F,Y,,,,,,1,,,,,,,,,,,,,,,,,,,,,,,,,,,,,
CJ SVD KD,6/23/2018,567,1857,Y,3,NP,Gill Net,607,1560,,F,N,,,,,,,,,,,,,,,,,,,,,,,,,,,,,,,,,,,
CJ SVD KD,6/23/2018,568,,,3,NP,Gill Net,250,158,,M,Y,16,,,,,,,,,,,,,,,,,,,,,,,,,,,,,,,,,,
CJ SVD KD,6/23/2018,569,,,3,NP,Gill Net,570,1810,,F,Y,,,,,,3,,,,,,,,,,,,,,,,,,,,,,,,,,,,,
CJ SVD KD,6/23/2018,570,1239,Y,3,NP,Gill Net,484,967,,M,N,,,,,,,,,,,,,,,,,,,,,,,,,,,,,,,,,,,
CJ SVD KD,6/23/2018,571,,,3,NP,Gill Net,360,328,,F,Y,2,,2,,,,,,,,,,,,,,,,,,,,,,,,,,,,,,,,
CJ SVD KD,6/23/2018,572,,,3,NP,Gill Net,354,365,,F,Y,6,,,,,,,,,,,,,,,,,,,,,,,,,,,,,,,,,,
CJ SVD KD,6/23/2018,573,,,3,NP,Gill Net,348,352,,M,Y,10,,,1,,,,,,,2,,,,,,,,,,,,,,,,,,,,,,,,
CJ SVD KD,6/23/2018,574,,,3,NP,Gill Net,331,331,,U,Y,11,,,,,,,,,,,,,,,,,,,,,,,,,,,,,,,,,,
CJ SVD KD,6/23/2018,575,,,3,NP,Gill Net,452,779,,M,Y,1,,,2,,,,,,,,,,,,,,,,,,,,,,,,,,,,,,,
CJ SVD KD,6/23/2018,576,,,3,NP,Gill Net,265,130,,M,Y,6,,,1,,,,,,,1,,,,,,,,,,,,,,,,,,,,,,,,
CJ SVD KD,6/23/2018,577,1233,Y,3,NP,Gill Net,444,721,,M,Y,,,,1,,,,,4,,,,,,,,,,,,,,,,,,,,,,,,,,
CJ SVD KD,6/23/2018,578,1403,Y,5,NP,Angler,473,509,,F,Y,,,,,,,,,,,2,,,1,,,,,,,,,,,,,,,,,,,,,
CJ SVD KD,6/23/2018,579,1033,Y,5,NP,Angler,543,1164,,M,Y,,,,,,1,,,,,,,,,,,,,,,,,,,,,,,,,,,,,
CJ SVD KD,6/23/2018,580,,,5,NP,Angler,644,1839,,F,N,,,,,,,,,,,,,,,,,,,,,,,,,,,,,,,,,,,
CJ SVD KD,6/23/2018,581,1364,Y,5,NP,Angler,636,1406,,M,Y,,,,,,,,,,,3,,,,,,,,,,,,,,,,,,,,,,,,
CJ SVD KD,6/23/2018,582,,,6,NP,Angler,417,479,,F,Y,,,,,,,,,,,8,,,,,,,,,,,,,,,,1,,,,,,,,
CJ SVD KD,6/23/2018,583,,,6,NP,Angler,295,212,,M,Y,,,,,,,,,,,1,,,,,,,,,,,,,,,,,,,,,,,,
CJ SVD KD,6/23/2018,584,,,6,NP,Angler,360,377,,M,N,,,,,,,,,,,,,,,,,,,,,,,,,,,,,,,,,,,
CJ SVD KD,6/23/2018,585,,,6,NP,Angler,288,178,,F,Y,,,,,,,,,,,1,,,,,,,,,,,,,,,,,,,,,,,,
CJ SVD KD,6/23/2018,586,,,6,NP,Angler,359,303,,F,Y,,,,,,,,,,,,,,,,,,,,,,,,,,,1,,,,,,,,
CJ SVD KD,6/23/2018,587,1540,Y,6,NP,Angler,495,855,,F,N,,,,,,,,,,,,,,,,,,,,,,,,,,,,,,,,,,,
CJ SVD KD,6/23/2018,588,,,6,NP,Angler,365,343,,M,Y,,,,,,,,,,,4,1,,,,,,,,,,,,,,,,,,,,,,,
CJ SVD KD,6/23/2018,589,,,6,NP,Angler,791,3671,,F,N,,,,,,,,,,,,,,,,,,,,,,,,,,,,,,,,,,,
PB KD GVD,6/24/2018,590,1072,Y,4,NP,Gill Net,430,629,,F,Y,,,,,,,,,,,,,,,,,,,,,,,,,,,,,,10,,,,,
PB KD GVD,6/24/2018,591,1088,Y,4,NP,Gill Net,386,452,,F,Y,,,,,,,,,,28,1,,,,,,,,,,,,,,,,,,,,,,,,
PB KD GVD,6/24/2018,592,1040,Y,4,NP,Gill Net,393,472,,F,Y,,,,,,,,,,,1,,,,,,,,,,,,,,,,,,,,,,,,
PB KD GVD,6/24/2018,593,,,4,NP,Gill Net,295,191,,M,N,,,,,,,,,,,,,,,,,,,,,,,,,,,,,,,,,,,
PB KD GVD,6/24/2018,594,,,4,NP,Gill Net,376,382,,F,Y,,,,,,,,,,,,,,,,,1,,,,,,,,,,2,,,,,,,,
PB KD GVD,6/24/2018,595,1443,Y,4,NP,Gill Net,488,956,,F,N,,,,,,,,,,,,,,,,,,,,,,,,,,,,,,,,,,,
PB KD GVD,6/24/2018,596,1219,Y,4,NP,Gill Net,584,1576,,F,Y,,,,,,1,,,,,,,,,,,,,,2,,,,,,,,,,,,,,,
PB KD GVD,6/24/2018,597,,,4,NP,Gill Net,405,519,,M,N,,,,,,,,,,,,,,,,,,,,,,,,,,,,,,,,,,,
PB KD GVD,6/24/2018,598,1400,Y,4,NP,Gill Net,454,735,,F,Y,,,,,,1,,,,1,,,,,,1,,,,,,,,,,,,,,,,,,,
PB KD GVD,6/24/2018,599,,,4,NP,Gill Net,565,1792,,F,Y,,,,,,1,,,,,,,,,,,,,,,,,,,,,,,,,,,,,
PB KD GVD,6/24/2018,600,,,4,NP,Gill Net,431,638,,M,Y,,,,,,,,,,5,1,,,,,,1,,,,,,,1,,,,,,,,,,,
PB KD GVD,6/24/2018,601,1426,Y,4,NP,Gill Net,510,1000,,F,Y,,,,,,,,,,2,1,,,,,,,,,,,,,,,,,,,,,,,,
PB KD GVD,6/24/2018,602,,,4,NP,Gill Net,505,1023,,F,Y,,,,,,,,,,2,1,,,,,1,,,,,,,,,,,,,,,,,,,
PB KD GVD,6/24/2018,603,1096,Y,4,NP,Gill Net,449,652,,F,N,,,,,,,,,,,,,,,,,,,,,,,,,,,,,,,,,,,
PB KD GVD,6/24/2018,604,,,4,NP,Gill Net,302,184,,F,N,,,,,,,,,,,,,,,,,,,,,,,,,,,,,,,,,,,
PB KD GVD,6/24/2018,605,,,4,NP,Gill Net,311,225,,F,Y,,,,,,,,,,1,,,,,,,,,,,,,,,,,,,,,,,,,
PB KD GVD,6/24/2018,606,,,4,NP,Gill Net,476,744,,F,Y,,,,,,,,,,,1,,,,,,,,,,,2,,,,,2,,,14,,,,,
PB KD GVD,6/24/2018,607,,,4,NP,Gill Net,598,1925,,F,Y,,,,,,,,,,,,,,,,,,,,,,,,,,,,,,,1,,,,
PB KD GVD,6/24/2018,608,,,4,NP,Gill Net,447,634,,M,N,,,,,,,,,,,,,,,,,,,,,,,,,,,,,,,,,,,
PB KD GVD,6/24/2018,609,1425,Y,4,NP,Gill Net,396,420,,M,N,,,,,,,,,,,,,,,,,,,,,,,,,,,,,,,,,,,
PB KD GVD,6/24/2018,610,,,4,NP,Gill Net,221,74,,U,N,,,,,,,,,,,,,,,,,,,,,,,,,,,,,,,,,,,
PB KD GVD,6/24/2018,611,1433,Y,4,NP,Gill Net,487,754,,M,N,,,,,,,,,,,,,,,,,,,,,,,,,,,,,,,,,,,
PB KD GVD,6/24/2018,612,,,4,NP,Gill Net,415,251,,F,Y,,,,,,,,,,1,,,,,,,,,,,,,,,,,,,,,,,,,
PB KD GVD,6/24/2018,613,,,4,NP,Gill Net,374,349,,F,N,,,,,,,,,,,,,,,,,,,,,,,,,,,,,,,,,,,
PB KD GVD,6/24/2018,614,,,4,NP,Gill Net,317,225,,F,Y,,,,,,,,,,,,,,,,,,,,,,,,,,,,,,20,,,,,
PB KD GVD,6/24/2018,615,,,4,NP,Gill Net,409,577,,F,N,,,,,,,,,,,,,,,,,,,,,,,,,,,,,,,,,,,
PB KD GVD,6/24/2018,616,1355,Y,4,NP,Gill Net,549,1391,,F,Y,,,,,,1,,,,,,,,,,,,,,,,,,,,,,,,12,,,,,
PB KD GVD,6/24/2018,617,,,4,NP,Gill Net,446,733,,M,N,,,,,,,,,,,,,,,,,,,,,,,,,,,,,,,,,,,
PB KD GVD,6/24/2018,618,,,4,NP,Gill Net,397,480,,M,Y,,,,,,,,,,,2,,,,,,,,,,,,,,,,,,,8,,,,,
PB KD GVD,6/24/2018,619,,,4,NP,Gill Net,420,554,,F,N,,,,,,,,,,,,,,,,,,,,,,,,,,,,,,,,,,,
PB KD GVD,6/24/2018,620,1387,Y,4,NP,Gill Net,428,667,,F,Y,,,,,,1,,,,,,,,,,,,,,,,,,,,,,,,,,,,,
PB KD GVD,6/24/2018,621,1473,Y,4,NP,Gill Net,425,545,,M,Y,,,,,,,,,,2,,,,,,,,,,,,,,,,,,,,,,,,,
PB KD GVD,6/24/2018,622,,,4,NP,Gill Net,363,351,,M,Y,,,,,,,,,,,10,,,1,,,2,,,,,,,,,,,,,,,,,,
PB KD GVD,6/24/2018,623,1824,Y,4,NP,Gill Net,367,394,,M,Y,,,,,,,,,,,3,,,,,,,,,,,,,,,,,,,,,,,,
PB KD GVD,6/24/2018,624,,,4,NP,Gill Net,499,995,,F,Y,,,,,,1,,,,,,,,,,,,,,,,,,,,,,,,,,,,,
PB KD GVD,6/24/2018,625,,,4,NP,Gill Net,426,630,,M,Y,,,,,,,,,,,,,,,,,1,,,,,,,,,,,,,6,,,,,
PB KD GVD,6/24/2018,626,,,4,NP,Gill Net,233,82,,U,Y,,,,,,,,,,5,,,,,,,,,,,,,,,,,,,,,,,,,
PB KD GVD,6/24/2018,627,1819,Y,4,NP,Gill Net,439,586,,M,N,,,,,,,,,,,,,,,,,,,,,,,,,,,,,,,,,,,
PB KD GVD,6/24/2018,628,,,4,NP,Gill Net,286,174,,M,N,,,,,,,,,,,,,,,,,,,,,,,,,,,,,,,,,,,
PB KD GVD,6/24/2018,629,,,4,NP,Gill Net,620,1894,,F,N,,,,,,,,,,,,,,,,,,,,,,,,,,,,,,,,,,,
PB KD GVD,6/24/2018,630,1388,Y,4,NP,Gill Net,438,688,,F,N,,,,,,,,,,,,,,,,,,,,,,,,,,,,,,,,,,,
PB KD GVD,6/24/2018,631,,,4,NP,Gill Net,305,208,,M,Y,,,,,,,,,,,1,,,,,,1,,,,,,,,,,,,,,,,,,
PB KD GVD,6/24/2018,632,1522,Y,4,NP,Gill Net,425,700,,F,Y,,,,,,1,,,,,,,,1,,,,,,,,,,,,,,,,,,,,,
PB KD GVD,6/24/2018,633,,,4,NP,Gill Net,341,282,,M,Y,,,,,,,,,,,3,,,,,,1,,,,,,,,,,,,,,,,,,
PB KD GVD,6/24/2018,634,,,4,NP,Gill Net,295,180,,M,Y,,,,,,,,,,,4,,,,,,,,,,,,,,,,,,,,,,,,
PB KD GVD,6/24/2018,635,,,4,NP,Gill Net,424,570,,M,N,,,,,,,,,,,,,,,,,,,,,,,,,,,,,,,,,,,
PB KD GVD,6/24/2018,636,,,4,NP,Gill Net,301,192,,F,Y,,,,,,,,,,,1,,,,,,,,,,,,,,,,,,,,,,,,
PB KD GVD,6/24/2018,637,,,4,NP,Gill Net,299,182,,F,N,,,,,,,,,,,,,,,,,,,,,,,,,,,,,,,,,,,
PB KD GVD,6/24/2018,638,1220,Y,4,NP,Gill Net,444,718,,M,N,,,,,,,,,,,,,,,,,,,,,,,,,,,,,,,,,,,
PB KD GVD,6/24/2018,639,,,4,NP,Gill Net,282,156,,U,N,,,,,,,,,,,,,,,,,,,,,,,,,,,,,,,,,,,
PB KD GVD,6/24/2018,640,,,4,NP,Gill Net,375,420,,M,Y,,,,,,,,,,2,,,,,,,,,,,,,,,,,,,,,,,,,
PB KD GVD,6/24/2018,641,1226,Y,4,NP,Gill Net,591,1717,,F,Y,,,,,,,,,,,,,,,,,,,,,,,,,,,,,,,1,,,,
PB KD GVD,6/24/2018,642,,,4,NP,Gill Net,581,881,,F,Y,,,,,,,,,,1,,,,,,,,,,,,,,,,,,,,,,,,,
PB KD GVD,6/24/2018,643,1427,Y,4,NP,Gill Net,496,854,,F,Y,,,,,,,,,,,,,,,,,1,,,3,,,,,,,,,,,,,,,
PB KD GVD,6/24/2018,644,1075,Y,4,NP,Gill Net,433,553,,M,Y,,,,,,,,,,3,,,,,,,,,,,,,,,,,,,,,,,,,
PB KD GVD,6/24/2018,645,1358,Y,4,NP,Gill Net,400,468,,F,N,,,,,,,,,,,,,,,,,,,,,,,,,,,,,,,,,,,
PB KD GVD,6/24/2018,646,,,4,NP,Gill Net,297,178,,F,Y,,,,,,,,,,,1,,,,,,,,,,,,,,,,,,,,,,,,
PB KD GVD,6/24/2018,647,,,4,NP,Gill Net,368,399,,M,N,,,,,,,,,,,,,,,,,,,,,,,,,,,,,,,,,,,
PB KD GVD,6/24/2018,648,,,4,NP,Gill Net,312,208,,F,Y,,,,,,,,,,,1,,,,,,,,,,,,,,,,,,,10,,,,,
PB KD GVD,6/24/2018,649,,,4,NP,Gill Net,241,107,,U,Y,,,,,,,,,,5,,,,,,,,,,,,,,,,,,,,,,,,,
PB KD GVD,6/24/2018,650,,,4,NP,Gill Net,335,267,,M,Y,,,,,,,,,,,1,,,,,,,,,,,,,,,,,,,2,,,,,
PB KD GVD,6/24/2018,651,,,4,NP,Gill Net,397,443,,F,N,,,,,,,,,,,,,,,,,,,,,,,,,,,,,,,,,,,
PB KD GVD,6/24/2018,652,1399,Y,4,NP,Gill Net,750,3995,,M,N,,,,,,,,,,,,,,,,,,,,,,,,,,,,,,,,,,,
PB KD GVD,6/24/2018,653,,,4,NP,Gill Net,463,729,,F,Y,,,,,,,,,,,,,,,,,,,,,,,,,,,,,,20,,,,,
PB KD GVD,6/24/2018,654,1384,Y,4,NP,Gill Net,358,332,,M,Y,,,,,,,,,,,,,,,,,,,,,,,,,,,,,,15,,,,,
PB KD GVD,6/24/2018,655,,,4,NP,Gill Net,234,92,,U,Y,,,,,,,,,,6,,,,,,,,,,,,,,,,,,,,,,,,,
PB KD GVD,6/24/2018,656,,,4,NP,Gill Net,337,247,,M,Y,,,,,,,,,,3,,,,,,,,,,,,,,,,,,,,,,,,,
PB KD GVD,6/24/2018,657,,,4,NP,Gill Net,286,180,,M,Y,,,,,,,,,,6,2,,,,,,,,,,,,,,,,,,,,,,,,
PB KD GVD,6/24/2018,658,,,4,NP,Gill Net,292,183,,F,Y,,,,,,,,,,6,1,,,,,,,,,,,,,,,,,,,,,,,,
PB KD GVD,6/24/2018,659,,,4,NP,Gill Net,199,61,,U,Y,,,,,,,,,1,,,,,,,,,,,,,,,,,,,,,,,,,,
PB KD GVD,6/24/2018,660,,,4,NP,Gill Net,223,101,,U,Y,,,,,,,,,,,1,,,,,,,,,,,,,,,,,,,1,,,,,
PB KD GVD,6/24/2018,661,,,4,NP,Gill Net,208,72,,U,Y,,,,,,,,,,,3,,,,,,,,,,,,,,,,,,,,,,,,
PB KD GVD,6/24/2018,662,,,4,NP,Gill Net,389,402,,M,Y,,,,,,,,,,,,,,,,,,,,,,,,,,,,,,3,,,,,
PB KD GVD,6/24/2018,663,1236,Y,4,NP,Gill Net,489,1012,,M,Y,,,,,,,,,,,3,,,,,1,,,,,,,,,,,,,,,,,,,
PB KD GVD,6/24/2018,664,1342,Y,4,NP,Gill Net,595,1885,,F,Y,,,,,,1,,,,,,,,,,,,,,,,,,,,,,,,,,,,,
PB KD GVD,6/24/2018,665,,,4,NP,Gill Net,395,448,,M,Y,,,,,,,,,,3,,,,,,,,,,,,,,,,,,,,3,,,,,
PB KD GVD,6/24/2018,666,1814,Y,4,NP,Gill Net,344,317,,F,Y,,,,,,,,,,10,,,,,,,,,,,,,,,,,,,,,,,,,
PB KD GVD,6/24/2018,667,,,4,NP,Gill Net,378,390,,M,Y,,,,,,,,,,,1,,,,,,,,,,,,,,,,,,,,,,,,
PB KD GVD,6/24/2018,668,,,4,NP,Gill Net,290,195,,M,Y,,,,,,,,,,,3,,,,,,,,,,,,,,,,,,,8,,,,,
PB KD GVD,6/24/2018,669,,,4,NP,Gill Net,288,180,,M,Y,,,,,,,,,,,7,,,,,,,,,,,,,,,,,,,,,,,,
PB KD GVD,6/24/2018,670,,,4,NP,Gill Net,213,81,,U,Y,,,,,,,,,,,1,,,,,,,,,,,,,,,,,,,,,,,,
PB KD GVD,6/24/2018,671,,,4,NP,Gill Net,226,86,,U,Y,,,,,,,,,,1,,,,,,,,,,,,,,,,,,,,,,,,,
PB KD GVD,6/24/2018,672,,,4,NP,Gill Net,232,97,,F,Y,,,,,,,,,,,1,,,,,,,,,,,,,,,,,,,,,,,,
PB KD GVD,6/24/2018,673,,,4,NP,Gill Net,241,111,,U,Y,,,,,,,,,,,,,,,,2,,,,,,,,,,,,,,,,,,,
PB KD GVD,6/24/2018,674,,,4,NP,Gill Net,225,81,,U,Y,,,,,,,,,,,3,,,,,,,,,,,,,,,,,,,,,,,,
PB KD GVD,6/24/2018,675,,,4,NP,Gill Net,254,128,,M,N,,,,,,,,,,,,,,,,,,,,,,,,,,,,,,,,,,,
PB KD GVD,6/24/2018,676,,,4,NP,Gill Net,219,82,,U,Y,,,,,,,,,,,2,,,,,,,,,,,,,,,,,,,,,,,,
PB KD GVD,6/24/2018,677,1338,Y,1,NP,Angler,419,537,,M,Y,,,,,,,,,,,3,,,,,,,,,,,,9,,,,,,,4,,,,,
CJ KD,6/25/2018,678,1800,Y,6,NP,Gill Net,394,442,,M,N,,,,,,,,,,,,,,,,,,,,,,,,,,,,,,,,,,,
CJ KD,6/25/2018,679,,,6,NP,Gill Net,364,380,,F,Y,,,,,,1,,,,,,,,,,,,,,,,,,,,,,,,,,,,,
CJ KD,6/25/2018,680,,,6,NP,Gill Net,383,401,,F,Y,,,,,,,,,,,,,,,,,,,,,,,,,,,,,,,1,,,,
CJ KD,6/25/2018,681,,,6,NP,Gill Net,379,419,,M,Y,,,,,,,,,,2,,,,,,,,,,,,,,,,,1,,,,,,,,
CJ KD,6/25/2018,682,,,6,NP,Gill Net,333,305,,F,Y,,,,,,,,,,,5,,,,,,,,,,,,,,,,,,,,,,,,
CJ KD,6/25/2018,683,,,6,NP,Gill Net,339,296,,F,Y,,,,,,,,,,,,,,,,,,,,,,,,,,,,,,6,,,,,
CJ KD,6/25/2018,684,1452,Y,6,NP,Gill Net,355,259,,M,Y,,,,,,,,,,,1,,,,,,,,,,,,,,,,,,,3,,,,,
CJ KD,6/25/2018,685,,,6,NP,Gill Net,346,287,,F,Y,,,,,,,,,,3,4,,,,,,,,,,,,,,,,,,,,,,,,
CJ KD,6/25/2018,686,,,6,NP,Gill Net,328,259,,F,Y,,,,,,,,,,,1,,,,,,,,,,,,2,,,,,,,10,,,,,
CJ KD,6/25/2018,687,,,6,NP,Gill Net,292,214,,F,Y,,,,,,,,,,1,,,,,,,,,,,,,,,,,,,,,,,,,
CJ KD,6/25/2018,688,1451,Y,6,NP,Gill Net,447,610,,M,Y,,,,,,,,,,16,,,,,,,,,,,,,,,,,,,,,,,,,
CJ KD,6/25/2018,689,,,6,NP,Gill Net,353,326,,F,Y,,,,,,,,,,7,,,,,,,,,,,,,,,,,,,,,,,,,
CJ KD,6/25/2018,690,,,6,NP,Gill Net,253,104,,F,Y,,,,,,,,,,,1,,,,,,,,,,,,,,,,,,,,,,,,
CJ KD,6/25/2018,691,,,6,NP,Gill Net,343,388,,F,Y,,,,,,,,,,4,4,,,,,,,,,,,,1,,,,,,,,,,,,
CJ KD,6/25/2018,692,,,6,NP,Gill Net,324,353,,M,N,,,,,,,,,,,,,,,,,,,,,,,,,,,,,,,,,,,
CJ KD,6/25/2018,693,,,6,NP,Gill Net,296,171,,F,Y,,,,,,,,,,5,,,,,,,,,,,,,,,,,,,,,,,,,
CJ KD,6/25/2018,694,,,6,NP,Gill Net,275,157,,F,Y,,,,,,,,,,6,,,,,,2,2,,,,,,,,,,,,,,,,,,
CJ KD,6/25/2018,695,,,6,NP,Gill Net,366,371,,F,Y,,,,,,,,,,,1,,,,,,,,,,,,1,,,,,,,,,,,,
CJ KD,6/25/2018,696,,,6,NP,Gill Net,285,188,,F,Y,,,,,,,,,,,4,,,,,,,,,,,,1,,,,,,,,,,,,
CJ KD,6/25/2018,697,,,6,NP,Gill Net,395,413,,F,Y,,,,,,,,,,,,,,,,,,,,,,,,,,,,,,1,,,,,
CJ KD,6/25/2018,698,,,6,NP,Gill Net,302,183,,F,Y,,,,,,,,,,,,,,,,,,,,,,,,,,,,,,20,,,,,
CJ KD,6/25/2018,699,,,6,NP,Gill Net,330,384,,F,Y,,,,,,,,,,,,2,,,,,,,,,,,,,,,,,,,,,,,
CJ KD,6/25/2018,700,,,6,NP,Gill Net,392,425,,F,N,,,,,,,,,,,,,,,,,,,,,,,,,,,,,,,,,,,
CJ KD,6/25/2018,701,,,6,NP,Gill Net,288,178,,F,Y,,,,,,,,,,2,,,,,,,,,,,,,,,,,,,,,,,,,
CJ KD,6/25/2018,702,1847,Y,6,NP,Gill Net,357,346,,F,N,,,,,,,,,,,,,,,,,,,,,,,,,,,,,,,,,,,
CJ KD,6/25/2018,703,1844,Y,6,NP,Gill Net,381,384,,F,N,,,,,,,,,,,,,,,,,,,,,,,,,,,,,,,,,,,
CJ KD,6/25/2018,704,,,6,NP,Gill Net,445,640,,F,Y,,,,,,,,,,1,,,,,,,,,,,,,,,,,,,,,1,,,,
CJ KD,6/25/2018,705,,,6,NP,Gill Net,321,255,,M,Y,,,,,,,,,,,3,,,,,,,,,,,,,,,,,,,,,,,,
CJ KD,6/25/2018,706,,,6,NP,Gill Net,295,163,,F,Y,,,,,,,,,,,3,,,,,,,,,,,,,,,,,,,,,,,,
CJ KD,6/25/2018,707,,,6,NP,Gill Net,268,149,,U,Y,,,,,,,,,,3,4,,,,,,,,,,,,,,,,,,,,,,,,
CJ KD,6/25/2018,708,,,6,NP,Gill Net,293,181,,F,Y,,,,,,,,,,,2,,,,,,2,,,,,,,,,,,,,,,,,,
CJ KD,6/25/2018,709,,,6,NP,Gill Net,296,198,,F,Y,,,,,,,,,,,,,,,,,,,,,,,,,,,,,,3,,,,,
CJ KD,6/25/2018,710,,,6,NP,Gill Net,323,221,,F,Y,,,,,,,,,,1,1,2,,,,,2,,,,,,,,,,,,,,,,,,
CJ KD,6/25/2018,711,1842,Y,6,NP,Gill Net,380,443,,F,Y,,,,,,,,,,,1,,,,,,,,,,,,,,,,,,,,,,,,
CJ KD,6/25/2018,712,,,6,NP,Gill Net,282,184,,M,Y,,,,,,,,,,,1,,,,,,,,,,,,,,,,,,,5,,,,,
CJ KD,6/25/2018,713,,,6,NP,Gill Net,286,192,,M,N,,,,,,,,,,,,,,,,,,,,,,,,,,,,,,,,,,,
CJ KD,6/25/2018,714,,,6,NP,Gill Net,327,284,,F,Y,,,,,,,,,,,,,,,,1,,,,,,,,,,,,,,,,,,,
CJ KD,6/25/2018,715,,,6,NP,Gill Net,286,168,,M,Y,,,,,,,,,,6,,,,,,,,,,,,,,,,,,,,,,,,,
CJ KD,6/25/2018,716,,,6,NP,Gill Net,320,266,,F,Y,,,,,,,,,,8,1,,,,,,,,,,,,,,,,,,,,,,,,
CJ KD,6/25/2018,717,,,6,NP,Gill Net,331,293,,M,Y,,,,,,,,,,,4,,,,,,,,,,,,,,,,,,,,,,,,
CJ KD,6/25/2018,718,,,6,NP,Gill Net,369,362,,F,Y,,,,,,,,,,,1,,,,,,,,,,,,,,,,,,,,,,,,
CJ KD,6/25/2018,719,,,6,NP,Gill Net,238,127,,F,Y,,,,,,,,,,,2,1,,,,,,,,,,,,,,,,,,2,,,,,
CJ KD,6/25/2018,720,,,6,NP,Gill Net,294,186,,F,Y,,,,,,,,,,,,,,,,,,,,,,,2,,,,,,,10,,,,,One otolith
CJ KD,6/25/2018,721,,,6,NP,Gill Net,300,216,,F,Y,,,,,,,,,,,,,,,,,,,,,,,1,,,,,,,,,,,,
CJ KD,6/25/2018,722,,,6,NP,Gill Net,310,263,,F,Y,,,,,,,,,,4,3,,,,,,,,,,,,2,,,,,,,,,,,,
CJ KD,6/25/2018,723,,,6,NP,Gill Net,304,220,,F,Y,,,,,,,,,,,1,1,,,,,,,,,,,,,,,,,,,,,,,
CJ KD,6/25/2018,724,,,6,NP,Gill Net,243,349,,F,Y,,,,,,,,,,3,,,,,,,,,,,,,,,,,,,,,,,,,
CJ KD,6/25/2018,725,,,6,NP,Gill Net,330,302,,F,Y,,,,,,,,,,,1,,,,,,,,,,,,,,,,,,,,,,,,
CJ KD,6/25/2018,726,,,6,NP,Gill Net,288,170,,M,Y,,,,,,,,,,,1,2,,,,,,,,,,,,,,,,,,,,,,,
CJ KD,6/25/2018,727,,,6,NP,Gill Net,326,285,,F,Y,,,,,,,,,,,,1,,,,,,,,,,,,,,,,,,,,,,,
CJ KD,6/25/2018,728,,,6,NP,Gill Net,305,220,,F,Y,,,,,,,,,,12,,1,,,,,,,,,,,1,,,,,,,,,,,,
CJ KD,6/25/2018,729,,,6,NP,Gill Net,340,323,,F,Y,,,,,,1,,,,48,,,,,,,,,,,,,,,,,1,,,,,,,,pike was YOY
CJ KD,6/25/2018,730,,,6,NP,Gill Net,292,177,,M,Y,,,,,,,,,,,,,,,,,,1,,,,,,,,,,,,,,,,,
CJ KD,6/25/2018,731,,,6,NP,Gill Net,322,247,,F,Y,,,,,,,,,,10,1,1,,,,,,,,,,,,,,,,,,,,,,,
CJ KD,6/25/2018,732,,,6,NP,Gill Net,310,194,,F,Y,,,,,,,,,,,1,,,,,,,,,,,,,,,,,,,,,,,,
CJ KD,6/25/2018,733,,,6,NP,Gill Net,300,194,,F,Y,,,,,,,,,,4,,,,,,,,,,,,,2,,,,,,,,,,,,
CJ KD,6/25/2018,734,,,6,NP,Gill Net,320,221,,F,Y,,,,,,,,,,,6,,,,,,,,,,,,,,,,,,,,,,,,
CJ KD,6/25/2018,735,,,6,NP,Gill Net,290,168,,M,N,,,,,,,,,,,,,,,,,,,,,,,,,,,,,,,,,,,
CJ KD,6/25/2018,736,,,6,NP,Gill Net,290,205,,F,Y,,,,,,1,,,,,2,,,,,,,,,,,,,,,,,,,,,,,,
CJ KD,6/25/2018,737,,,6,NP,Gill Net,275,176,,M,N,,,,,,,,,,,,,,,,,,,,,,,,,,,,,,,,,,,
CJ KD,6/25/2018,738,,,6,NP,Gill Net,266,149,,M,Y,,,,,,,,,,,3,,,,,,,,,,,,,,,,,,,,,,,,
CJ KD,6/25/2018,739,,,6,NP,Gill Net,254,120,,U,Y,,,,,,,,,,4,1,,,,,,,,,,,,,,,,,,,,,,,,
CJ KD,6/25/2018,740,,,6,NP,Gill Net,333,276,,F,Y,,,,,,,,,,,,3,,,,,,,,,,,,,,,,,,,,,,,
CJ KD,6/25/2018,741,,,6,NP,Gill Net,274,196,,F,Y,,,,,,,,,,,,2,,,,,,,,,,,,,,,,,,,,,,,
CJ KD,6/25/2018,742,,,6,NP,Gill Net,265,137,,F,Y,,,,,,,,,,6,,,,,,,,,,,,,,,,,,,,,,,,,
CJ KD,6/25/2018,743,,,6,NP,Gill Net,250,114,,M,Y,,,,,,,,,,,1,3,,,,,,,,,,,,,,,,,,,,,,,
CJ KD,6/25/2018,744,,,6,NP,Gill Net,240,134,,F,Y,,,,,,,,,,,,3,,,,,,,,,,,2,,,,,,,,,,,,
CJ KD,6/25/2018,745,,,6,NP,Gill Net,253,129,,M,Y,,,,,,,,,,,,,,,,,,,,,,,,,,,,,,4,,,,,
CJ KD,6/25/2018,746,,,6,NP,Gill Net,305,197,,F,N,,,,,,,,,,,,,,,,,,,,,,,,,,,,,,,,,,,
CJ KD,6/25/2018,747,,,6,NP,Gill Net,295,180,,M,Y,,,,,,,,,,1,2,,,,,,,,,,,,,,,,,,,,,,,,
CJ KD,6/25/2018,748,,,6,NP,Gill Net,240,100,,U,Y,,,,,,,,,,3,,,,,,,,,,,,,,,,,,,,,,,,,
CJ KD,6/25/2018,749,,,6,NP,Gill Net,265,157,,F,N,,,,,,,,,,,,,,,,,,,,,,,,,,,,,,,,,,,
CJ KD,6/25/2018,750,,,6,NP,Gill Net,224,73,,U,Y,,,,,,,,,,,6,,,,,,,,,,,,,,,,,,,,,,,,
CJ KD,6/25/2018,751,,,6,NP,Gill Net,228,78,,F,Y,,,,,,,,,,,,,,,,,,,,,,,,,,,,,,8,,,,,
CJ KD,6/25/2018,752,,,6,NP,Gill Net,264,120,,M,N,,,,,,,,,,,,,,,,,,,,,,,,,,,,,,,,,,,
CJ KD,6/25/2018,753,,,6,NP,Gill Net,225,87,,M,Y,,,,,,,,,,16,1,1,,,,,,,,,,,,,,,,,,,,,,,
CJ KD,6/25/2018,754,,,6,NP,Gill Net,246,97,,U,Y,,,,,,,,,,,3,,,,,,,,,,,,,,,,,,,,,,,,
CJ KD,6/25/2018,755,,,6,NP,Gill Net,240,95,,F,Y,,,,,,,,,,,4,,,,,,,,,,,,,,,,,,,,,,,,
CJ KD,6/25/2018,756,,,6,NP,Gill Net,242,99,,U,Y,,,,,,,,,,,1,,,,,,,,,,,,,,,,,,,,,,,,
CJ KD,6/25/2018,757,,,6,NP,Gill Net,207,55,,M,Y,,,,,,,,,,3,3,,,,,,,,,,,,,,,,,,,,,,,,
CJ KD,6/25/2018,758,,,5,NP,Gill Net,224,81,,U,Y,,,,,,,,,,,3,1,,,,,,,,,,,,,,,,,,,,,,,
CJ KD,6/25/2018,759,,,5,NP,Gill Net,239,86,,F,Y,,,,,,,,,,,4,,,,,,,,,,,,,,,,,,,,,,,,
CJ KD,6/25/2018,760,1463,Y,5,NP,Gill Net,450,597,,F,Y,,,,,,,,,,,3,,,,,,,,,,,,,,,,,,,,,,,,
CJ KD,6/25/2018,761,,,5,NP,Gill Net,501,667,,F,N,,,,,,,,,,,,,,,,,,,,,,,,,,,,,,,,,,,Predation-no stomach
CJ KD,6/25/2018,762,1028,Y,5,NP,Gill Net,553,1117,,F,N,,,,,,,,,,,,,,,,,,,,,,,,,,,,,,,,,,,
CJ KD,6/25/2018,763,1027,Y,5,NP,Gill Net,498,843,,M,N,,,,,,,,,,,,,,,,,,,,,,,,,,,,,,,,,,,
CJ KD,6/25/2018,764,1031,Y,5,NP,Gill Net,381,355,,F,Y,,,,,,,,,,,1,,,,,,,,,,,,,,,,,,,6,,,,,
CJ KD,6/25/2018,765,,,5,NP,Gill Net,316,215,,M,Y,,,,,,,,,,,4,4,,,,,,,,,,,,,,,,,,,,,,,
CJ KD,6/25/2018,766,1461,Y,5,NP,Gill Net,415,454,,M,Y,,,,,,,,,,,,,,,,,,,,,,,,,,,,,,5,,,,,
CJ KD,6/25/2018,767,,,5,NP,Gill Net,306,209,,F,Y,,,,,,,,,,,2,,,,,,,,,,,,,,,,,,,,,,,,
CJ KD,6/25/2018,768,,,5,NP,Gill Net,256,126,,U,Y,,,,,,,,,,,2,1,,,,,,,,,,,,,,,,,,,,,,,
CJ KD,6/25/2018,769,,,5,NP,Gill Net,543,1009,,F,N,,,,,,,,,,,,,,,,,,,,,,,,,,,,,,,,,,,
CJ KD,6/25/2018,770,,,Outlet Fyke,NP,Fyke,279,143,,F,Y,1,,,,,,,,,,,,,,,,,,,,,,,,,,,,,,,,,,
CJ KD,6/25/2018,771,,,2,NP,Angler,370,344,,F,Y,,,,,,,,,,,19,,,,,,,,,,,,,,,,,,,,,,,,
CJ KD,6/25/2018,772,1867,Y,2,NP,Angler,392,488,,M,Y,,,,2,,,,,,,,,,,,,,,,,,,,,,,,,,1,,,,,
CJ KD,6/25/2018,773,1213,Y,2,NP,Angler,372,345,,M,Y,,,,,,,,,,,,,,,,,,,,,,,,,,,,,,10,,,,,
CJ KD,6/25/2018,774,1374,Y,2,NP,Angler,505,856,,F,Y,,,,,,,,,,,2,,,,,,,,,9,,,,,,,,,,,,,,,
CJ EH,6/26/2018,775,1891,Y,1,NP,Gill Net,394,526,,F,N,,,,,,,,,,,,,,,,,,,,,,,,,,,,,,,,,,,
CJ EH,6/26/2018,776,1046,Y,1,NP,Gill Net,430,535,,F,Y,,,,,,,,,,3,1,,,,,,,,,2,,,,,,,,,,,,,,,
CJ EH,6/26/2018,777,,,1,NP,Gill Net,324,276,,F,N,,,,,,,,,,,,,,,,,,,,,,,,,,,,,,,,,,,
CJ EH,6/26/2018,778,1082,Y,1,NP,Gill Net,418,548,,M,Y,,,,,,,,,,,,,,,,,,,,,,,3,,,,,,,,,,,,
CJ EH,6/26/2018,779,,,1,NP,Gill Net,308,241,,M,Y,,,,,,,,,,,4,,,,,,,,,,,,,,,,1,,,,,,,,
CJ EH,6/26/2018,780,,,1,NP,Gill Net,276,156,,M,Y,,,,,,,,,,3,2,,,,,,,,,,,,,,,,,,,,,,,,
CJ EH,6/26/2018,781,,,1,NP,Gill Net,446,719,,F,Y,,,,,,,,,,2,1,,,,,,,,,,,,2,,,,1,,,,,,,,
CJ EH,6/26/2018,782,,,1,NP,Gill Net,314,278,,M,Y,,,3,,,,,,,,,,,,,,,,,,,,1,,,,,,,,,,,,
CJ EH,6/26/2018,783,,,1,NP,Gill Net,340,297,,M,Y,,,,,,,,,,,3,,,,,,,,,,,,1,,,,1,,,,,,,,
CJ EH,6/26/2018,784,,,1,NP,Gill Net,301,234,,U,Y,,,3,,,,,,,,,,,,,,,,,,,,,,,,,,,,,,,,
CJ EH,6/26/2018,785,1343,Y,1,NP,Gill Net,361,373,,M,Y,,,,,,,,,1,1,,,,,,,,,,,,,,,,,,,,,,,,,
CJ EH,6/26/2018,786,,,1,NP,Gill Net,355,382,,F,Y,,,,,,,,,,,4,,,,,,,,,,,,,,,,,,,,,,,,
CJ EH,6/26/2018,787,,,1,NP,Gill Net,323,283,,M,Y,,,,,,,,,,1,3,,,,,,,,,,,,,,,,,,,,,,,,
CJ EH,6/26/2018,788,,,1,NP,Gill Net,321,98,,M,Y,,,2,,,,,,,27,,,,,,,,,,,,,1,,,,,,,,,,,,
CJ EH,6/26/2018,789,,,1,NP,Gill Net,266,155,,M,Y,,,,,,,,,,,,,,,,,,,,,,,,,,,,,,1,,,,,
CJ EH,6/26/2018,790,,,1,NP,Gill Net,275,164,,M,Y,,,,,,,,,,,1,,,,,,,,,,,,,,,,,,,,,,,,
CJ EH,6/26/2018,791,,,1,NP,Gill Net,211,73,,U,Y,,,,,,,,,,6,1,,,,,,,,,,,,1,,,,,,,,,,,,
CJ EH,6/26/2018,792,,,1,NP,Gill Net,218,78,,U,Y,,,,,,,,,,1,,,,,,,,,,,,,,,,,,,,,,,,,
CJ EH,6/26/2018,793,,,1,NP,Gill Net,224,85,,U,Y,,,,,,,,,,,2,,,,,,,,,,,,,,,,,,,4,,,,,
CJ EH,6/26/2018,794,,,1,NP,Gill Net,184,50,,U,Y,,,,,,,,,,1,,,,,,,,,,,,,,,,,,,,,,,,,
CJ EH,6/26/2018,795,,,1,NP,Gill Net,231,94,,U,Y,1,,,,,1,,,,,,,,,,,,,,,,,,,,,1,,,,,,,,YOY pike in stomach
CJ EH,6/26/2018,796,,,1,NP,Gill Net,254,129,,F,Y,,,,,,,,,,,,,,,,,,,,,,,,,,,,,,3,,,,,
CJ EH,6/26/2018,797,,,1,NP,Gill Net,262,128,,U,Y,,,1,,,,,,,,1,,,,,,,,,,,,,,,,,,,,,,,,
CJ EH,6/26/2018,798,,,1,NP,Gill Net,271,135,,F,Y,,,,,,,,,,10,,,,,,,,,,,,,,,,,,,,,,,,,
CJ EH,6/26/2018,799,,,1,NP,Gill Net,255,140,,M,Y,,,2,,,,,,1,5,,,,,,,,,,,,,3,,,,,,,,,,,,
CJ EH,6/26/2018,800,,,1,NP,Gill Net,211,149,,M,Y,,,3,,,,,,,2,,,,,,,,,,,,,2,,,,,,,,,,,,
CJ EH,6/26/2018,801,,,1,NP,Gill Net,212,80,,U,Y,,,,,,,,,,,1,,,,,,,,,,,,,,,,,,,,,,,,
CJ EH,6/26/2018,802,1310,Y,1,NP,Gill Net,334,306,,M,Y,,,,,,,,,,,1,,,,,,,,,,,,1,,,,,,,,,,,,
CJ EH,6/26/2018,803,,,1,NP,Gill Net,284,171,,M,N,,,,,,,,,,,,,,,,,,,,,,,,,,,,,,,,,,,
CJ EH,6/26/2018,804,,,1,NP,Gill Net,283,160,,M,Y,,,,,,,,,,,2,,,,,,,,,,,,,,,,,,,,,,,,
CJ EH,6/26/2018,805,,,1,NP,Gill Net,331,306,,F,Y,,,,,,,,,1,,,,,,,,,,,,,,,,,,,,,,,,,,
CJ EH,6/26/2018,806,1166,Y,1,NP,Gill Net,346,310,,F,Y,,,,,,,,,1,5,2,,,,,,,,,,,,,,,,,,,,,,,,
CJ EH,6/26/2018,807,,,1,NP,Gill Net,329,308,,U,Y,,,,,,,,1,,,1,,,,,,,,,,,,,,,,,,,,,,,,
CJ EH,6/26/2018,808,,,1,NP,Gill Net,262,136,,U,Y,,,,,,,,,,,1,,,,,,,,,,,,,,,,,,,,,,,,
CJ EH,6/26/2018,809,,,1,NP,Gill Net,245,112,,F,Y,,,1,,,1,,,,23,,,,,,,,,,,,,1,,,,,,,,,,,,
CJ EH,6/26/2018,810,,,3,NP,Angler,245,103,,U,Y,,,,,,,,,,,4,,,,,,,,,,,,,,,,,,,2,,,,,
CJ EH,6/26/2018,811,,,3,NP,Angler,243,97,,U,Y,,,,,,,,,1,,1,,,,,,,,,,,,,,,,,,,5,,,,,
PB KD  ,6/27/2018,812,,,2,NP,Gill Net,375,425,,M,N,,,,,,,,,,,,,,,,,,,,,,,,,,,,,,,,,,,
PB KD  ,6/27/2018,813,1244,Y,2,NP,Gill Net,327,302,2,M,Y,,,,,,,,,,,7,,,,,,,,,,,,,,,,,,,,,,,,
PB KD  ,6/27/2018,814,1247,Y,2,NP,Gill Net,408,549,3,F,Y,,,,,,,,,,,1,,,,,,,,,,,,,,,,,,,,,,,,
PB KD  ,6/27/2018,815,1106,Y,2,NP,Gill Net,421,680,3,M,N,,,,,,,,,,,,,,,,,,,,,,,,,,,,,,,,,,,
PB KD  ,6/27/2018,816,,,2,NP,Gill Net,332,281,2,F,Y,,,,,,,,,,,4,,,,,,,,,,,,,,,,,,,5,,,,,
PB KD  ,6/27/2018,817,,,2,NP,Gill Net,335,308,2,M,Y,,,,,,,,,,,4,,,,,,,,,,,,2,,,,,,,,,,,,
PB KD  ,6/27/2018,818,,,2,NP,Gill Net,305,238,2,M,N,,,,,,,,,,,,,,,,,,,,,,,,,,,,,,,,,,,
PB KD  ,6/27/2018,819,,,2,NP,Gill Net,294,201,2,F,Y,2,,,,,,,,1,2,,,,,,,,,,,,,,,,,,,,,,,,,
PB KD  ,6/27/2018,820,1230,Y,2,NP,Gill Net,336,321,,M,Y,1,,,,,,,,,,,,,,,,,,,,,,,,,,,,,,,,,,
PB KD  ,6/27/2018,821,1093,Y,2,NP,Gill Net,432,691,4,M,Y,,,,,,,,,1,,,,,,,,,,,,,,,1,,,,,,,,,,,
PB KD  ,6/27/2018,822,1196,Y,2,NP,Gill Net,430,616,3,M,Y,,,,,,,,,,,3,,,,,,,,,,,,,,,,,,,,,,,,
PB KD  ,6/27/2018,823,1006,Y,2,NP,Gill Net,343,349,2,F,Y,1,,1,2,,,,,,,,,,,,,,,,,,,,,,,,,,,,,,,
PB KD  ,6/27/2018,824,,,2,NP,Gill Net,344,356,2,F,Y,1,,,,,,,,1,4,1,,,,,,,,,,,,1,,,,,,,,,,,,
PB KD  ,6/27/2018,825,,,2,NP,Gill Net,435,622,4,M,Y,,,,,,,,,,,2,,,,,,,,,,,,,,,,,,,,,,,,
PB KD  ,6/27/2018,826,1508,Y,2,NP,Gill Net,416,733,3,F,Y,,,,,,,,,1,2,3,,,,,,,,,,,,1,,,,,,,,,,,,
PB KD  ,6/27/2018,827,,,2,NP,Gill Net,443,680,,M,Y,,,,,,,,,,1,,,,,,,,,,,,,,,,,,,,,,,,,
PB KD  ,6/27/2018,828,,,2,NP,Gill Net,225,105,,M,Y,1,,2,,,,,,,,,,,,,,,,,,,,,,,,,,,,,,,,
PB KD  ,6/27/2018,829,,,2,NP,Gill Net,423,686,5-Mar,M,Y,1,,,2,,,,,,1,1,,,,,,,,,,,,,,,,,,,,,,,,
PB KD  ,6/27/2018,830,,,2,NP,Gill Net,295,232,2,M,Y,,,,,,,,,,,10,,,,,,,,,,,,,,,,,,,,,,,,
PB KD  ,6/27/2018,831,,,2,NP,Gill Net,383,441,3,F,Y,,,,,,,,,,,3,,,,,,,,,,,,,,,,,,,,,,,,
PB KD  ,6/27/2018,832,1270,Y,2,NP,Gill Net,312,212,2,F,Y,,,,,,,,,,1,,,,,,,,,,,,,,,,,,,,6,,,,,
PB KD  ,6/27/2018,833,,,2,NP,Gill Net,439,638,5,M,Y,,,,,,,,,,,4,,,,,,,,,,,,,,,,,,,,,,,,
PB KD  ,6/27/2018,834,,,2,NP,Gill Net,294,226,2,F,Y,,,,,,,,,,11,,,,,,,,,,,,,2,,,,,,,,,,,,
PB KD  ,6/27/2018,835,,,2,NP,Gill Net,527,1192,5,F,Y,,,,,,,,,,,1,,,,,,,,,,,,,,,,,,,,,,,,
PB KD  ,6/27/2018,836,,,2,NP,Gill Net,365,345,2 TO 3,M,Y,,,,,,,,,,,,,4,,,,,,,,,,,,,,,,,,,,,,
PB KD  ,6/27/2018,837,,,2,NP,Gill Net,312,283,2,M,Y,,,,,,,,,,1,1,,,,,,,,,,,,,,,,,,,,,,,,
PB KD  ,6/27/2018,838,,,2,NP,Gill Net,241,118,1,U,Y,,,,,,,,,,,1,,,,,,,,,,,,,,,,,,,,,,,,
PB KD  ,6/27/2018,839,,,2,NP,Gill Net,318,239,2,M,Y,,,,,,,,,,1,,,,,,,,,,,,,,,,,,,,,,,,,
PB KD  ,6/27/2018,840,,,2,NP,Gill Net,306,224,2,M,Y,,,,,,,,,,1,,,,,,,,,,,,,,,,,,,,,,,,,
PB KD  ,6/27/2018,841,,,2,NP,Gill Net,268,162,2,U,Y,,,,,,,,,,16,,,,,,,,,,,,,1,,,,,,,,,,,,
PB KD  ,6/27/2018,842,,,2,NP,Gill Net,313,261,2,M,Y,,,,,,,,,,,7,,,,,,,,,,,,4,,,,,,,,,,,,
PB KD  ,6/27/2018,843,,,2,NP,Gill Net,284,193,1,F,Y,,,,,,,,,,,1,,,,,,,,,,,,,,,,,,,,,,,,
PB KD  ,6/27/2018,844,,,2,NP,Gill Net,246,149,1,M,Y,3,,3,,,,,,,,,,,,,,,,,,,,,,,,,,,,,,,,
PB KD  ,6/27/2018,845,,,2,NP,Gill Net,291,196,2,F,Y,,,,,,,,,,,,,,1,,,,,,,,,,,,,,,,,,,,,
PB KD  ,6/27/2018,846,,,2,NP,Gill Net,247,136,1 TO 2,U,Y,,,3,,,,,,,,5,,,,,,,,,,,,,,,,,,,,,,,,
PB KD  ,6/27/2018,847,,,2,NP,Gill Net,363,415,3,M,Y,,,,,,,,,,,1,,,,,,,,,,,,,,,,,,,,,,,,
PB KD  ,6/27/2018,848,1416,Y,2,NP,Gill Net,562,1798,5,M,Y,,,,,,1,,,,,1,,,,,,,,,,,,,,,,,,,,,,,,
PB KD  ,6/27/2018,849,,,2,NP,Gill Net,265,172,2,M,Y,1,,1,,,,,,,,,,,,,,,,,,,,,,,,,,,,,,,,
PB KD  ,6/27/2018,850,,,2,NP,Gill Net,290,189,2,F,Y,,,,1,,,,,,,5,,1,,,,,,,,,,,,,,,,,,,,,,
PB KD  ,6/27/2018,851,,,2,NP,Gill Net,259,156,2,F,Y,,,,,,1,,,,,,,,,,,,,,,,,,,,,,,,,,,,,
PB KD  ,6/27/2018,852,,,2,NP,Gill Net,292,199,2,M,Y,,,4,,,,,,,2,,,,,,,,,,,,,,,,,1,,,,,,,,
PB KD  ,6/27/2018,853,1294,Y,2,NP,Gill Net,450,704,,F,Y,,,1,,,,,,,,,,,,,,,,,,,,,,,,,,,,,,,,
PB KD  ,6/27/2018,854,,,2,NP,Gill Net,265,142,2,M,Y,,,,,,,,,,,6,,,,,,,,,,,,,,,,,,,,,,,,
PB KD  ,6/27/2018,855,,,2,NP,Gill Net,332,286,3,M,Y,,,,,,,,,,,9,,,,,,,,,,,,,,,,,,,,,,,,
PB KD  ,6/27/2018,856,,,2,NP,Gill Net,314,243,2,F,Y,,,,,,,,,,4,,,,,,,,,,,,,,1,,,,,,,,,,,
PB KD  ,6/27/2018,857,,,2,NP,Gill Net,313,216,2,F,Y,,,,,,,,,,,1,,,,,,,,,,,,,,,,,,,,,,,,
PB KD  ,6/27/2018,858,1009,Y,2,NP,Gill Net,354,292,4,F,Y,,,,,,,,,,4,1,,,,,,,,,,,,,,,,,,,,,,,,
PB KD  ,6/27/2018,859,,,2,NP,Gill Net,260,124,2,U,Y,,,,,,,,,,6,,,,,,,,,,,,,,,,,,,,,,,,,
PB KD  ,6/27/2018,860,,,2,NP,Gill Net,320,224,3,F,Y,,,,,,,,,,,1,,,,,,,,,,,,2,,,,,,,,,,,,
PB KD  ,6/27/2018,861,,,2,NP,Gill Net,286,188,2,M,Y,,,,,,,,,1,,,,,,,,,,,,,,,,,,,,,,,,,,
PB KD  ,6/27/2018,862,,,2,NP,Gill Net,772,3835,8,F,Y,,,,,,1,,,,,,,,,,,,,,,,,,,,,,,,,,,,,Tagged pike in stomach #1520
PB KD  ,6/27/2018,863,,,2,NP,Gill Net,276,193,2,M,Y,9,,,,,,,,,,,,,,,,,,,,,,,,,,,,,,,,,,
PB KD  ,6/27/2018,864,,,2,NP,Gill Net,320,293,2.5,F,Y,10,,,,,,,,,,,,,,,,,,,,,,,,,,,,,,,,,,
PB KD  ,6/27/2018,865,,,2,NP,Gill Net,258,150,,M,Y,,,,,,,,,3,4,,,,,,,,,,,,,,,,,,,,,,,,,
PB KD  ,6/27/2018,866,,,2,NP,Gill Net,290,180,2,U,Y,,,,,,,,,,,,,,,,,,,,,,,,,,,,,,3,,,,,
PB KD  ,6/27/2018,867,,,2,NP,Gill Net,270,143,2,M,Y,,,,,,,,,1,,,,,,,,,,,,,,,,,,,,,,,,,,
PB KD  ,6/27/2018,868,,,2,NP,Gill Net,265,148,2,M,Y,,,3,,,,,,,,1,,,,,,,,,,,,,,,,,,,,,,,,
PB KD  ,6/27/2018,869,,,2,NP,Gill Net,303,252,2.5,F,Y,,,2,,,,,,,,1,,,,,,,,,,,,,,,,,,,,,,,,
PB KD  ,6/27/2018,870,,,2,NP,Gill Net,326,318,2,M,Y,1,,,,,,,,2,,,,,,,,,,,,,,,,,,,,,,,,,,
PB KD  ,6/27/2018,871,,,2,NP,Gill Net,279,159,2,M,Y,,,,,,,,,,,2,1,,,,,,,,,,,,,,,,,,,,,,,
PB KD  ,6/27/2018,872,,,2,NP,Gill Net,248,129,2,F,Y,,,,,,,,,,9,3,,,,,,,,,,,,,,,,,,,,,,,,
PB KD  ,6/27/2018,873,,,2,NP,Gill Net,241,111,2,U,Y,,,,,,,,,,,1,,,,,,,,,,,,,,,,,,,5,,,,,
PB KD  ,6/27/2018,874,,,2,NP,Gill Net,235,104,2,U,Y,,,1,,,,,,,,2,,,,,,,,,,,,,,,,,,,,,,,,One otolith
PB KD  ,6/27/2018,875,,,2,NP,Gill Net,254,115,2,U,Y,,,,,,,,,,4,,,1,,,,,,,,,,,,,,,,,,,,,,
PB KD  ,6/27/2018,876,,,2,NP,Gill Net,270,161,2,U,Y,,,1,,,,,,1,3,,,,,,,,,,,,,,,,,5,,,,,,,,
PB KD  ,6/27/2018,877,,,2,NP,Gill Net,247,113,2,U,Y,,,1,,,,,,,,2,,,,,,,,,,,,2,,,,,,,,,,,,
PB KD  ,6/27/2018,878,,,2,NP,Gill Net,261,130,2,F,Y,,,,,,,,,,7,,,,,,,,,,,,,,,,,,,,,,,,,
PB KD  ,6/27/2018,879,,,2,NP,Gill Net,270,140,2,U,Y,,,,,,,,,,5,,,,,,,,,,,,,,,,,,,,,,,,,
PB KD  ,6/27/2018,880,,,2,NP,Gill Net,197,55,1,U,Y,,,,,,,,,,,,,,,,,,,,,,,,,,,2,,,,,,,,
PB KD  ,6/27/2018,881,,,2,NP,Gill Net,204,57,1.5,U,Y,,,,,,,,,,2,,,,,,,,,,,,,,,,,,,,,,,,,
PB KD  ,6/27/2018,882,,,2,NP,Gill Net,210,64,2,U,Y,,,,,,,,,,,2,,,,,,,,,,,,,,,,,,,,,,,,
PB KD  ,6/27/2018,883,,,2,NP,Gill Net,208,68,2,U,Y,,,,,,,,,,,1,,,,,,,,,,,,,,,,,,,,,,,,
PB KD  ,6/27/2018,884,,,2,NP,Gill Net,290,189,2,M,N,,,,,,,,,,,,,,,,,,,,,,,,,,,,,,,,,,,
PB KD  ,6/27/2018,885,,,2,NP,Gill Net,192,49,1,U,Y,,,2,,,,,,,,,,,,,,,,,,,,,,,,,,,,,,,,
PB KD  ,6/27/2018,886,,,2,NP,Gill Net,290,200,2,M,Y,,,1,,,,,,,2,,,,,,,,,,,,,6,,,,,,,,,,,,
KD NS,6/27/2018,887,,,4,NP,Angler,376,396,3,M,Y,,,,,,,,,,6,1,,,,2,,,,,,,,,,,,,,,,,,,,
KD NS,6/27/2018,888,1432,Y,4,NP,Angler,360,338,3,F,Y,,,,,,,,,,25,,,,,,,,,,,,,,,,,,,,,,,,,
KD NS,6/27/2018,889,1471,Y,4,NP,Angler,348,280,3,F,Y,,,,,,,,,,1,,,,,,,,,,,,,,,,,,,,,,,,,
KD NS,6/27/2018,890,,,4,NP,Angler,464,354,3,M,Y,,,,,,,,,,3,1,,,,,,,,,,,,1,,,,1,,,,,,,,
KD NS,6/27/2018,891,1449,Y,4,NP,Angler,406,476,3.5,F,Y,,,,,,,,,,9,,,,,,,,,,,,,2,2,,,,,,,,,,,
KD NS,6/27/2018,892,,,4,NP,Angler,334,280,3,M,Y,,,,,,,,,,4,,1,,,,,,,,,,,5,,,,,,,,,,,,
KD NS,6/27/2018,893,1811,Y,4,NP,Angler,406,511,3,F,Y,,,,,,,,,,8,,,1,,,,,,,,,,1,,,,,,,4,,,,,
KD NS,6/27/2018,894,,,4,NP,Angler,497,319,3,F,Y,,,,,,,,,,2,,,,,,,,,,,,,,,,,,,,,,1,,,
KD NS,6/27/2018,895,,,4,NP,Angler,314,238,2.5,M,Y,,,,,,,,,,6,,,,,,,,,,,,,,,,,,,,,,,,,
KD NS,6/27/2018,896,1092,Y,4,NP,Angler,413,513,4,F,Y,,,,,,,,,,3,2,,,,,,,,,,,,,,,,,,,,,,,,
KD NS,6/27/2018,897,,,4,NP,Angler,383,440,2.5,M,Y,,,,,,,,,,12,1,,,,,,,,,,,,1,,,,,,,,,,,,
KD NS,6/27/2018,898,1806,Y,4,NP,Angler,366,330,2.5,M,Y,,,,,,,,,,10,,,,,,,,,,,,,,,,,,,,,,,,,
KD NS,6/27/2018,899,1820,Y,4,NP,Angler,401,441,3,M,Y,,,,,,,,,,2,,,,,,,,,,,,2,4,21,,,,,,,,,,,
KD NS,6/27/2018,900,,,4,NP,Angler,375,382,2,M,Y,,,,,,,,,,2,,,,,,,,,,,,,1,,,,,,,,,,,,
KD NS,6/27/2018,901,,,4,NP,Angler,344,271,2,F,Y,,,,,,,,,,29,,,,,,,,,,,1,,1,,,,,,,1,,,,,
KD NS,6/27/2018,902,,,4,NP,Angler,321,255,2,M,Y,,,,,,,,,,12,,,,,,,,,,,1,1,3,,,,,,,,,,,,
KD NS,6/27/2018,903,,,4,NP,Angler,353,306,2,F,Y,,,,,,,,,,5,,,,,,,,,,,1,,,,,,,,,1,,,,,
KD NS,6/27/2018,904,,,4,NP,Angler,367,377,2,F,Y,,,,,,,,,,4,,,,,5,,,,,,,,1,,,,,,,,,,,,
KD NS,6/27/2018,905,,,4,NP,Angler,277,158,2,U,Y,,,,,,,,,,10,,,,,,,,,,,,,2,1,,,,,,,,,,,
KD NS,6/27/2018,906,,,4,NP,Angler,344,308,2,M,Y,,,,,,,,,,,,,,,,,,,,,,,11,,,,,,,,,,,,
KD NS,6/27/2018,907,,,4,NP,Angler,343,343,2,M,Y,,,,,,,,,,3,,,,,,,,,,,,4,3,,,,,,,,,,,,
KD NS,6/27/2018,908,,,4,NP,Angler,380,410,3,F,Y,,,,,,,,,,6,,,,,,,,,,,,,3,,,,,,,,1,,,,
KD NS,6/27/2018,909,,,4,NP,Angler,377,430,3,F,Y,,,,,,,,,,4,,,,,,,,,,,,1,6,,,,,,,1,,,,,
KD NS,6/27/2018,910,,,4,NP,Angler,240,97,2,U,Y,,,,,,,,,,16,,,,,,,,,,,,,,,,,1,,,,,,,,
KD NS,6/27/2018,911,,,4,NP,Angler,384,448,3,F,Y,,,,,,,,,1,,1,,,,,,,,,,,,,,,,,,,,,,,,
KD NS,6/27/2018,912,1091,Y,4,NP,Angler,328,225,2,M,Y,,,,,,,,,,8,,,,,,,,,,,,,,1,,,,,,,,,,,
KD NS,6/27/2018,913,,,4,NP,Angler,317,249,2,F,Y,,,,,,,,,,,,,,,,,,,,,,,3,,,,2,,,,,,,,
KD NS,6/27/2018,914,1813,Y,4,NP,Angler,366,356,2,F,Y,,,,,,,,,,5,2,,,,,,,,,,,,5,,,,,,,,,,,,
KD NS,6/27/2018,915,1120,Y,4,NP,Angler,455,697,3,F,Y,,,,,,,,,1,6,3,,,,,,,,,,,,,,,,,,,,,,,,
KD JJ,6/28/2018,916,,,3,NP,Gill Net,316,231,2.5,M,Y,,,,,,,,,,,5,,,,,,,,,,,,,,,,,,,,,,,,
KD JJ,6/28/2018,917,1136,Y,3,NP,Gill Net,337,248,2,M,Y,,,,,,,,,,3,,,,,,,,,,,,,1,,,,,,,,,,,,
KD JJ,6/28/2018,918,,,3,NP,Gill Net,256,117,2,F,Y,,,,,,,,,,,,,,,,1,,,,,,,,,,,,,,,,,,,
KD JJ,6/28/2018,919,,,3,NP,Gill Net,474,885,3.5,F,Y,,,,,,1,,,,,,,,,,,,,,,,,,,,,,,,,,,,,
KD JJ,6/28/2018,920,1264,Y,3,NP,Gill Net,401,531,3,M,Y,,,,,,,,,,,4,,,,,,,,,,,,,,,,,,,,,,,,
KD JJ,6/28/2018,921,1505,Y,3,NP,Gill Net,396,426,2,F,Y,,,,,,,,,,,3,1,,,,,,,,,,,,,,,,,,,,,,,
KD JJ,6/28/2018,922,1132,Y,3,NP,Gill Net,444,651,3,F,N,,,,,,,,,,,,,,,,,,,,,,,,,,,,,,,,,,,
KD JJ,6/28/2018,923,1036,Y,3,NP,Gill Net,510,948,4,F,N,,,,,,,,,,,,,,,,,,,,,,,,,,,,,,,,,,,
KD JJ,6/28/2018,924,,,3,NP,Gill Net,333,259,2,F,Y,,,,,,,,,,,1,,,,,,,,,,,,,,,,,,,,,,,,
KD JJ,6/28/2018,925,1298,Y,3,NP,Gill Net,528,1093,4,M,Y,,,,,,,,,,,2,,,,,,,,,,,,,,,,1,,,,,,,,
KD JJ,6/28/2018,926,,,3,NP,Gill Net,390,419,3,F,N,,,,,,,,,,,,,,,,,,,,,,,,,,,,,,,,,,,
KD JJ,6/28/2018,927,1208,Y,3,NP,Gill Net,505,1057,4,F,N,,,,,,,,,,,,,,,,,,,,,,,,,,,,,,,,,,,
KD JJ,6/28/2018,928,,,3,NP,Gill Net,454,617,3.5,M,N,,,,,,,,,,,,,,,,,,,,,,,,,,,,,,,,,,,
KD JJ,6/28/2018,929,1045,Y,3,NP,Gill Net,384,412,3,F,N,,,,,,,,,,,,,,,,,,,,,,,,,,,,,,,,,,,
KD JJ,6/28/2018,930,1013,Y,3,NP,Gill Net,397,464,3,F,N,,,,,,,,,,,,,,,,,,,,,,,,,,,,,,,,,,,
KD JJ,6/28/2018,931,,,3,NP,Gill Net,423,572,4,M,Y,,,,,,,,,,2,,,,,,,,,,,,,,,,,,,,,,,,,
KD JJ,6/28/2018,932,1047,Y,3,NP,Gill Net,372,380,2,M,Y,,,,,,,,,,,2,1,,,,,,,,,,,,,,,,,,,,,,,
KD JJ,6/28/2018,933,,,3,NP,Gill Net,403,472,4,F,N,,,,,,,,,,,,,,,,,,,,,,,,,,,,,,,,,,,
KD JJ,6/28/2018,934,,,3,NP,Gill Net,380,390,3,F,Y,,,,,,,,,,,,,,,,,,,,,,,,,,,,,,5,,,,,
KD JJ,6/28/2018,935,,,3,NP,Gill Net,343,383,3,F,Y,5,,5,1,,,,,,,1,,,,,,,,,,,,,,,,,,,,,,,,
KD JJ,6/28/2018,936,1101,Y,3,NP,Gill Net,362,337,3,F,N,,,,,,,,,,,,,,,,,,,,,,,,,,,,,,,,,,,
KD JJ,6/28/2018,937,,,3,NP,Gill Net,320,242,2,M,F,,,,,,,,,2,,,,,,,,,,,,,,,,,,,,,,,,,,
KD JJ,6/28/2018,938,,,3,NP,Gill Net,280,182,2,M,F,,,,,,,,,,1,1,,,,,,,,,,,,,,,,,,,,,,,,
KD JJ,6/28/2018,939,,,3,NP,Gill Net,285,181,2,F,F,,,,,,,,,,,,,,,,,,,,,,,,,,,,,,2,,,,One otolith,
KD JJ,6/28/2018,940,1234,Y,3,NP,Gill Net,518,1187,4.5,M,F,,,,,,,,,,,1,,,,,,,,,,,,,,,,,,,,,,,,
KD JJ,6/28/2018,941,1896,Y,3,NP,Gill Net,576,1581,5,M,N,,,,,,,,,,,,,,,,,,,,,,,,,,,,,,,,,,,
KD JJ,6/28/2018,942,1118,Y,3,NP,Gill Net,440,640,3,M,F,,,,,,,,,1,2,,,,,,,,,,,,,,,,,,,,,,,,,
KD JJ,6/28/2018,943,,,3,NP,Gill Net,384,491,3,M,F,,,,4,,,,,,,1,,,,,,,,,,,,,,,,,,,,,,,,
KD JJ,6/28/2018,944,,,3,NP,Gill Net,395,496,3,F,F,,,,3,,,,,,,,,,,,,,,,,,,,,,,,,,,,,,,
KD JJ,6/28/2018,945,1774,Y,3,NP,Gill Net,415,524,3,M,F,,,,1,,,,,,1,,,,,,,,,,,,,,,,,,,,,,,,,
KD JJ,6/28/2018,946,,,3,NP,Gill Net,280,182,2,M,F,,,,,,,,,1,,1,,,,,,,,,,,,1,,,,,,,,,,,,
KD JJ,6/28/2018,947,1231,Y,3,NP,Gill Net,450,657,4,F,F,,,,,,,,,,6,,,,,,,,,,,,,,,,,,,,,,,,,
KD JJ,6/28/2018,948,,,3,NP,Gill Net,292,171,2,F,F,,,,,,,,,,1,1,,,,,,,,,,,,,,,,,,,,,,,,
KD JJ,6/28/2018,949,1178,Y,3,NP,Gill Net,500,1070,6,M,F,,,,1,,,,,,,,,,,,,,,,,,,,,,,,,,,,,,,
KD JJ,6/28/2018,950,,,3,NP,Gill Net,253,155,2,U,F,,,,,,,,,,6,2,,,,,,,,,,,,,,,,,,,,,,,,
KD JJ,6/28/2018,951,1241,Y,3,NP,Gill Net,435,723,4,M,F,,,,3,,,,,,,,,,,,,,,,,,,,,,,,,,,,,,,
KD JJ,6/28/2018,952,,,3,NP,Gill Net,430,608,3,M,F,,,,,,,,,,5,,,,,,,,,,,,,,,,,,,,,,,,,
KD JJ,6/28/2018,953,1895,Y,3,NP,Gill Net,411,593,3,F,F,,,,,,,,,,,,,,,,,,,,,,,2,,,,,,,,,,,,
KD JJ,6/28/2018,954,1542,Y,3,NP,Gill Net,424,621,5,M,F,,,,,,,,,,5,2,,,,,,,,,,,,,,,,,,,,,,,,
KD JJ,6/28/2018,955,TL,Y,3,NP,Gill Net,415,494,3,F,N,,,,,,,,,,,,,,,,,,,,,,,,,,,,,,,,,,,
KD JJ,6/28/2018,956,,,3,NP,Gill Net,362,416,3,M,Y,,,,1,,,,,,,,,,,,,,,,,,,,,,,,,,,,,,,
KD JJ,6/28/2018,957,,,3,NP,Gill Net,286,168,2,U,Y,,,,,,,,,,,,,,,,,,,,,,,,,,,,,,2,,,,,
KD JJ,6/28/2018,958,1545,Y,3,NP,Gill Net,436,655,3,F,Y,,,1,,,,,,,12,,,,,,,,,,,,,,,,,,,,,,,,,
KD JJ,6/28/2018,959,,,3,NP,Gill Net,375,410,3,M,N,,,,,,,,,,,,,,,,,,,,,,,,,,,,,,,,,,,
KD JJ,6/28/2018,960,1062,Y,3,NP,Gill Net,360,381,2,F,Y,,,,,,,,,,,2,,,,,,,,,,,,,,,,,,,,,,,,
KD JJ,6/28/2018,961,,,3,NP,Gill Net,280,174,2.5,U,Y,,,,,,,,,,,1,,,,,,,,,,,,,,,,,,,,,,,,
KD JJ,6/28/2018,962,1194,Y,3,NP,Gill Net,306,212,3,M,Y,,,,,,,,,,,1,,,,,,,,,,,,,,,,,,,,,,,,
KD JJ,6/28/2018,963,,,3,NP,Gill Net,375,447,3,F,Y,,,,1,,,,,,,,,,,,,,,,,,,,,,,,,,,,,,,
KD JJ,6/28/2018,964,,,3,NP,Gill Net,252,142,2,F,Y,,,,,,1,,,,,,,,,,,,,,,,,,,,,,,,,,,,,
KD JJ,6/28/2018,965,1117,Y,3,NP,Gill Net,460,754,4,F,N,,,,,,,,,,,,,,,,,,,,,,,,,,,,,,,,,,,
KD JJ,6/28/2018,966,1162,Y,3,NP,Gill Net,399,488,4,M,Y,,,,1,,,,,,15,,,,1,,,,,,,,,,,,,,,,,,,,,
KD JJ,6/28/2018,967,,,3,NP,Gill Net,287,179,2,F,Y,,,,,,,,,,,2,,,,,,,,,,,,,,,,,,,,,,,,
KD JJ,6/28/2018,968,,,3,NP,Gill Net,427,635,3,F,N,,,,,,,,,,,,,,,,,,,,,,,,,,,,,,,,,,,
KD JJ,6/28/2018,969,,,3,NP,Gill Net,264,121,2,F,N,,,,,,,,,,,,,,,,,,,,,,,,,,,,,,,,,,,
KD JJ,6/28/2018,970,,,3,NP,Gill Net,369,391,3,M,Y,,,,,,,,,,,,,,,,1,,,,,,,2,,,,,,,,,,,,
KD JJ,6/28/2018,971,,,3,NP,Gill Net,273,151,2,U,Y,,,,,,,,,,,,,,,,,,,,,,,,,,,,,,1,,,,,
KD JJ,6/28/2018,972,,,3,NP,Gill Net,398,471,3,F,Y,,,,,,,,,,6,,,,,,,,,,,,,,,,,,,,,,,,,
KD JJ,6/28/2018,973,,,3,NP,Gill Net,235,85,2,U,Y,,,,,,,,,,,,,,,,,,,,,,,,,,,,,,1,,,,,
KD JJ,6/28/2018,974,,,3,NP,Gill Net,362,362,3,F,Y,,,,1,,,,,,,1,,,,,,,,,,,,,,,,,,,,,,,,
KD JJ,6/28/2018,975,,,3,NP,Gill Net,280,155,2,U,Y,,,,,,,,,,2,,,,,,2,,,,,,,,,,,,,,,,,,,
KD JJ,6/28/2018,976,1195,Y,3,NP,Gill Net,321,264,2,F,Y,,,,,,,,,,1,1,1,,,,,,,,,,,,,,,,,,,,,,,
KD JJ,6/28/2018,977,,,3,NP,Gill Net,325,270,2,F,Y,,,6,,,,,,,2,1,,,,,,,,,,,,,,,,,,,,,,,,
KD JJ,6/28/2018,978,,,3,NP,Gill Net,305,253,2,U,Y,1,,2,,,,,,,,,,,,,,,,,,,,,,,,,,,,,,,,
KD JJ,6/28/2018,979,,,3,NP,Gill Net,280,178,2,F,Y,,,,,,,,,,,1,,,,,,,,,,,,,,,,,,,3,,,,,
KD JJ,6/28/2018,980,,,3,NP,Gill Net,297,174,2,U,Y,,,,,,,,,,1,,,,,,,,,,,,,4,,,,,,,,,,,,
KD JJ,6/28/2018,981,1116,Y,3,NP,Gill Net,410,580,3,F,N,,,,,,,,,,,,,,,,,,,,,,,,,,,,,,,,,,,
KD JJ,6/28/2018,982,,,3,NP,Gill Net,302,237,2,U,Y,,,,,,,,,,,,,,,,,,,,,,,,,,,,,,1,,,,,
KD JJ,6/28/2018,983,,,3,NP,Gill Net,368,395,2,M,Y,,,,,,,,,,,1,,,1,,,,,,,,,,,,,,,,,,,,,
KD JJ,6/28/2018,984,,,3,NP,Gill Net,340,352,2,M,Y,,,,,,,,,,,,,,,,,,,,,,,,,,,1,,,,,,,,
KD JJ,6/28/2018,985,,,3,NP,Gill Net,315,224,2,F,Y,,,,,,,,,,9,,,,,,,,,,,,,,,,,,,,,,,,,
KD JJ,6/28/2018,986,,,3,NP,Gill Net,321,243,3,F,Y,,,,,,,,,,,1,,,,,,,,,,,,,,,,,,,,,,,,
KD JJ,6/28/2018,987,1423,Y,3,NP,Gill Net,318,249,2,F,Y,,,,,,,,,,,1,,,,,,,,,,,,,,,,,,,,,,,,
KD JJ,6/28/2018,988-A,,,3,NP,Gill Net,269,146,1.5,Y,Y,,,,,,,,,,,1,,,,,,,,,,,,,,,,,,,,,,,,No cleithera taken
KD JJ,6/28/2018,989-A,,,3,NP,Gill Net,242,117,1,F,Y,,,,,,,,,,,1,,,,,,,,,,,,,,,,,,,5,,,,,No cleithera taken
KD JJ,6/28/2018,990-A,,,3,NP,Gill Net,209,57,1,U,Y,,,,,,,,,,1,1,,,,,,,,,,,,,,,,,,,,,,,,No cleithera taken
KD JJ,6/28/2018,991-A,,,3,NP,Gill Net,286,164,1,F,Y,,,,,,,,,,,1,,,,,,,,,,,,,4,,,,,,,,,,,No cleithera taken
KD JJ,6/28/2018,992-A,,,3,NP,Gill Net,279,166,2,F,Y,,,,,,,,,1,,2,,,,,,,,,,,,,,,,,,,2,,,,,No cleithera taken
KD JJ,6/28/2018,993-A,,,3,NP,Gill Net,301,190,1,M,N,,,,,,,,,,,,,,,,,,,,,,,,,,,,,,,,,,,No cleithera taken
KD JJ,6/28/2018,994-A,,,3,NP,Gill Net,264,125,2,U,Y,,,,,,,,,,,1,,,,,,,,,,,,,,,,,,,,,,,,No cleithera taken
KD JJ,6/28/2018,995-A,,,3,NP,Gill Net,252,118,2,U,Y,,,,,,,,,,1,,,,,,,,,,,,,,,,,,,,,,,,,No cleithera taken
KD JJ,6/28/2018,996-A,,,3,NP,Gill Net,232,94,1,U,Y,,,,,,,,,,1,2,,,,,,,,,,,,,,,,,,,,,,,,No cleithera taken
KD JJ,6/28/2018,997-A,,,3,NP,Gill Net,240,106,1,U,Y,,,,,,,,,,,1,,,,,,,,,,,,,,,,,,,3,,,,,No cleithera taken
KD JJ,6/28/2018,998-A,,,3,NP,Gill Net,221,82,1.5,M,Y,,,,,,1,,,,,4,,,,,,,,,,,,,,,,,,,,,,,,No cleithera taken
KD JJ,6/28/2018,999-A,,,3,NP,Gill Net,250,114,1.5,F,Y,,,,,,,,,,,,,,,,,,,,,,,,,,,,,,1,,,,,No cleithera taken
KD JJ,6/28/2018,1000-A,,,3,NP,Gill Net,229,90,2,F,Y,,,,,,,,,,3,,,,,,1,,,,,,,,,,,,,,,,,,,No cleithera taken
KD JJ,6/28/2018,1001-A,,,3,NP,Gill Net,240,104,2,U,Y,,,,,,,,,,4,1,,,,,,,,,,,,,,,,,,,,,,,,No cleithera taken
KD JJ,6/28/2018,1002-A,,,3,NP,Gill Net,234,99,2,U,Y,,,,,,,,,,4,,,,,,,,,,,,,,,,,,,,1,,,,,No cleithera taken
KD JJ,6/28/2018,1003-A,,,3,NP,Gill Net,254,112,2,U,N,,,,,,,,,,,,,,,,,,,,,,,,,,,,,,,,,,,No cleithera taken
KD JJ,6/28/2018,1004-A,,,3,NP,Gill Net,236,84,2,F,Y,,,,,,,,,,6,,,,,,,,,,,,,,,,,,,,,,,,,No cleithera taken
KD JJ,6/28/2018,1005-A,,,3,NP,Gill Net,231,87,2,U,Y,,,,,,,,,,,1,,,,,,,,,,,,,,,,,,,,,,,,No cleithera taken
KD JJ,6/28/2018,1006-A,,,3,NP,Gill Net,219,76,2,U,Y,,,,,,,,,,,2,,,,,,,,,,,,,,,,,,,,,,,,No cleithera taken
KD NS JJ,6/29/2018,1007,1026,Y,4,NP,Gill Net,418,545,3,M,N,,,,,,,,,,,,,,,,,,,,,,,,,,,,,,,,,,,Cleithera in big bag
KD NS JJ,6/29/2018,1008,,,4,NP,Gill Net,405,465,3,F,Y,,,,,,,,,,9,3,,,,,,,,,,,,,,,,,,,,,,,,Cleithera in big bag
KD NS JJ,6/29/2018,1009,1379,Y,4,NP,Gill Net,448,792,3,F,Y,,,,,,,,,,,,,,,,,,,,,,17,,,,,,,,,,,,,Cleithera in big bag
KD NS JJ,6/29/2018,1010,,,4,NP,Gill Net,409,466,3,M,Y,,,,,,,,,,3,,,,,1,,,,,,,,,32,,,,,,,,,,,Cleithera in big bag
KD NS JJ,6/29/2018,1011,1523,Y,4,NP,Gill Net,404,450,3,F,Y,,,,,,,,,,1,,,,,,,,,,,,,,,,,,,,,,,,,Cleithera in big bag
KD NS JJ,6/29/2018,1012,,,4,NP,Gill Net,416,456,3,F,Y,,,,,,,,,,,1,,,,,,,,,,,11,,,,,,,,,,,,,Cleithera in big bag
KD NS JJ,6/29/2018,1013,1383,Y,4,NP,Gill Net,520,1160,4,F,Y,,,,,,1,,,,,,,,,,,,,,,,,,,,,,,,,,,,,Cleithera in big bag
KD NS JJ,6/29/2018,1014,1376,Y,4,NP,Gill Net,394,437,2,M,Y,,,,,,,,,,,1,,,,,,,,,,,,,,,,,,,,,,,,Cleithera in big bag
KD NS JJ,6/29/2018,1015,,,4,NP,Gill Net,360,370,1,M,Y,,,,,,,,,,,,,,,,,,,,,,2,,,,,,,,,,,,,Cleithera in big bag
KD NS JJ,6/29/2018,1016,,,4,NP,Gill Net,392,379,3,M,Y,,,,,,,,,,,2,,,,,,,,,,,,,,,,,,,,,,,,Cleithera in big bag
KD NS JJ,6/29/2018,1017,1821,Y,4,NP,Gill Net,396,473,2,F,Y,,,,,,,,,,,2,,,,,,,,,,,,,,,,,,,,,,,,Cleithera in big bag
KD NS JJ,6/29/2018,1018,TL,Y,4,NP,Gill Net,510,938,3,F,Y,,,,,,,,,,,1,,,,,,,,,,,,,,,,,,,,,,,,Cleithera in big bag
KD NS JJ,6/29/2018,1019,,,4,NP,Gill Net,340,258,2,F,Y,,,,,,,,,,2,3,,,,,,,,,,2,,,5,,,,,,,,,,,Cleithera in big bag
KD NS JJ,6/29/2018,1020,,,4,NP,Gill Net,327,249,2,F,Y,,,,,,,,,,5,1,,,,,,,,,,,,,,,,,,,,,,,,Cleithera in big bag
KD NS JJ,6/29/2018,1021,1521,Y,4,NP,Gill Net,409,484,2,F,Y,,,,,,,,,,1,,1,,,,,,,,,,2,1,,,,1,,,,,,,,Cleithera in big bag
KD NS JJ,6/29/2018,1022,,,4,NP,Gill Net,253,110,1,F,Y,,,,,,,,,,,1,,1,,,,,,,,1,,,,,,,,,,,,,,Cleithera in big bag
KD NS JJ,6/29/2018,1023,1087,Y,4,NP,Gill Net,550,1224,4,F,Y,,,,,,1,,,,,,,,,,,,,,,,,,,,,,,,,,,,,Cleithera in big bag
KD NS JJ,6/29/2018,1024,,,4,NP,Gill Net,327,270,2,M,N,,,,,,,,,,,,,,,,,,,,,,,,,,,,,,,,,,,Cleithera in big bag
KD NS JJ,6/29/2018,1025,1458,Y,4,NP,Gill Net,487,898,4,M,Y,,,,,,,,,,,,,,,,,,,,,,58,,,,,,,,,,,,,Cleithera in big bag
KD NS JJ,6/29/2018,1026,,,4,NP,Gill Net,340,251,2,M,Y,,,,,,,,,,,,,,,,,,,,,,,,,,,1,,,,,,,,Cleithera in big bag
KD NS JJ,6/29/2018,1027,,,4,NP,Gill Net,308,267,2,M,Y,,,,,,,,,,9,3,,,,,,,,,,,,,,,,1,,,,,,,,Cleithera in big bag
KD NS JJ,6/29/2018,1028,,,4,NP,Gill Net,409,466,3,F,Y,,,,,,,,,,,3,,,,,,,,,,,,,,,,,,,,,,,,Cleithera in big bag
KD NS JJ,6/29/2018,1029,,,4,NP,Gill Net,418,249,2,F,Y,,,,,,,,,,,1,,,,,,,,,,,,,1,,,,,,,,,,,Cleithera in big bag
KD NS JJ,6/29/2018,1030,1428,Y,4,NP,Gill Net,308,239,2,F,Y,,,,,,,,,,,7,,,,,,,,,,,,,,,,,,,,,,,,Cleithera in big bag
KD NS JJ,6/29/2018,1031,1513,Y,4,NP,Gill Net,395,468,3,M,Y,,,,,,,,,,,1,,,,,,,,,,,,,,,,,,,,,,,,Cleithera in big bag
KD NS JJ,6/29/2018,1032,,,4,NP,Gill Net,272,131,1,M,Y,,,,,,,,,,,2,,,,,,,,,,,,,3,,,,,,,,,,,Cleithera in big bag
KD NS JJ,6/29/2018,1033,1084,Y,4,NP,Gill Net,330,264,2,F,Y,,,,,,,,,1,20,2,,,,,,,,,,,,,,,,,2,,,,,,,Cleithera in big bag
KD NS JJ,6/29/2018,1034,,,4,NP,Gill Net,317,256,1,F,Y,,,,,,,,,,,,,,,,,,,,,,2,,3,,,,,,,,,,,Cleithera in big bag
KD NS JJ,6/29/2018,1035,1397,Y,4,NP,Gill Net,446,613,4,F,N,,,,,,,,,,,,,,,,,,,,,,,,,,,,,,,,,,,Cleithera in big bag
KD NS JJ,6/29/2018,1036,1805,Y,4,NP,Gill Net,465,766,4,M,Y,,,,,,,,,,2,,,,,,,,,,,,,,,,,,,,,,,,,Cleithera in big bag
KD NS JJ,6/29/2018,1037,1391,Y,4,NP,Gill Net,343,297,2,M,Y,,,,,,,,,,5,3,,,,,,,,,,,,1,,,,1,,,,,,,,Cleithera in big bag
KD NS JJ,6/29/2018,1038,,,4,NP,Gill Net,320,214,2,M,Y,,,,,,,,,,,2,,,,,,,,,,,,,,,,,,,,,,,,Cleithera in big bag
KD NS JJ,6/29/2018,1039,,,4,NP,Gill Net,296,178,2,F,Y,,,,,,,,,,3,2,,,,1,,,,,,,3,,,,,,,,,,,,,Cleithera in big bag
KD NS JJ,6/29/2018,1040,1085,Y,4,NP,Gill Net,465,767,4,M,Y,,,,,,,,,1,,,,,,,,,,,,,,,,,,,1,,,,,,,Cleithera in big bag
KD NS JJ,6/29/2018,1041,,,4,NP,Gill Net,457,780,3,F,Y,,,,,,1,,,,3,,,,,,,,,,,,,,,,,,,,,,,,,Cleithera in big bag
KD NS JJ,6/29/2018,1042,,,4,NP,Gill Net,330,230,2,F,Y,,,,,,,,,,,6,,,,,,,,,,1,,,,,,,,,,,,,,Cleithera in big bag
KD NS JJ,6/29/2018,1043,,,4,NP,Gill Net,392,427,2,F,Y,,,,,,,,,,,,,,,,,,,,,,,,,,,,,,1,,,,,Cleithera in big bag
KD NS JJ,6/29/2018,1044,,,4,NP,Gill Net,323,247,2,M,Y,,,,,,,,,,15,1,,,,,,,,,,,,1,,,,,,,,,,,,Cleithera in big bag
KD NS JJ,6/29/2018,1045,,,4,NP,Gill Net,322,242,2,M,Y,,,,,,,,,,2,,,,,,,,,,,,,,,,,,,,,,,,,Cleithera in big bag
KD NS JJ,6/29/2018,1046,1056,Y,4,NP,Gill Net,341,312,2,F,N,,,,,,,,,,,,,,,,,,,,,,,,,,,,,,,,,,,Cleithera in big bag
KD NS JJ,6/29/2018,1047,,,4,NP,Gill Net,223,78,2,M,Y,,,,,,,,,,6,1,,1,,2,,,,,,,,,,,,,,,,,,,,Cleithera in big bag
KD NS JJ,6/29/2018,1048,1094,Y,4,NP,Gill Net,443,648,3.5,F,Y,,,,,,,,,,3,1,,,,,,,,,,,,,,,,,,,,,,,,Cleithera in big bag
KD NS JJ,6/29/2018,1049,,,4,NP,Gill Net,373,368,3,M,Y,,,,,,,,,,4,2,,,,,,,,,,,,,,,,,,,,,,,,Cleithera in big bag
KD NS JJ,6/29/2018,1050,1063,Y,4,NP,Gill Net,347,342,2,M,Y,,,,,,,,,,21,,1,,,,,,,,,1,,5,,,,,,,,,,,,Cleithera in big bag
KD NS JJ,6/29/2018,1051,,,4,NP,Gill Net,419,510,4,M,Y,,,,,,,,,,3,,,,,,,,,,,,,,,,,,,,,,,,,Cleithera in big bag
KD NS JJ,6/29/2018,1052,,,4,NP,Gill Net,254,115,2,F,Y,,,,,,,,,,8,1,,,,,,,,,,,,,,,,,,,,,,,,Cleithera in big bag
KD NS JJ,6/29/2018,1053,1887,Y,4,NP,Gill Net,464,813,4,F,Y,,,,,,,,,1,3,3,,,,,,,,,,,,,,,,,,,,,,,,Cleithera in big bag
KD NS JJ,6/29/2018,1054,,,4,NP,Gill Net,278,174,1,F,Y,,,,,,,,,1,,2,,,,,,,,,,,,,,,,,,,,,,,,Cleithera in big bag
KD NS JJ,6/29/2018,1055,,,4,NP,Gill Net,335,315,2,F,Y,,,,,,,,,,10,,,,,,,,1,,,,3,,,,,,,,,,,,,Cleithera in big bag
KD NS JJ,6/29/2018,1056,1438,Y,4,NP,Gill Net,490,964,3.5,F,Y,,,,,,,,,,1,2,,,,,,,,,,,,,,,,,,,,,,,,Cleithera in big bag
KD NS JJ,6/29/2018,1057,1079,Y,4,NP,Gill Net,442,852,3.5,M,Y,,,,,,,,,,2,,,,,,,,,,,,,,,,,,,,,,,,,Cleithera in big bag
KD NS JJ,6/29/2018,1058,,,4,NP,Gill Net,327,274,3,M,Y,,,,,,,,,,5,,,,,,,,,,,,,,4,,,,,,,,,,,Cleithera in big bag
KD NS JJ,6/29/2018,1059,1061,Y,4,NP,Gill Net,325,258,2,M,Y,,,,,,,,,,25,,,,,,,,,,,,,,,,,,,,,,,,,Cleithera in big bag
KD NS JJ,6/29/2018,1060,,,4,NP,Gill Net,272,177,1,F,Y,,,,,,,,,,10,2,,,,,,,,,,,,,,,,,,,,,,,,Cleithera in big bag
KD NS JJ,6/29/2018,1061,,,4,NP,Gill Net,333,260,2,F,Y,,,,,,,,,,25,,,,,,,,,,,,3,1,,,,,,,,,,,,Cleithera in big bag
KD NS JJ,6/29/2018,1062,,,4,NP,Gill Net,222,85,1,U,Y,,,,,,,,,,6,,,1,,,,,,,,,,,,,,,,,,,,,,Cleithera in big bag
KD NS JJ,6/29/2018,1063,1472,Y,4,NP,Gill Net,416,553,3.5,F,Y,,,,,,,,,,10,7,,,,,,,,,,,5,,,,,,,,,,,,,Cleithera in big bag
KD NS JJ,6/29/2018,1064,,,4,NP,Gill Net,444,653,3.5,M,Y,,,,,,,,,,1,,,,,,,,,,,,,,,,,,,,,,,,,Cleithera in big bag
KD NS JJ,6/29/2018,1065,1352,Y,4,NP,Gill Net,447,734,4,M,Y,,,,,,,1,,,,,,,,,,,,,,,,,,,,,,,,,,,,Cleithera in big bag
KD NS JJ,6/29/2018,1066,,,4,NP,Gill Net,226,82,1,U,Y,,,,,,,,,,,1,,,,,,,,,,,,,,,,,,,,,,,,Cleithera in big bag
KD NS JJ,6/29/2018,1067,,,4,NP,Gill Net,217,69,1,U,Y,,,,,,,,,,15,,,,,1,,,,,,,,,,,,,,,,,,,,Cleithera in big bag
KD NS JJ,6/29/2018,1068,1457,Y,4,NP,Gill Net,470,843,4,M,Y,,,,,,,,,,,,,,,,,,,,,,10,,,,,,,,,,,,,Cleithera in big bag
KD NS JJ,6/29/2018,1069,1090,Y,4,NP,Gill Net,396,410,3,F,N,,,,,,,,,,,,,,,,,,,,,,,,,,,,,,,,,,,Cleithera in big bag
KD NS JJ,6/29/2018,1070,,,4,NP,Gill Net,231,98,1,U,Y,,,,,,,,,,,2,,,,,,,,,,,,,,,,,,,,,,,,Cleithera in big bag
KD NS JJ,6/29/2018,1071,,,4,NP,Gill Net,262,144,2,M,Y,,,,,,,,,,18,5,,,,,,,,,,,,1,,,,,,,,,,,,Cleithera in big bag
KD NS JJ,6/29/2018,1072,,,4,NP,Gill Net,217,71,1,U,Y,,,,,,,,,,,1,,,,,,,,,,,,,1,,,,,,,,,,,Cleithera in big bag
KD NS JJ,6/29/2018,1073,,,4,NP,Gill Net,231,89,1,F,Y,,,,,,,,,,,2,,,,,,,,,,,,,,,,,,,,,,,,Cleithera in big bag
KD NS JJ,6/29/2018,1074,,,4,NP,Gill Net,230,89,1,M,Y,,,,,,,,,,,1,,,,,,,,,,,,,,,,,,,,,,,,Cleithera in big bag
KD NS JJ,6/29/2018,1075,1099,Y,4,NP,Gill Net,327,260,2,U,Y,,,,,,,,,,1,2,,,,1,,,,,,,,1,,,,,,,,,,,,Cleithera in big bag
KD NS JJ,6/29/2018,1076,,,4,NP,Gill Net,309,200,2,F,Y,,,,,,,,,,,,,,,1,,,,,,,,,,,,,,,,,,,,Cleithera in big bag
KD NS JJ,6/29/2018,1077,,,4,NP,Gill Net,194,50,1,U,Y,,,,,,,,,,3,3,,,,,,,,,,,,,,,,,,,,,,,,Cleithera in big bag
KD NS JJ,6/29/2018,1078,,,Outlet Fyke,NP,Fyke,305,222,1,F,Y,,,,,,,,,,,,,,,,,,,,,,,,,,,,,,1,,,,,Cleithera in big bag
KD NS JJ,6/29/2018,1079,,,Outlet Fyke,NP,Fyke,294,185,1,M,Y,,,3,,,,,,,21,2,,,,,,,,,,,,,,,,,,,,,,,,Cleithera in big bag
KD NS JJ,6/29/2018,1080,,,Outlet Fyke,NP,Fyke,374,460,2,F,Y,,,2,,,,,,,,,,,,,,,,,,,,,,,,,,,,,,,,Cleithera in big bag
KD NS JJ,6/29/2018,1081,,,Lilly Fyke,NP,Fyke,290,204,1,M,Y,,,,,,,,,,30,,,,,,,,,,,,1,,,,,,,,,,,,,Cleithera in big bag
KD NS JJ,6/29/2018,1082,,,Lilly Fyke,NP,Fyke,281,170,1,M,Y,,,1,,,,,,,2,,,,,,,,,,,,,,,,,,,,,,,,,Cleithera in big bag
KD NS JJ,6/29/2018,988,1060,Y,4,NP,Gill Net,349,306,2,M,Y,,,,,,,,,,5,,,,,,,,,,,,2,1,,,,,,,,,,,,
KD NS JJ,6/29/2018,989,1051,Y,4,NP,Gill Net,354,319,3,M,Y,,,,,,,,,,22,,,,,,,,,,,,,,,,,,1,,,,,,,
KD NS JJ,6/29/2018,990,,,4,NP,Gill Net,397,500,2.5,M,Y,,,,,,,,,,,,,,,,,,,,,4,2,4,,,,,,,,,,,,
KD NS JJ,6/29/2018,991,,,4,NP,Gill Net,363,368,2,M,Y,,,,,,,,,,,,,,,,,,,,,,,,12,,,,,,,,,,,
KD NS JJ,6/29/2018,992,,,4,NP,Gill Net,240,100,1,F,Y,,,,,,,,,,5,2,,,,,,,,,,,,,3,,,,1,,,,,,,
AW PB,6/30/2018,,,,6,NP,Gill Net,323,266,,F,Y,,,,,,,,,,1,,,,,,,,,,,,,,,,,,,,,,1,,,
AW PB,6/30/2018,,,,6,NP,Gill Net,341,272,,F,Y,,,,,,,,,,1,,,,,,,,,,,,,,,,,,,,2,,,,,
AW PB,6/30/2018,,,,6,NP,Gill Net,270,144,,U,N,,,,,,,,,,,,,,,,,,,,,,,,,,,,,,,,,,,
AW PB,6/30/2018,,1848,Y,6,NP,Gill Net,465,813,,F,Y,,,,,,1,,,,,1,,,,,,,,,,,,,,,,,,,,,,,,
AW PB,6/30/2018,,,,6,NP,Gill Net,275,178,,M,Y,,,,,,,,,,4,2,,,,,,,,,,,,,,,,,,,,,,,,
AW PB,6/30/2018,,,,6,NP,Gill Net,304,237,,F,Y,,,,,,,,,,2,,,,,,,,,,,1,,,,,,,,,,,,,,
AW PB,6/30/2018,,,,6,NP,Gill Net,345,345,,F,N,,,,,,,,,,,,,,,,,,,,,,,,,,,,,,,,,,,
AW PB,6/30/2018,,,,6,NP,Gill Net,310,207,,F,Y,,,,,,,,,,,2,,,,,,,,,,,,,,,,,,,,,,,,
AW PB,6/30/2018,,,,6,NP,Gill Net,289,210,,U,Y,,,,,,,,,,,3,,,,,,,,,,,,,,,,,,,,,,,,
AW PB,6/30/2018,,,,6,NP,Gill Net,360,355,,F,Y,,,,,,,,,,1,3,2,,,,,,,,,,,,,,,,,,,,,,,
AW PB,6/30/2018,,,,6,NP,Gill Net,346,304,,F,Y,,,,,,,,,,,1,,,,,,,,,,1,,,1,,,,,,,,,,,
AW PB,6/30/2018,,,,6,NP,Gill Net,304,205,,U,Y,,,,,,,,,,1,,,,,,,,,,,,,,2,,,,,,,,,,,
AW PB,6/30/2018,,,,6,NP,Gill Net,305,234,,F,Y,,,,,,,,,,1,8,2,,,,,,,,,,,,,,,,,,,,,,,
AW PB,6/30/2018,,,,6,NP,Gill Net,317,267,,F,Y,,,,,,,,,,4,,,,,,,,,,,,,,3,,,,,,1,,,,,
AW PB,6/30/2018,,,,6,NP,Gill Net,357,369,,F,N,,,,,,,,,,,,,,,,,,,,,,,,,,,,,,,,,,,
AW PB,6/30/2018,,,,6,NP,Gill Net,279,154,,U,Y,,,,,,,,,,,4,,,,,,,,,,,,,,,,,,,,,,,,
AW PB,6/30/2018,993,,,6,NP,Gill Net,251,104,,F,Y,,,,,,,,,,,4,,,,,,,,,,,,,,,,,,,,,,,,
AW PB,6/30/2018,994,,,6,NP,Gill Net,309,200,,M,Y,,,,,,,,,,10,2,,,,,,,,,,,,,,,,,,,,,,,,
AW PB,6/30/2018,995,1849,Y,6,NP,Gill Net,326,250,,M,Y,,,,,,,,,,1,,,,,,,,,,,,,,,,,,,,,,,,,
AW PB,6/30/2018,996,,,6,NP,Gill Net,350,297,,M,Y,,,,,,,,,,,1,,,,,,,,,,,,,,,,,,,30,,,,,
AW PB,6/30/2018,997,,,6,NP,Gill Net,245,105,,U,Y,,,,,,,,,,2,6,,,,,,,,,,,,,,,,,,,,,,,,
AW PB,6/30/2018,998,,,6,NP,Gill Net,215,85,,U,N,,,,,,,,,,,,,,,,,,,,,,,,,,,,,,,,,,,
AW PB,6/30/2018,999,,,6,NP,Gill Net,326,303,,M,N,,,,,,,,,,,,,,,,,,,,,,,,,,,,,,,,,,,
AW PB,6/30/2018,1000,,,6,NP,Gill Net,326,289,,F,Y,,,,,,,,,,,3,1,,,,,,,,,,,,,,,,,,,,,,,
AW PB,6/30/2018,,,,6,NP,Gill Net,250,125,,M,Y,,,,,,,,,,6,3,2,,,,,,,,,,,,,,,,,,5,,,,,
AW PB,6/30/2018,,,,6,NP,Gill Net,301,215,,F,Y,,,,,,,,,,10,2,4,,,,,,,,,,,,,,,,,,,,,,,
AW PB,6/30/2018,,,,6,NP,Gill Net,250,133,,M,Y,,,,,,,,,,5,1,1,,,,,,,,,,,,,,,,,,,,,,,
AW PB,6/30/2018,,,,6,NP,Gill Net,223,87,,U,Y,,,,,,,,,,15,,,,,,,,,,,,,,,,,,,,,,,,,
AW PB,6/30/2018,,,,6,NP,Gill Net,316,231,,F,Y,,,,,,,,,,30,2,,,,,,,,,,,,,,,,,,,,,,,,
AW PB,6/30/2018,,,,6,NP,Gill Net,296,223,,M,Y,,,,,,,,,,4,1,5,,,,,,,,,,,1,,,,,,,,,,,,
AW PB,6/30/2018,,,,6,NP,Gill Net,280,183,,U,N,,,,,,,,,,,,,,,,,,,,,,,,,,,,,,,,,,,
AW PB,6/30/2018,,,,6,NP,Gill Net,234,92,,F,Y,,,,,,,,,,12,3,,,,,,,,,,,,,,,,,,,,,,,,
AW PB,6/30/2018,,,,6,NP,Gill Net,325,275,,F,Y,,,,,,,,,,1,,,,,,,,,,,,,,,,,,,,,,,,,
AW PB,6/30/2018,,,,6,NP,Gill Net,246,132,,F,N,,,,,,,,,,,,,,,,,,,,,,,,,,,,,,,,,,,
AW PB,6/30/2018,,,,6,NP,Gill Net,285,173,,F,Y,,,,,,,,,,,1,,,,,,,,,,,,,,,,,,,,,,,,
AW PB,6/30/2018,,,,6,NP,Gill Net,256,150,,F,Y,,,,,,,,,,,2,1,,,,,,,,,,,,,,,,,,4,,,,,
AW PB,6/30/2018,,,,6,NP,Gill Net,346,343,,M,Y,,,,,,,,,,2,2,4,,,,,,,,,,,,,,,,,,,,,,,
AW PB,6/30/2018,,,,6,NP,Gill Net,274,172,,U,Y,,,,,,,,,,,4,,,,,,,,,,,,,3,,,,,,,,,,,
AW PB,6/30/2018,,,,6,NP,Gill Net,256,157,,U,Y,,,,,,,,,,2,3,,,,,,,,,,,1,,,,,,,,,,,,,
AW PB,6/30/2018,,,,6,NP,Gill Net,321,273,,M,Y,,,,,,,,,,,,,,,,,,,,,,,,10,,,,,,,,,,,
AW PB,6/30/2018,,,,6,NP,Gill Net,281,162,,M,Y,,,,,,,,,,,7,,,,,,,,,,,,,,,,,,,,,,,,
AW PB,6/30/2018,,,,6,NP,Gill Net,315,226,,F,N,,,,,,,,,,,,,,,,,,,,,,,,,,,,,,,,,,,
AW PB,6/30/2018,,,,6,NP,Gill Net,245,121,,U,Y,,,,,,,,,,,4,,,,,,,,,,,,,,,,,,,,,,,,
AW PB,6/30/2018,,,,6,NP,Gill Net,239,135,,M,Y,,,,,,,,,,,1,,,,,,,,,,,,1,,,,1,,,,,,,,
AW PB,6/30/2018,,,,6,NP,Gill Net,341,321,,F,N,,,,,,,,,,,,,,,,,,,,,,,,,,,,,,,,,,,
AW PB,6/30/2018,,,,6,NP,Gill Net,293,199,,M,Y,,,,,,,,,,,,,,,,,,,,,,,,,,,,,,,,1,,,
AW PB,6/30/2018,,,,6,NP,Gill Net,287,212,,F,Y,,,,,,,,,,9,4,,,,,,,,,,,,,,,,,,,,,,,,
AW PB,6/30/2018,,,,6,NP,Gill Net,267,152,,F,N,,,,,,,,,,,,,,,,,,,,,,,,,,,,,,,,,,,
AW PB,6/30/2018,,,,6,NP,Gill Net,258,143,,F,Y,,,,,,,,,,3,1,,,,,,,,,,,,,,,,,,,,,,,,
AW PB,6/30/2018,,,,6,NP,Gill Net,312,265,,F,Y,,,,,,,,,,,1,,,,,,,,,,,,1,,,,,,,,,,,,
AW PB,6/30/2018,,,,6,NP,Gill Net,260,137,,F,Y,,,,,,,,,,,1,,,,,,,,,,,,,,,,,,,,,,,,
AW PB,6/30/2018,,,,6,NP,Gill Net,272,159,,F,Y,,,,,,,,,,3,3,,,,,,,,,,,,,1,,,,,,,,,,,
AW PB,6/30/2018,,,,6,NP,Gill Net,299,235,,M,Y,,,,,,,,,,2,,2,,,,,,,,,,,,,,,,,,,,,,,
AW PB,6/30/2018,,,,6,NP,Gill Net,255,149,,F,Y,,,,,,,,,,,13,,,,,,,,,,,,,,,,,,,,,,,,
AW PB,6/30/2018,,,,6,NP,Gill Net,323,333,,M,Y,,,,,,,,,,6,,,,,,,,,,,,,1,,,,,,,,,,,,
AW PB,6/30/2018,,,,6,NP,Gill Net,300,218,,U,Y,,,,,,,,,,2,,,,,,,,,,,,,7,,,,,,,,,,,,
AW PB,6/30/2018,,,,6,NP,Gill Net,323,274,,F,Y,,,,,,,,,,1,,,,,,,,,,,,,1,,,,,,,,,,,,
AW PB,6/30/2018,,,,6,NP,Gill Net,273,169,,F,Y,,,,,,,,,,,2,,,,,,,,,,,,,,,,,,,,,,,,
AW PB,6/30/2018,,,,6,NP,Gill Net,325,318,,M,N,,,,,,,,,,,,,,,,,,,,,,,,,,,,,,,,,,,
AW PB,6/30/2018,,,,6,NP,Gill Net,325,287,,M,N,,,,,,,,,,,,,,,,,,,,,,,,,,,,,,,,,,,
AW PB,6/30/2018,,,,6,NP,Gill Net,283,186,,U,Y,,,,,,,,,,4,7,,,,,,,,,,,,,,,,,,,,1,,,,
AW PB,6/30/2018,,,,6,NP,Gill Net,290,189,,F,Y,,,,,,,,,,,3,,,,,,,,,,,,,,,,,,,,,,,,
AW PB,6/30/2018,,,,6,NP,Gill Net,279,176,,U,Y,,,,,,,,,,4,1,,,,,,,,,,,,,,,,,,,5,,,,,
AW PB,6/30/2018,,,,6,NP,Gill Net,250,124,,U,Y,,,,,,,,,,5,3,,1,,,,,,,,,,,,,,,,,,,,,,
AW PB,6/30/2018,,,,6,NP,Gill Net,264,132,,U,Y,,,,,,,,,,3,,,,,,,,,,,,,,,,,,,,,,,,,
AW PB,6/30/2018,,,,6,NP,Gill Net,230,105,,M,N,,,,,,,,,,,,,,,,,,,,,,,,,,,,,,,,,,,
AW PB,6/30/2018,,,,6,NP,Gill Net,286,191,,F,N,,,,,,,,,,,,,,,,,,,,,,,,,,,,,,,,,,,
AW PB,6/30/2018,,,,6,NP,Gill Net,286,179,,M,Y,,,,,,,,,,,17,,,,,,,,,,,,,,,,,,,,,,,,
AW PB,6/30/2018,,,,6,NP,Gill Net,213,79,,F,N,,,,,,,,,,,,,,,,,,,,,,,,,,,,,,,,,,,
CJ EH,6/30/2018,,1035,Y,5,NP,Gill Net,401,406,,F,Y,,,,,,,,,,,4,,,,,,,,,,,,,,,,,,,,,,,,
CJ EH,6/30/2018,,1889,Y,5,NP,Gill Net,534,930,,F,Y,,,,,,,,,,2,1,,,,,,,,,,,,,,,,,,,,,,,,
CJ EH,6/30/2018,,1366,Y,5,NP,Gill Net,535,1063,,M,Y,,,,,,1,,,,,,,,,,,,,,,,,,,,,,,,,,,,,
CJ EH,6/30/2018,,,,5,NP,Gill Net,474,740,,M,Y,,,,,,,,,,1,2,1,,,,,,,,,,1,,,,,,,,,,,,,
CJ EH,6/30/2018,,1404,Y,5,NP,Gill Net,418,430,,F,Y,,,,,,,,,,,2,,,,,,,,,,,,,,,,,,,,,,,,
CJ EH,6/30/2018,,,,5,NP,Gill Net,397,399,,M,Y,,,,,,,,,,,7,,,,,,,,,,,,,,,,,,,,,,,,
CJ EH,6/30/2018,,,,5,NP,Gill Net,383,368,,F,Y,,,,,,,,,,,6,,,,,,,,,,,,,,,,,,,,,,,,
CJ EH,6/30/2018,,,,5,NP,Gill Net,319,243,,F,Y,,,,,,,,,,,5,,,,,,,,,,,,,,,,,,,,,,,,
CJ EH,6/30/2018,,,,5,NP,Gill Net,366,351,,M,Y,,,,,,,,,,,7,,,,,,,,,,,,,,,,,,,,,,,,
CJ EH,6/30/2018,,,,5,NP,Gill Net,264,135,,F,Y,,,,,,,,,,,3,,,,,,,,,,,,,,,,,,,,,,,,
CJ EH,6/30/2018,,,,5,NP,Gill Net,243,119,,M,Y,,,,,,,,,,,3,,,,,,,,,,,,,,,,,,,,,,,,
CJ EH,6/30/2018,,,,5,NP,Gill Net,246,116,,F,Y,,,,,,,,,,,1,,,,,,,,,,,,,,,,,,,,,,,,
CJ EH,6/30/2018,,,,5,NP,Gill Net,282,160,,M,Y,,,,,,,,,,,5,,,,,,,,,,,,,,,,,,,,,,,,
CJ EH,6/30/2018,,,,5,NP,Gill Net,245,112,,M,Y,,,,,,,,,,3,5,,,,,,,,,,,,,,,,,,,,,,,,
CJ EH,6/30/2018,,,,5,NP,Gill Net,235,93,,F,Y,,,,,,,,,,2,3,,,,,,,,,,,,,,,,,,,,,,,,
CJ EH,6/30/2018,,,,5,NP,Gill Net,286,158,,M,Y,,,,,,,,,,,7,,,,,,,,,,,,,,,,,,,,,,,,
CJ EH,6/30/2018,,,,5,NP,Gill Net,232,101,,M,Y,,,,,,,,,,,1,,,,,,,,,,,,,,,,,,,,,,,,
CJ EH,6/30/2018,,,,5,NP,Gill Net,222,89,,M,Y,,,,,,,,,,,2,,,,,,,,,,,,,,,,,,,,,,,,
CJ EH,6/30/2018,,,,5,NP,Gill Net,235,100,,M,Y,,,,,,,,,,,2,,2,,,,,,,,,,,,,,,,,,,,,,
CJ EH,6/30/2018,,,,5,NP,Gill Net,235,90,,F,Y,,,,,,,,,,,3,,,,,,,,,,,,,,,,,,,,,,,,
