Mark,,,,,,,,Recap,,,,,,Dissection Data,,,,,
Gear type,Pike #,Samplers,Section,Date,Fork length,Tag #,,Gear type,Section,Date,Fork Length ,Tag #,,Gear type,Section,Date,Fork Length ,Tag #,Length difference
Gillnets,14,PB CJ,1,6/1/2018,379,1000,,,,,,,,,,,,,
Gillnets,13,PB CJ,1,6/1/2018,417,1003,,,,,,,,,,,,,
Gillnets,12,PB CJ,1,6/1/2018,476,1004,,Gillnet,1,6/21/2018,475,1004,,Gill Net,1,6/21/2018,477,1004,2
Gillnets,11,PB CJ,1,6/1/2018,355,1005,,Gillnet,1,6/21/2018,354,1005,,Gill Net,1,6/21/2018,351,1005,-3
Gillnets,6,PB CJ,1,6/1/2018,336,1006,,Gillnet,2,6/27/2018,352,1006,,Gill Net,2,6/27/2018,343,1006,-9
Gillnets,5,PB CJ,1,6/1/2018,413,1007,,Gillnet,1,6/21/2018,413,1007,,Gill Net,1,6/21/2018,418,1007,5
Gillnets,3,PB CJ,1,6/1/2018,380,1008,,Gillnet,2,6/22/2018,386,1008,,Gill Net,2,6/22/2018,392,1008,6
Gillnets,1,PB CJ,1,6/1/2018,333,1009,,Gillnet,2,6/27/2018,353,1009,,Gill Net,2,6/27/2018,354,1009,1
Fyke,14,PB CJ,Fyke,6/1/2018,356,1010,,,,,,,,,,,,,
Fyke,13,PB CJ,Fyke,6/1/2018,408,1011,,Gillnet,2,6/22/2018,412,1011,,Gill Net,2,6/22/2018,415,1011,3
Fyke,12,PB CJ,Fyke,6/1/2018,408,1012,,Gillnet,3,6/23/2018,418,1012,,Gill Net,3,6/23/2018,437,1012,19
Fyke,11,PB CJ,Fyke,6/1/2018,390,1013,,Gillnet,3,6/28/2018,393,1013,,Gill Net,3,6/28/2018,397,1013,4
Fyke,10,PB CJ,Fyke,6/1/2018,370,1014,,Gillnet,2,6/22/2018,372,1014,,Gill Net,2,6/22/2018,375,1014,3
Fyke,9,PB CJ,Fyke,6/1/2018,474,1015,,Gillnet,2,6/22/2018,-,1015,,Gill Net,2,6/22/2018,,1015,
Fyke,8,PB CJ,Fyke,6/1/2018,450,1016,,Gillnet,3,6/23/2018,462,1016,,Gill Net,3,6/23/2018,461,1016,-1
Fyke,7,PB CJ,Fyke,6/1/2018,453,1018,,Gillnet,3,6/23/2018,454,1018,,Gill Net,3,6/23/2018,463,1018,9
Fyke,5,PB CJ,Fyke,6/1/2018,404,1020,,,,,,,,,,,,,
Fyke,4,PB CJ,Fyke,6/1/2018,417,1021,,Gillnet,2,6/22/2018,406,1021,,Gill Net,2,6/22/2018,417,1021,11
Fyke,3,PB CJ,Fyke,6/1/2018,483,1022,,,,,,,,,,,,,
Fyke,2,PB CJ,Fyke,6/1/2018,413,1023,,,,,,,,,,,,,
Fyke,1,PB CJ,Fyke,6/1/2018,484,1024,,,,,,,,,,,,,
Angling,264,SVD GVD,4,6/5/2018,379,1025,,,,,,,,,,,,,
Angling,263,SVD GVD,4,6/5/2018,397,1026,,Gillnet,4,6/29/2018,419,1026,,Gill Net,4,6/29/2018,418,1026,-1
Angling,233,SVD GVD,5,6/4/2018,486,1027,,Gillnet,5,6/25/2018,499,1027,,Gill Net,5,6/25/2018,498,1027,-1
Angling,232,SVD GVD,5,6/4/2018,565,1028,,Gillnet,5,6/25/2018,558,1028,,Gill Net,5,6/25/2018,553,1028,-5
Angling,231,SVD GVD,5,6/4/2018,498,1029,,,,,,,,,,,,,
Angling,230,SVD GVD,5,6/4/2018,460,1030,,,,,,,,,,,,,
Angling,229,SVD GVD,5,6/4/2018,383,1031,,Gillnet,5,6/25/2018,384,1031,,Gill Net,5,6/25/2018,381,1031,-3
Angling,228,SVD GVD,5,6/4/2018,534,1032,,,,,,,,,,,,,
Angling,227,SVD GVD,5,6/4/2018,532,1033,,Angler,5,6/23/2018,530,1033,,Angler,5,6/23/2018,543,1033,13
Angling,226,SVD GVD,5,6/4/2018,495,1034,,,,,,,,,,,,,
Angling,225,SVD GVD,5,6/4/2018,394,1035,,Gillnet,5,6/30/2018,406,1035,,Gill Net,5,6/30/2018,401,1035,-5
Angling,219,SVD GVD,1,6/3/2018,424,1036,,Gillnet,3,6/28/2018,504,1036,,Gill Net,3,6/28/2018,510,1036,6
Angling,218,SVD GVD,1,6/3/2018,393,1037,,Gillnet,1,6/21/2018,388,1037,,Gill Net,1,6/21/2018,389,1037,1
Angling,217,SVD GVD,1,6/3/2018,390,1038,,Gillnet,1,6/21/2018,380,1038,,Gill Net,1,6/21/2018,385,1038,5
Angling,216,SVD GVD,1,6/3/2018,329,1039,,,,,,,,,,,,,
Angling,215,SVD GVD,1,6/3/2018,374,1040,,Gillnet,4,6/24/2018,393,1040,,Gill Net,4,6/24/2018,393,1040,0
Angling,214,SVD GVD,1,6/3/2018,354,1041,,Gillnet,2,6/22/2018,356,1041,,Gill Net,2,6/22/2018,362,1041,6
Angling,213,SVD GVD,1,6/3/2018,360,1042,,Gillnet,2,6/22/2018,377,1042,,Gill Net,2,6/22/2018,382,1042,5
Angling,208,SVD GVD,3,6/2/2018,355,1043,,,,,,,,,,,,,
Angling,207,SVD GVD,3,6/2/2018,375,1044,,Angler,3,6/21/2018,400,1044,,Angler,3,6/21/2018,399,1044,-1
Angling,206,SVD GVD,3,6/2/2018,354,1045,,Gillnet,3,6/28/2018,380,1045,,Gill Net,3,6/28/2018,384,1045,4
Angling,205,SVD GVD,3,6/2/2018,410,1046,,Gillnet,1,6/26/2018,425,1046,,Gill Net,1,6/26/2018,430,1046,5
Angling,204,SVD GVD,3,6/2/2018,348,1047,,Gillnet,3,6/28/2018,372,1047,,Gill Net,3,6/28/2018,372,1047,0
Angling,203,SVD GVD,3,6/2/2018,324,1048,,,,,,,,,,,,,
Angling,202,SVD GVD,3,6/2/2018,394,1049,,Gillnet,3,6/23/2018,405,1049,,Gill Net,3,6/23/2018,409,1049,4
Angling,289,SVD GVD,4,6/5/2018,389,1050,,Angler,4,6/22/2018,399,1050,,Angler,4,6/22/2018,404,1050,5
Angling,288,SVD GVD,4,6/5/2018,328,1051,,Gillnet,4,6/29/2018,352,1051,,Gill Net,4,6/29/2018,354,1051,2
Angling,287,SVD GVD,4,6/5/2018,362,1052,,Angler,4,6/22/2018,372,1052,,Angler,4,6/22/2018,373,1052,1
Angling,286,SVD GVD,4,6/5/2018,366,1053,,,,,,,,,,,,,
Angling,285,SVD GVD,4,6/5/2018,351,1054,,,,,,,,,,,,,
Angling,284,SVD GVD,4,6/5/2018,400,1055,,Angler,4,6/22/2018,405,1055,,Angler,4,6/22/2018,411,1055,6
Angling,283,SVD GVD,4,6/5/2018,334,1056,,Gillnet,4,6/29/2018,353,1056,,Gill Net,4,6/29/2018,341,1056,-12
Angling,282,SVD GVD,4,6/5/2018,305,1057,,,,,,,,,,,,,
Angling,281,SVD GVD,4,6/5/2018,352,1058,,,,,,,,,,,,,
Angling,280,SVD GVD,4,6/5/2018,388,1059,,,,,,,,,,,,,
Angling,279,SVD GVD,4,6/5/2018,343,1060,,Gillnet,4,6/29/2018,346,1060,,Gill Net,4,6/29/2018,349,1060,3
Angling,278,SVD GVD,4,6/5/2018,322,1061,,Gillnet,4,6/29/2018,325,1061,,Gill Net,4,6/29/2018,325,1061,0
Angling,277,SVD GVD,4,6/5/2018,365,1062,,Gillnet,3,6/28/2018,366,1062,,Gill Net,3,6/28/2018,360,1062,-6
Angling,276,SVD GVD,4,6/5/2018,348,1063,,Gillnet,4,6/29/2018,347,1063,,Gill Net,4,6/29/2018,347,1063,0
Angling,275,SVD GVD,4,6/5/2018,315,1064,,,,,,,,,,,,,
Angling,274,SVD GVD,4,6/5/2018,334,1065,,,,,,,,,,,,,
Angling,273,SVD GVD,4,6/5/2018,380,1066,,,,,,,,,,,,,
Angling,272,SVD GVD,4,6/5/2018,395,1067,,Angler,4,6/22/2018,402,1067,,Angler,4,6/22/2018,405,1067,3
Angling,271,SVD GVD,4,6/5/2018,304,1068,,,,,,,,,,,,,
Angling,270,SVD GVD,4,6/5/2018,431,1069,,,,,,,,,,,,,
Angling,269,SVD GVD,4,6/5/2018,336,1070,,,,,,,,,,,,,
Angling,268,SVD GVD,4,6/5/2018,362,1071,,,,,,,,,,,,,
Angling,267,SVD GVD,4,6/5/2018,421,1072,,Gillnet,4,6/24/2018,422,1072,,Gill Net,4,6/24/2018,430,1072,8
Angling,266,SVD GVD,4,6/5/2018,450,1073,,,,,,,,,,,,,
Angling,265,SVD GVD,4,6/5/2018,364,1074,,,,,,,,,,,,,
Angling,313,SVD GVD,4,6/5/2018,426,1075,,Gillnet,4,6/24/2018,435,1075,,Gill Net,4,6/24/2018,433,1075,-2
Angling,312,SVD GVD,4,6/5/2018,314,1077,,,,,,,,,,,,,
Angling,311,SVD GVD,4,6/5/2018,680,1078,,Gillnet,2,6/22/2018,698,1078,,Gill Net,2,6/22/2018,690,1078,-8
Angling,310,SVD GVD,4,6/5/2018,448,1079,,Gillnet,4,6/29/2018,458,1079,,Gill Net,4,6/29/2018,442,1079,-16
Angling,309,SVD GVD,4,6/5/2018,382,1080,,Angler,4,6/22/2018,394,1080,,Angler,4,6/22/2018,385,1080,-9
Angling,308,SVD GVD,4,6/5/2018,434,1081,,,,,,,,,,,,,
Angling,307,SVD GVD,4,6/5/2018,410,1082,,Gillnet,1,6/26/2018,420,1082,,Gill Net,1,6/26/2018,418,1082,-2
Angling,306,SVD GVD,4,6/5/2018,454,1083,,,,,,,,,,,,,
Angling,305,SVD GVD,4,6/5/2018,326,1084,,Gillnet,4,6/29/2018,330,1084,,Gill Net,4,6/29/2018,330,1084,0
Angling,304,SVD GVD,4,6/5/2018,461,1085,,Gillnet,4,6/29/2018,464,1085,,Gill Net,4,6/29/2018,465,1085,1
Angling,303,SVD GVD,4,6/5/2018,424,1086,,,,,,,,,,,,,
Angling,302,SVD GVD,4,6/5/2018,523,1087,,Gillnet,4,6/29/2018,554,1087,,Gill Net,4,6/29/2018,550,1087,-4
Angling,301,SVD GVD,4,6/5/2018,388,1088,,Gillnet,4,6/24/2018,395,1088,,Gill Net,4,6/24/2018,386,1088,-9
Angling,300,SVD GVD,4,6/5/2018,390,1089,,,,,,,,,,,,,
Angling,299,SVD GVD,4,6/5/2018,392,1090,,Gillnet,4,6/29/2018,397,1090,,Gill Net,4,6/29/2018,396,1090,-1
Angling,298,SVD GVD,4,6/5/2018,325,1091,,Angler,4,6/27/2018,320,1091,,Angler,4,6/27/2018,328,1091,8
Angling,297,SVD GVD,4,6/5/2018,422,1092,,Angler,4,6/27/2018,423,1092,,Angler,4,6/27/2018,413,1092,-10
Angling,296,SVD GVD,4,6/5/2018,412,1093,,Gillnet,2,6/27/2018,435,1093,,Gill Net,2,6/27/2018,432,1093,-3
Angling,295,SVD GVD,4,6/5/2018,433,1094,,Gillnet,4,6/29/2018,443,1094,,Gill Net,4,6/29/2018,443,1094,0
Angling,294,SVD GVD,4,6/5/2018,396,1095,,Angler,4,6/22/2018,392,1095,,Angler,4,6/22/2018,400,1095,8
Angling,293,SVD GVD,4,6/5/2018,445,1096,,Gillnet,4,6/24/2018,452,1096,,Gill Net,4,6/24/2018,449,1096,-3
Angling,292,SVD GVD,4,6/5/2018,385,1097,,,,,,,,,,,,,
Angling,291,SVD GVD,4,6/5/2018,352,1098,,,,,,,,,,,,,
Angling,290,SVD GVD,4,6/5/2018,315,1099,,Gillnet,4,6/29/2018,330,1099,,Gill Net,4,6/29/2018,327,1099,-3
Angling,65,SVD GVD,2,6/1/2018,444,1100,,Gillnet,2,6/22/2018,455,1100,,Gill Net,2,6/22/2018,460,1100,5
Angling,64,SVD GVD,2,6/1/2018,354,1101,,Gillnet,3,6/28/2018,367,1101,,Gill Net,3,6/28/2018,362,1101,-5
Angling,63,SVD GVD,2,6/1/2018,455,1102,,Gillnet,2,6/22/2018,464,1102,,Gill Net,2,6/22/2018,462,1102,-2
Angling,62,SVD GVD,2,6/1/2018,378,1103,,Gillnet,3,6/23/2018,392,1103,,Gill Net,3,6/23/2018,395,1103,3
Angling,61,SVD GVD,2,6/1/2018,369,1104,,,,,,,,,,,,,
Angling,60,SVD GVD,2,6/1/2018,425,1105,,Gillnet,2,6/22/2018,466,1105,,Gill Net,2,6/22/2018,475,1105,9
Angling,59,SVD GVD,2,6/1/2018,403,1106,,Gillnet,2,6/27/2018,424,1106,,Gill Net,2,6/27/2018,421,1106,-3
Angling,58,SVD GVD,2,6/1/2018,389,1107,,Gillnet,2,6/22/2018,423,1107,,Gill Net,2,6/22/2018,426,1107,3
Angling,57,SVD GVD,2,6/1/2018,402,1108,,Gillnet,2,6/22/2018,425,1108,,Gill Net,2,6/22/2018,425,1108,0
Angling,56,SVD GVD,2,6/1/2018,406,1109,,Gillnet,3,6/23/2018,450,1109,,Gill Net,3,6/23/2018,451,1109,1
Angling,55,SVD GVD,2,6/1/2018,351,1110,,,,,,,,,,,,,
Angling,54,SVD GVD,2,6/1/2018,387,1111,,Gillnet,3,6/23/2018,437,1111,,Gill Net,3,6/23/2018,435,1111,-2
Angling,51,SVD GVD,2,6/1/2018,440,1114,,Gillnet,3,6/23/2018,442,1114,,Gill Net,3,6/23/2018,444,1114,2
Angling,50,SVD GVD,2,6/1/2018,475,1115,,,,,,,,,,,,,
,,,2,,,1116,,Gillnet,3,6/28/2018,417,1116,,Gill Net,3,6/28/2018,410,1116,-7
Angling,49,SVD GVD,2,6/1/2018,378,1117,,Gillnet,3,6/28/2018,455,1117,,Gill Net,3,6/28/2018,460,1117,5
Angling,48,SVD GVD,2,6/1/2018,,1118,,Gillnet,3,6/28/2018,436,1118,,Gill Net,3,6/28/2018,440,1118,4
Angling,47,SVD GVD,2,6/1/2018,442,1119,,,,,,,,,,,,,
Angling,46,SVD GVD,2,6/1/2018,425,1120,,Angler,4,6/27/2018,459,1120,,Angler,4,6/27/2018,455,1120,-4
Angling,45,SVD GVD,2,6/1/2018,428,1123,,,,,,,,,,,,,
Angling,90,SVD GVD,2,6/1/2018,398,1125,,,,,,,,,,,,,
Angling,89,SVD GVD,2,6/1/2018,396,1126,,,,,,,,,,,,,
Angling,88,SVD GVD,2,6/1/2018,392,1127,,Gillnet,1,6/21/2018,416,1127,,Gill Net,1,6/21/2018,418,1127,2
Angling,87,SVD GVD,2,6/1/2018,435,1128,,Gillnet,2,6/22/2018,467,1128,,Gill Net,2,6/22/2018,470,1128,3
Angling,86,SVD GVD,2,6/1/2018,424,1129,,Gillnet,2,6/22/2018,440,1129,,Gill Net,2,6/22/2018,448,1129,8
Angling,85,SVD GVD,2,6/1/2018,485,1130,,,,,,,,,,,,,
Angling,84,SVD GVD,2,6/1/2018,432,1131,,Gillnet,1,6/21/2018,464,1131,,Gill Net,1,6/21/2018,466,1131,2
Angling,83,SVD GVD,2,6/1/2018,408,1132,,Gillnet,3,6/28/2018,446,1132,,Gill Net,3,6/28/2018,444,1132,-2
Angling,82,SVD GVD,2,6/1/2018,337,1133,,,,,,,,,,,,,
Angling,80,SVD GVD,2,6/1/2018,324,1135,,,,,,,,,,,,,
Angling,79,SVD GVD,2,6/1/2018,312,1136,,Gillnet,3,6/28/2018,325,1136,,Gill Net,3,6/28/2018,337,1136,12
Angling,78,SVD GVD,2,6/1/2018,449,1138,,Gillnet,2,6/22/2018,466,1138,,Gill Net,2,6/22/2018,463,1138,-3
Angling,77,SVD GVD,2,6/1/2018,386,1139,,Gillnet,3,6/23/2018,402,1139,,Gill Net,3,6/23/2018,400,1139,-2
Angling,76,SVD GVD,2,6/1/2018,359,1140,,Gillnet,2,6/22/2018,379,1140,,Gill Net,2,6/22/2018,382,1140,3
Angling,75,SVD GVD,2,6/1/2018,383,1141,,Gillnet,2,6/22/2018,396,1141,,Gill Net,2,6/22/2018,405,1141,9
Angling,74,SVD GVD,2,6/1/2018,362,1142,,,,,,,,,,,,,
Angling,73,SVD GVD,2,6/1/2018,358,1143,,Gillnet,2,6/22/2018,365,1143,,Gill Net,2,6/22/2018,369,1143,4
Angling,72,SVD GVD,2,6/1/2018,318,1144,,,,,,,,,,,,,
Angling,71,SVD GVD,2,6/1/2018,440,1145,,Gillnet,2,6/22/2018,465,1145,,Gill Net,2,6/22/2018,468,1145,3
Angling,70,SVD GVD,2,6/1/2018,434,1146,,Gillnet,1,6/21/2018,460,1146,,Gill Net,1,6/21/2018,460,1146,0
Angling,69,SVD GVD,2,6/1/2018,504,1147,,Gillnet,3,6/23/2018,540,1147,,Gill Net,3,6/23/2018,534,1147,-6
Angling,68,SVD GVD,2,6/1/2018,367,1148,,Gillnet,1,6/21/2018,382,1148,,Gill Net,1,6/21/2018,383,1148,1
Angling,179,SVD GVD,3,6/2/2018,435,1150,,,,,,,,,,,,,
Angling,178,SVD GVD,3,6/2/2018,473,1151,,Gillnet,2,6/22/2018,480,1151,,Gill Net,2,6/22/2018,481,1151,1
Angling,177,SVD GVD,3,6/2/2018,433,1152,,Gillnet,2,6/22/2018,395,1152,,Gill Net,2,6/22/2018,395,1152,0
Angling,175,SVD GVD,3,6/2/2018,520,1154,,Gillnet,2,6/22/2018,565,1154,,Gill Net,2,6/22/2018,562,1154,-3
Angling,174,SVD GVD,3,6/2/2018,364,1155,,,,,,,,,,,,,
Angling,173,SVD GVD,3,6/2/2018,448,1156,,,,,,,,,,,,,
Angling,172,SVD GVD,3,6/2/2018,452,1157,,Angler,3,6/21/2018,468,1157,,Angler,3,6/21/2018,463,1157,-5
Angling,171,SVD GVD,3,6/2/2018,411,1158,,Angler,3,6/21/2018,430,1158,,Angler,3,6/21/2018,422,1158,-8
Angling,170,SVD GVD,3,6/2/2018,601,1159,,Gillnet,1,6/21/2018,619,1159,,Gill Net,1,6/21/2018,628,1159,9
Angling,169,SVD GVD,3,6/2/2018,387,1160,,,,,,,,,,,,,
Angling,168,SVD GVD,3,6/2/2018,412,1161,,Gillnet,2,6/22/2018,444,1161,,Gill Net,2,6/22/2018,434,1161,-10
Angling,167,SVD GVD,3,6/2/2018,369,1162,,Gillnet,3,6/28/2018,404,1162,,Gill Net,3,6/28/2018,399,1162,-5
Angling,166,SVD GVD,3,6/2/2018,460,1164,,Gillnet,2,6/22/2018,485,1164,,Gill Net,2,6/22/2018,490,1164,5
Angling,165,SVD GVD,3,6/2/2018,435,1165,,Gillnet,1,6/21/2018,451,1165,,Gill Net,1,6/21/2018,455,1165,4
Angling,97,SVD GVD,2,6/1/2018,325,1166,,Gillnet,1,6/26/2018,348,1166,,Gill Net,1,6/26/2018,346,1166,-2
Angling,96,SVD GVD,2,6/1/2018,374,1167,,,,,,,,,,,,,
Angling,95,SVD GVD,2,6/1/2018,478,1168,,Gillnet,1,6/21/2018,507,1168,,Gill Net,1,6/21/2018,500,1168,-7
Angling,94,SVD GVD,2,6/1/2018,357,1169,,Fyke,Outlet,6/22/2018,386,1169,,Fyke,Outlet Fyke,6/22/2018,390,1169,4
Angling,93,SVD GVD,2,6/1/2018,361,1171,,,,,,,,,,,,,
Angling,92,SVD GVD,2,6/1/2018,478,1172,,Gillnet,2,6/22/2018,462,1172,,Gill Net,2,6/22/2018,469,1172,7
Angling,91,SVD GVD,2,6/1/2018,528,1174,,Gillnet,2,6/22/2018,557,1174,,Gill Net,2,6/22/2018,556,1174,-1
Angling,201,SVD GVD,3,6/2/2018,302,1175,,,,,,,,,,,,,
Angling,200,SVD GVD,3,6/2/2018,318,1177,,Gillnet,3,6/23/2018,327,1177,,Gill Net,3,6/23/2018,326,1177,-1
Angling,199,SVD GVD,3,6/2/2018,428,1178,,Gillnet,3,6/28/2018,500,1178,,Gill Net,3,6/28/2018,500,1178,0
Angling,198,SVD GVD,3,6/2/2018,350,1179,,,,,,,,,,,,,
Angling,197,SVD GVD,3,6/2/2018,342,1180,,,,,,,,,,,,,
Angling,196,SVD GVD,3,6/2/2018,389,1181,,,,,,,,,,,,,
Angling,195,SVD GVD,3,6/2/2018,430,1182,,Gillnet,2,6/22/2018,545,1182,,Gill Net,2,6/22/2018,550,1182,5
Angling,194,SVD GVD,3,6/2/2018,485,1184,,Gillnet,2,6/22/2018,495,1184,,Gill Net,2,6/22/2018,503,1184,8
Angling,193,SVD GVD,3,6/2/2018,422,1185,,Gillnet,3,6/23/2018,466,1185,,Gill Net,3,6/23/2018,465,1185,-1
Angling,192,SVD GVD,3,6/2/2018,435,1186,,Gillnet,3,6/23/2018,467,1186,,Gill Net,3,6/23/2018,466,1186,-1
Angling,191,SVD GVD,3,6/2/2018,300,1187,,,,,,,,,,,,,
Angling,190,SVD GVD,3,6/2/2018,381,1188,,,,,,,,,,,,,
Angling,189,SVD GVD,3,6/2/2018,484,1189,,,,,,,,,,,,,
Angling,188,SVD GVD,3,6/2/2018,390,1190,,,,,,,,,,,,,
Angling,187,SVD GVD,3,6/2/2018,304,1191,,,,,,,,,,,,,
Angling,186,SVD GVD,3,6/2/2018,332,1192,,,,,,,,,,,,,
Angling,185,SVD GVD,3,6/2/2018,347,1193,,,,,,,,,,,,,
Angling,184,SVD GVD,3,6/2/2018,300,1194,,Gillnet,3,6/28/2018,317,1194,,Gill Net,3,6/28/2018,306,1194,-11
Angling,183,SVD GVD,3,6/2/2018,330,1195,,Gillnet,3,6/28/2018,340,1195,,Gill Net,3,6/28/2018,321,1195,-19
Angling,182,SVD GVD,3,6/2/2018,406,1196,,Gillnet,2,6/27/2018,433,1196,,Gill Net,2,6/27/2018,430,1196,-3
Angling,181,SVD GVD,3,6/2/2018,306,1197,,,,,,,,,,,,,
Angling,180,SVD GVD,3,6/2/2018,421,1199,,Gillnet,3,6/23/2018,442,1199,,Gill Net,3,6/23/2018,443,1199,1
Angling,24,Eric and Rob,2,6/1/2018,397,1200,,Gillnet,2,6/22/2018,394,1200,,Gill Net,2,6/22/2018,404,1200,10
Angling,23,Eric and Rob,2,6/1/2018,576,1201,,Gillnet,2,6/22/2018,560,1201,,Gill Net,2,6/22/2018,564,1201,4
Angling,22,Eric and Rob,2,6/1/2018,390,1202,,Gillnet,1,6/21/2018,419,1202,,Gill Net,1,6/21/2018,405,1202,-14
Angling,21,Eric and Rob,2,6/1/2018,391,1203,,Gillnet,2,6/22/2018,393,1203,,Gill Net,2,6/22/2018,402,1203,9
Angling,20,Eric and Rob,2,6/1/2018,423,1204,,Gillnet,1,6/21/2018,421,1204,,Gill Net,1,6/21/2018,418,1204,-3
Angling,19,Eric and Rob,2,6/1/2018,510,1205,,Gillnet,2,6/22/2018,516,1205,,Gill Net,2,6/22/2018,516,1205,0
Angling,18,Eric and Rob,2,6/1/2018,405,1206,,Gillnet,3,6/23/2018,400,1206,,Gill Net,3,6/23/2018,390,1206,-10
Angling,17,Eric and Rob,2,6/1/2018,510,1207,,Gillnet,1,6/21/2018,540,1207,,Gill Net,1,6/21/2018,535,1207,-5
Angling,16,Eric and Rob,2,6/1/2018,495,1208,,Gillnet,3,6/28/2018,513,1208,,Gill Net,3,6/28/2018,505,1208,-8
Angling,15,Eric and Rob,2,6/1/2018,403,1209,,Gillnet,1,6/21/2018,418,1209,,Gill Net,1,6/21/2018,418,1209,0
Angling,14,Eric and Rob,2,6/1/2018,427,1210,,,,,,,,,,,,,
Angling,13,Eric and Rob,2,6/1/2018,396,1211,,Gillnet,3,6/23/2018,414,1211,,Gill Net,3,6/23/2018,414,1211,0
Angling,12,Eric and Rob,2,6/1/2018,455,1212,,Gillnet,3,6/23/2018,451,1212,,Gill Net,3,6/23/2018,452,1212,1
Angling,11,Eric and Rob,2,6/1/2018,368,1213,,Angler,2,6/25/2018,387,1213,,Angler,2,6/25/2018,372,1213,-15
Angling,10,Eric and Rob,2,6/1/2018,325,1214,,,,,,,,,,,,,
Angling,9,Eric and Rob,2,6/1/2018,335,1215,,,,,,,,,,,,,
Angling,8,Eric and Rob,2,6/1/2018,372,1216,,,,,,,,,,,,,
Angling,7,Eric and Rob,2,6/1/2018,390,1217,,,,,,,,,,,,,
Angling,6,Eric and Rob,2,6/1/2018,419,1218,,Gillnet,1,6/21/2018,427,1218,,Gill Net,1,6/21/2018,418,1218,-9
Angling,5,Eric and Rob,2,6/1/2018,575,1219,,Gillnet,4,6/24/2018,587,1219,,Gill Net,4,6/24/2018,584,1219,-3
Angling,4,Eric and Rob,2,6/1/2018,445,1220,,Gillnet,4,6/24/2018,446,1220,,Gill Net,4,6/24/2018,444,1220,-2
Angling,3,Eric and Rob,2,6/1/2018,430,1221,,Gillnet,1,6/21/2018,440,1221,,Gill Net,1,6/21/2018,443,1221,3
Angling,2,Eric and Rob,2,6/1/2018,320,1222,,Gillnet,2,6/22/2018,338,1222,,Gill Net,2,6/22/2018,340,1222,2
Angling,1,Eric and Rob,2,6/1/2018,479,1224,,Angler,3,6/21/2018,429,1224,,Angler,3,6/21/2018,452,1224,23
Angling,102,Eric and Rob,3,6/2/2018,370,1225,,,,,,,,,,,,,
Angling,101,Eric and Rob,3,6/2/2018,570,1226,,Gillnet,4,6/24/2018,603,1226,,Gill Net,4,6/24/2018,591,1226,-12
Angling,100,Eric and Rob,3,6/2/2018,465,1227,,Gillnet,2,6/22/2018,482,1227,,Gill Net,2,6/22/2018,477,1227,-5
Angling,99,Eric and Rob,3,6/2/2018,365,1228,,Angler,3,6/21/2018,372,1228,,Angler,3,6/21/2018,378,1228,6
Angling,98,Eric and Rob,3,6/2/2018,390,1229,,Gillnet,3,6/23/2018,396,1229,,Gill Net,3,6/23/2018,394,1229,-2
Angling,44,Eric and Rob,2,6/1/2018,310,1230,,Gillnet,2,6/27/2018,335,1230,,Gill Net,2,6/27/2018,336,1230,1
Angling,43,Eric and Rob,2,6/1/2018,430,1231,,Gillnet,3,6/28/2018,449,1231,,Gill Net,3,6/28/2018,450,1231,1
Angling,42,Eric and Rob,2,6/1/2018,366,1232,,,,,,,,,,,,,
Angling,41,Eric and Rob,2,6/1/2018,435,1233,,Gillnet,3,6/23/2018,442,1233,,Gill Net,3,6/23/2018,444,1233,2
Angling,40,Eric and Rob,2,6/1/2018,502,1234,,Gillnet,3,6/28/2018,522,1234,,Gill Net,3,6/28/2018,518,1234,-4
Angling,39,Eric and Rob,2,6/1/2018,340,1235,,,,,,,,,,,,,
Angling,38,Eric and Rob,2,6/1/2018,493,1236,,Gillnet,4,6/24/2018,494,1236,,Gill Net,4,6/24/2018,489,1236,-5
Angling,37,Eric and Rob,2,6/1/2018,375,1237,,,,,,,,,,,,,
Angling,36,Eric and Rob,2,6/1/2018,522,1238,,Gillnet,3,6/23/2018,534,1238,,Gill Net,3,6/23/2018,529,1238,-5
Angling,35,Eric and Rob,2,6/1/2018,480,1239,,Gillnet,3,6/23/2018,490,1239,,Gill Net,3,6/23/2018,484,1239,-6
Angling,34,Eric and Rob,2,6/1/2018,379,1240,,Gillnet,3,6/23/2018,380,1240,,Gill Net,3,6/23/2018,381,1240,1
Angling,33,Eric and Rob,2,6/1/2018,432,1241,,Gillnet,3,6/28/2018,437,1241,,Gill Net,3,6/28/2018,435,1241,-2
Angling,32,Eric and Rob,2,6/1/2018,447,1242,,Fyke,Outlet,6/22/2018,443,1242,,Fyke,Outlet Fyke,6/22/2018,452,1242,9
Angling,31,Eric and Rob,2,6/1/2018,410,1243,,Gillnet,2,6/22/2018,413,1243,,Gill Net,2,6/22/2018,415,1243,2
Angling,30,Eric and Rob,2,6/1/2018,312,1244,,Gillnet,2,6/27/2018,325,1244,,Gill Net,2,6/27/2018,327,1244,2
Angling,29,Eric and Rob,2,6/1/2018,457,1245,,,,,,,,,,,,,
Angling,28,Eric and Rob,2,6/1/2018,396,1246,,,,,,,,,,,,,
Angling,27,Eric and Rob,2,6/1/2018,396,1247,,Gillnet,2,6/27/2018,403,1247,,Gill Net,2,6/27/2018,408,1247,5
Angling,26,Eric and Rob,2,6/1/2018,492,1248,,Gillnet,2,6/22/2018,505,1248,,Gill Net,2,6/22/2018,522,1248,17
Angling,25,Eric and Rob,2,6/1/2018,345,1249,,,,,,,,,,,,,
Angling,103,Eric and Rob,3,6/2/2018,360,1250,,,,,,,,,,,,,
Angling,104,Eric and Rob,3,6/2/2018,465,1251,,Angler,3,6/21/2018,460,1251,,Angler,3,6/21/2018,471,1251,11
Angling,105,Eric and Rob,3,6/2/2018,392,1252,,,,,,,,,,,,,
Angling,106,Eric and Rob,3,6/2/2018,575,1253,,Gillnet,2,6/22/2018,567,1253,,Gill Net,2,6/22/2018,575,1253,8
Angling,107,Eric and Rob,3,6/2/2018,474,1254,,Gillnet,3,6/23/2018,475,1254,,Gill Net,3,6/23/2018,476,1254,1
Angling,108,Eric and Rob,3,6/2/2018,410,1255,,Gillnet,3,6/23/2018,408,1255,,Gill Net,3,6/23/2018,408,1255,0
Angling,109,Eric and Rob,3,6/2/2018,351,1256,,Gillnet,3,6/23/2018,362,1256,,Gill Net,3,6/23/2018,363,1256,1
Angling,110,Eric and Rob,3,6/2/2018,404,1257,,,,,,,,,,,,,
Angling,111,Eric and Rob,3,6/2/2018,341,1258,,Gillnet,3,6/23/2018,365,1258,,Gill Net,3,6/23/2018,371,1258,6
Angling,112,Eric and Rob,3,6/2/2018,330,1259,,,,,,,,,,,,,
Angling,113,Eric and Rob,3,6/2/2018,382,1260,,Gillnet,3,6/23/2018,395,1260,,Gill Net,3,6/23/2018,395,1260,0
Angling,114,Eric and Rob,3,6/2/2018,460,1261,,,,,,,,,,,,,
Angling,115,Eric and Rob,3,6/2/2018,351,1262,,Gillnet,3,6/23/2018,344,1262,,Gill Net,3,6/23/2018,344,1262,0
Angling,116,Eric and Rob,3,6/2/2018,335,1263,,Gillnet,3,6/23/2018,345,1263,,Gill Net,3,6/23/2018,343,1263,-2
Angling,117,Eric and Rob,3,6/2/2018,401,1264,,Gillnet,3,6/28/2018,405,1264,,Gill Net,3,6/28/2018,401,1264,-4
Angling,118,Eric and Rob,3,6/2/2018,352,1265,,,,,,,,,,,,,
Angling,120,Eric and Rob,3,6/2/2018,443,1267,,Gillnet,3,6/23/2018,458,1267,,Gill Net,3,6/23/2018,459,1267,1
Angling,122,Eric and Rob,3,6/2/2018,503,1269,,Gillnet,1,6/21/2018,508,1269,,Gill Net,1,6/21/2018,510,1269,2
Angling,123,Eric and Rob,3,6/2/2018,302,1270,,Gillnet,2,6/27/2018,313,1270,,Gill Net,2,6/27/2018,312,1270,-1
Angling,124,Eric and Rob,3,6/2/2018,458,1271,,Gillnet,3,6/23/2018,425,1271,,Gill Net,3,6/23/2018,427,1271,2
Angling,125,Eric and Rob,3,6/2/2018,473,1272,,Gillnet,2,6/22/2018,483,1272,,Gill Net,2,6/22/2018,490,1272,7
Angling,126,Eric and Rob,3,6/2/2018,560,1273,,,,,,,,,,,,,
Angling,127,Eric and Rob,3,6/2/2018,604,1274,,,,,,,,,,,,,
Angling,151,Eric and Rob,3,6/2/2018,343,1275,,,,,,,,,,,,,
Angling,150,Eric and Rob,3,6/2/2018,381,1276,,,,,,,,,,,,,
Angling,149,Eric and Rob,3,6/2/2018,430,1277,,Gillnet,3,6/23/2018,445,1277,,Gill Net,3,6/23/2018,450,1277,5
Angling,148,Eric and Rob,3,6/2/2018,419,1278,,Gillnet,3,6/23/2018,427,1278,,Gill Net,3,6/23/2018,430,1278,3
Angling,147,Eric and Rob,3,6/2/2018,386,1279,,,,,,,,,,,,,
Angling,146,Eric and Rob,3,6/2/2018,526,1280,,Gillnet,3,6/23/2018,521,1280,,Gill Net,3,6/23/2018,520,1280,-1
Angling,145,Eric and Rob,3,6/2/2018,345,1281,,,,,,,,,,,,,
Angling,144,Eric and Rob,3,6/2/2018,444,1282,,Fyke,Outlet,6/22/2018,460,1282,,Fyke,Outlet Fyke,6/22/2018,465,1282,5
Angling,143,Eric and Rob,3,6/2/2018,311,1283,,Gillnet,3,6/23/2018,315,1283,,Gill Net,3,6/23/2018,312,1283,-3
Angling,142,Eric and Rob,3,6/2/2018,635,1284,,Gillnet,2,6/22/2018,665,1284,,Gill Net,2,6/22/2018,660,1284,-5
Angling,141,Eric and Rob,3,6/2/2018,447,1285,,,,,,,,,,,,,
Angling,140,Eric and Rob,3,6/2/2018,476,1286,,Angler,3,6/21/2018,482,1286,,Angler,3,6/21/2018,486,1286,4
Angling,139,Eric and Rob,3,6/2/2018,356,1287,,,,,,,,,,,,,
Angling,138,Eric and Rob,3,6/2/2018,410,1288,,,,,,,,,,,,,
Angling,137,Eric and Rob,3,6/2/2018,446,1290,,Gillnet,1,6/21/2018,457,1290,,Gill Net,1,6/21/2018,448,1290,-9
Angling,136,Eric and Rob,3,6/2/2018,337,1291,,,,,,,,,,,,,
Angling,135,Eric and Rob,3,6/2/2018,502,1292,,,,,,,,,,,,,
Angling,134,Eric and Rob,3,6/2/2018,436,1293,,,,,,,,,,,,,
Angling,133,Eric and Rob,3,6/2/2018,435,1294,,Gillnet,2,6/27/2018,455,1294,,Gill Net,2,6/27/2018,450,1294,-5
Angling,132,Eric and Rob,3,6/2/2018,480,1295,,Gillnet,1,6/21/2018,490,1295,,Gill Net,1,6/21/2018,486,1295,-4
Angling,131,Eric and Rob,3,6/2/2018,580,1296,,,,,,,,,,,,,
Angling,130,Eric and Rob,3,6/2/2018,416,1297,,Gillnet,3,6/23/2018,420,1297,,Gill Net,3,6/23/2018,421,1297,1
Angling,129,Eric and Rob,3,6/2/2018,526,1298,,Gillnet,3,6/28/2018,533,1298,,Gill Net,3,6/28/2018,528,1298,-5
Angling,128,Eric and Rob,3,6/2/2018,433,1299,,,,,,,,,,,,,
Gillnets,45,PB CJ,1,6/1/2018,385,1300,,,,,,,,,,,,,
Gillnets,16,PB CJ,1,6/1/2018,337,1301,,Gillnet,1,6/21/2018,357,1301,,Gill Net,1,6/21/2018,354,1301,-3
Gillnets,43,PB CJ,1,6/1/2018,320,1302,,Gillnet,1,6/21/2018,327,1302,,Gill Net,1,6/21/2018,329,1302,2
Gillnets,32,PB CJ,1,6/1/2018,395,1303,,Gillnet,1,6/21/2018,400,1303,,Gill Net,1,6/21/2018,397,1303,-3
Gillnets,10,PB CJ,1,6/1/2018,332,1304,,,,,,,,,,,,,
Gillnets,42,PB CJ,1,6/1/2018,472,1305,,Gillnet,1,6/21/2018,474,1305,,Gill Net,1,6/21/2018,477,1305,3
Gillnets,34,PB CJ,1,6/1/2018,417,1306,,Gillnet,1,6/21/2018,423,1306,,Gill Net,1,6/21/2018,426,1306,3
Gillnets,33,PB CJ,1,6/1/2018,411,1307,,,,,,,,,,,,,
Gillnets,31,PB CJ,1,6/1/2018,425,1308,,Gillnet,1,6/21/2018,429,1308,,Gill Net,1,6/21/2018,425,1308,-4
Gillnets,28,PB CJ,1,6/1/2018,325,1309,,Gillnet,1,6/21/2018,335,1309,,Gill Net,1,6/21/2018,335,1309,0
Gillnets,23,PB CJ,1,6/1/2018,320,1310,,Gillnet,1,6/26/2018,338,1310,,Gill Net,1,6/26/2018,334,1310,-4
Gillnets,9,PB CJ,1,6/1/2018,375,1311,,,,,,,,,,,,,
Gillnets,8,PB CJ,1,6/1/2018,367,1312,,Gillnet,1,6/21/2018,358,1312,,Gill Net,1,6/21/2018,378,1312,20
Gillnets,7,PB CJ,1,6/1/2018,413,1313,,Gillnet,2,6/22/2018,418,1313,,Gill Net,2,6/22/2018,416,1313,-2
Gillnets,48,PB CJ,1,6/1/2018,390,1314,,Gillnet,1,6/21/2018,403,1314,,Gill Net,1,6/21/2018,401,1314,-2
Gillnets,47,PB CJ,1,6/1/2018,610,1315,,,,,,,,,,,,,
Gillnets,39,PB CJ,1,6/1/2018,363,1317,,Gillnet,1,6/21/2018,376,1317,,Gill Net,1,6/21/2018,375,1317,-1
Gillnets,38,PB CJ,1,6/1/2018,384,1318,,Gillnet,1,6/21/2018,385,1318,,Gill Net,1,6/21/2018,387,1318,2
Gillnets,37,PB CJ,1,6/1/2018,440,1319,,Gillnet,1,6/21/2018,440,1319,,Gill Net,1,6/21/2018,440,1319,0
Gillnets,36,PB CJ,1,6/1/2018,560,1320,,Gillnet,1,6/21/2018,565,1320,,Gill Net,1,6/21/2018,561,1320,-4
Gillnets,35,PB CJ,1,6/1/2018,443,1321,,Gillnet,1,6/21/2018,440,1321,,Gill Net,1,6/21/2018,440,1321,0
Gillnets,30,PB CJ,1,6/1/2018,380,1322,,Gillnet,1,6/21/2018,390,1322,,Gill Net,1,6/21/2018,389,1322,-1
Gillnets,29,PB CJ,1,6/1/2018,434,1323,,,,,,,,,,,,,
Gillnets,26,PB CJ,1,6/1/2018,391,1324,,Gillnet,1,6/21/2018,395,1324,,Gill Net,1,6/21/2018,394,1324,-1
Gillnets,94,PB CJ,2,6/2/2018,374,1325,,,,,,,,,,,,,
Gillnets,78,PB CJ,2,6/2/2018,381,1326,,Gillnet,2,6/22/2018,375,1326,,Gill Net,2,6/22/2018,382,1326,7
Gillnets,76,PB CJ,2,6/2/2018,439,1328,,,,,,,,,,,,,
Gillnets,68,PB CJ,2,6/2/2018,417,1329,,Gillnet,1,6/21/2018,416,1329,,Gill Net,1,6/21/2018,419,1329,3
Gillnets,67,PB CJ,2,6/2/2018,368,1330,,Gillnet,2,6/22/2018,383,1330,,Gill Net,2,6/22/2018,386,1330,3
Gillnets,65,PB CJ,2,6/2/2018,596,1331,,Angler,4,6/22/2018,615,1331,,Angler,4,6/22/2018,611,1331,-4
Gillnets,62,PB CJ,2,6/2/2018,435,1332,,,,,,,,,,,,,
Gillnets,91,PB CJ,2,6/2/2018,314,1333,,,,,,,,,,,,,
Gillnets,90,PB CJ,2,6/2/2018,327,1334,,,,,,,,,,,,,
Gillnets,89,PB CJ,2,6/2/2018,598,1335,,Gillnet,2,6/22/2018,590,1335,,Gill Net,2,6/22/2018,589,1335,-1
Gillnets,88,PB CJ,2,6/2/2018,497,1336,,,,,,,,,,,,,
Gillnets,87,PB CJ,2,6/2/2018,448,1337,,Gillnet,3,6/23/2018,459,1337,,Gill Net,3,6/23/2018,456,1337,-3
Gillnets,86,PB CJ,2,6/2/2018,408,1338,,Angler,1,6/24/2018,419,1338,,Angler,1,6/24/2018,419,1338,0
Gillnets,80,PB CJ,2,6/2/2018,348,1339,,,,,,,,,,,,,
Gillnets,74,PB CJ,2,6/2/2018,362,1340,,,,,,,,,,,,,
Gillnets,72,PB CJ,2,6/2/2018,590,1342,,Gillnet,4,6/24/2018,590,1342,,Gill Net,4,6/24/2018,595,1342,5
Gillnets,66,PB CJ,2,6/2/2018,347,1343,,Gillnet,1,6/26/2018,364,1343,,Gill Net,1,6/26/2018,361,1343,-3
Gillnets,59,PB CJ,2,6/2/2018,413,1344,,Gillnet,2,6/22/2018,420,1344,,Gill Net,2,6/22/2018,421,1344,1
Gillnets,53,PB CJ,2,6/2/2018,513,1345,,Gillnet,2,6/22/2018,497,1345,,Gill Net,2,6/22/2018,505,1345,8
Gillnets,52,PB CJ,2,6/2/2018,420,1346,,Gillnet,3,6/23/2018,426,1346,,Gill Net,3,6/23/2018,434,1346,8
Gillnets,51,PB CJ,2,6/2/2018,320,1347,,,,,,,,,,,,,
Gillnets,50,PB CJ,2,6/2/2018,425,1348,,,,,,,,,,,,,
Fyke,15,PB CJ,Fyke,6/2/2018,497,1349,,,,,,,,,,,,,
Gillnets,151,PB CJ,4,6/4/2018,520,1350,,,,,,,,,,,,,
Gillnets,146,PB CJ,4,6/4/2018,319,1351,,,,,,,,,,,,,
Gillnets,142,PB CJ,4,6/4/2018,440,1352,,Gillnet,4,6/29/2018,451,1352,,Gill Net,4,6/29/2018,447,1352,-4
Gillnets,143,PB CJ,4,6/4/2018,450,1353,,,,,,,,,,,,,
Gillnets,125,PB CJ,4,6/4/2018,515,1354,,Gillnet,3,6/23/2018,526,1354,,Gill Net,3,6/23/2018,519,1354,-7
Gillnets,124,PB CJ,4,6/4/2018,534,1355,,Gillnet,4,6/24/2018,546,1355,,Gill Net,4,6/24/2018,549,1355,3
Gillnets,131,PB CJ,4,6/4/2018,356,1357,,,,,,,,,,,,,
Gillnets,129,PB CJ,4,6/4/2018,390,1358,,Gillnet,4,6/24/2018,384,1358,,Gill Net,4,6/24/2018,400,1358,16
Gillnets,130,PB CJ,4,6/4/2018,500,1359,,Gillnet,2,6/22/2018,500,1359,,Gill Net,2,6/22/2018,510,1359,10
Gillnets,136,PB CJ,4,6/4/2018,385,1360,,,,,,,,,,,,,
Gillnets,137,PB CJ,4,6/4/2018,364,1361,,,,,,,,,,,,,
Gillnets,108,PB CJ,5,6/3/2018,575,1362,,,,,,,,,,,,,
Gillnets,107,PB CJ,5,6/3/2018,445,1363,,,,,,,,,,,,,
Gillnets,106,PB CJ,5,6/3/2018,653,1364,,Angler,5,6/23/2018,630,1364,,Angler,5,6/23/2018,636,1364,6
Gillnets,105,PB CJ,5,6/3/2018,413,1365,,,,,,,,,,,,,
Gillnets,121,PB CJ,5,6/3/2018,539,1366,,Gillnet,5,6/30/2018,530,1366,,Gill Net,5,6/30/2018,535,1366,5
Gillnets,115,PB CJ,5,6/3/2018,511,1367,,,,,,,,,,,,,
Gillnets,111,PB CJ,5,6/3/2018,565,1368,,,,,,,,,,,,,
Fyke,17,PB CJ,Fyke,6/3/2018,452,1370,,Angler,3,6/21/2018,469,1370,,Angler,3,6/21/2018,468,1370,-1
Fyke,16,PB CJ,Fyke,6/3/2018,404,1371,,,,,,,,,,,,,
Gillnets,58,PB CJ,2,6/2/2018,450,1372,,Gillnet,2,6/22/2018,450,1372,,Gill Net,2,6/22/2018,452,1372,2
Gillnets,96,PB CJ,2,6/2/2018,426,1373,,Gillnet,2,6/22/2018,438,1373,,Gill Net,2,6/22/2018,431,1373,-7
Gillnets,95,PB CJ,2,6/2/2018,496,1374,,Angler,2,6/25/2018,505,1374,,Angler,2,6/25/2018,505,1374,0
Angling,248,PB CJ,4,6/4/2018,507,1375,,Angler,4,6/22/2018,489,1375,,Angler,4,6/22/2018,515,1375,26
Angling,247,PB CJ,4,6/4/2018,383,1376,,Gillnet,4,6/29/2018,396,1376,,Gill Net,4,6/29/2018,394,1376,-2
Angling,246,PB CJ,4,6/4/2018,370,1377,,,,,,,,,,,,,
Angling,245,PB CJ,4,6/4/2018,382,1378,,,,,,,,,,,,,
Angling,244,PB CJ,4,6/4/2018,430,1379,,Gillnet,4,6/29/2018,447,1379,,Gill Net,4,6/29/2018,448,1379,1
Angling,243,PB CJ,4,6/4/2018,360,1380,,,,,,,,,,,,,
Angling,242,PB CJ,4,6/4/2018,460,1381,,,,,,,,,,,,,
Angling,241,PB CJ,4,6/4/2018,325,1382,,,,,,,,,,,,,
Angling,240,PB CJ,4,6/4/2018,480,1383,,Gillnet,4,6/29/2018,511,1383,,Gill Net,4,6/29/2018,520,1383,9
Angling,239,PB CJ,4,6/4/2018,350,1384,,Gillnet,4,6/24/2018,358,1384,,Gill Net,4,6/24/2018,358,1384,0
Angling,238,PB CJ,4,6/4/2018,342,1385,,,,,,,,,,,,,
Angling,237,PB CJ,4,6/4/2018,380,1386,,,,,,,,,,,,,
Angling,236,PB CJ,4,6/4/2018,435,1387,,Gillnet,4,6/24/2018,441,1387,,Gill Net,4,6/24/2018,428,1387,-13
Angling,235,PB CJ,4,6/4/2018,425,1388,,Gillnet,4,6/24/2018,436,1388,,Gill Net,4,6/24/2018,438,1388,2
Angling,234,PB CJ,4,6/4/2018,375,1389,,Angler,4,6/22/2018,373,1389,,Angler,4,6/22/2018,365,1389,-8
Gillnets,126,PB CJ,4,6/4/2018,458,1390,,,,,,,,,,,,,
Gillnets,128,PB CJ,4,6/4/2018,320,1391,,Gillnet,4,6/29/2018,344,1391,,Gill Net,4,6/29/2018,343,1391,-1
Gillnets,132,PB CJ,4,6/4/2018,375,1392,,Angler,4,6/22/2018,394,1392,,Angler,4,6/22/2018,384,1392,-10
Gillnets,134,PB CJ,4,6/4/2018,365,1393,,,,,,,,,,,,,
Gillnets,140,PB CJ,4,6/4/2018,375,1394,,,,,,,,,,,,,
Gillnets,160,PB CJ,4,6/4/2018,584,1395,,,,,,,,,,,,,
Gillnets,159,PB CJ,4,6/4/2018,326,1396,,,,,,,,,,,,,
Gillnets,145,PB CJ,4,6/4/2018,440,1397,,Gillnet,4,6/29/2018,450,1397,,Gill Net,4,6/29/2018,446,1397,-4
Gillnets,157,PB CJ,4,6/4/2018,335,1398,,,,,,,,,,,,,
Gillnets,156,PB CJ,4,6/4/2018,740,1399,,Gillnet,4,6/24/2018,752,1399,,Gill Net,4,6/24/2018,750,1399,-2
Angling,316,EH EH,4,6/5/2018,441,1400,,Gillnet,4,6/24/2018,451,1400,,Gill Net,4,6/24/2018,454,1400,3
Angling,315,EH EH,4,6/5/2018,382,1401,,,,,,,,,,,,,
Angling,314,EH EH,4,6/5/2018,358,1402,,,,,,,,,,,,,
Angling,224,Eric  ,5,6/4/2018,472,1403,,Angler,5,6/23/2018,450,1403,,Angler,5,6/23/2018,473,1403,23
Angling,223,Eric  ,5,6/4/2018,431,1404,,Gillnet,5,6/30/2018,418,1404,,Gill Net,5,6/30/2018,418,1404,0
Angling,222,Eric  ,5,6/4/2018,548,1405,,,,,,,,,,,,,
Angling,221,Eric  ,5,6/4/2018,410,1406,,,,,,,,,,,,,
Angling,220,Eric  ,5,6/4/2018,501,1407,,,,,,,,,,,,,
Angling,212,Eric and Rob,1,6/3/2018,342,1408,,Gillnet,2,6/22/2018,366,1408,,Gill Net,2,6/22/2018,364,1408,-2
Angling,211,Eric and Rob,1,6/3/2018,345,1409,,,,,,,,,,,,,
Angling,210,Eric and Rob,1,6/3/2018,378,1410,,Gillnet,1,6/21/2018,393,1410,,Gill Net,1,6/21/2018,394,1410,1
Angling,209,Eric and Rob,1,6/3/2018,520,1411,,,,,,,,,,,,,
Angling,164,Eric and Rob,3,6/2/2018,335,1412,,Gillnet,3,6/23/2018,335,1412,,Gill Net,3,6/23/2018,345,1412,10
Angling,163,Eric and Rob,3,6/2/2018,540,1413,,Gillnet,3,6/23/2018,535,1413,,Gill Net,3,6/23/2018,534,1413,-1
Angling,162,Eric and Rob,3,6/2/2018,446,1414,,,,,,,,,,,,,
Angling,160,Eric and Rob,3,6/2/2018,557,1416,,Gillnet,2,6/27/2018,569,1416,,Gill Net,2,6/27/2018,562,1416,-7
Angling,159,Eric and Rob,3,6/2/2018,476,1417,,Gillnet,3,6/23/2018,475,1417,,Gill Net,3,6/23/2018,474,1417,-1
Angling,158,Eric and Rob,3,6/2/2018,429,1418,,,,,,,,,,,,,
Angling,156,Eric and Rob,3,6/2/2018,523,1420,,,,,,,,,,,,,
Angling,155,Eric and Rob,3,6/2/2018,412,1421,,,,,,,,,,,,,
Angling,154,Eric and Rob,3,6/2/2018,427,1422,,,,,,,,,,,,,
Angling,153,Eric and Rob,3,6/2/2018,323,1423,,Gillnet,3,6/28/2018,330,1423,,Gill Net,3,6/28/2018,318,1423,-12
Angling,152,Eric and Rob,3,6/2/2018,382,1424,,,,,,,,,,,,,
Angling,317,EH EH,4,6/5/2018,338,1425,,Gillnet,4,6/24/2018,397,1425,,Gill Net,4,6/24/2018,396,1425,-1
Angling,318,EH EH,4,6/5/2018,495,1426,,Gillnet,4,6/24/2018,510,1426,,Gill Net,4,6/24/2018,510,1426,0
Angling,319,EH EH,4,6/5/2018,492,1427,,Gillnet,4,6/24/2018,496,1427,,Gill Net,4,6/24/2018,496,1427,0
Angling,320,EH EH,4,6/5/2018,320,1428,,Gillnet,4,6/29/2018,330,1428,,Gill Net,4,6/29/2018,308,1428,-22
Angling,321,EH EH,4,6/5/2018,325,1429,,,,,,,,,,,,,
Angling,322,EH EH,4,6/5/2018,494,1430,,,,,,,,,,,,,
Angling,323,EH EH,4,6/5/2018,329,1432,,Angler,4,6/27/2018,363,1432,,Angler,4,6/27/2018,360,1432,-3
Angling,324,EH EH,4,6/5/2018,484,1433,,Gillnet,4,6/24/2018,486,1433,,Gill Net,4,6/24/2018,487,1433,1
Angling,325,EH EH,4,6/5/2018,398,1434,,,,,,,,,,,,,
Angling,326,EH EH,4,6/5/2018,321,1435,,,,,,,,,,,,,
Angling,327,EH EH,4,6/5/2018,464,1436,,Gillnet,1,6/21/2018,460,1436,,Gill Net,1,6/21/2018,463,1436,3
Angling,328,EH EH,4,6/5/2018,339,1437,,,,,,,,,,,,,
Angling,329,EH EH,4,6/5/2018,484,1438,,Gillnet,4,6/29/2018,492,1438,,Gill Net,4,6/29/2018,490,1438,-2
Angling,330,EH EH,4,6/5/2018,356,1439,,,,,,,,,,,,,
Angling,331,EH EH,4,6/5/2018,397,1440,,,,,,,,,,,,,
Angling,332,EH EH,4,6/5/2018,376,1441,,,,,,,,,,,,,
Angling,333,EH EH,4,6/5/2018,425,1442,,,,,,,,,,,,,
Angling,334,EH EH,4,6/5/2018,468,1443,,Gillnet,4,6/24/2018,491,1443,,Gill Net,4,6/24/2018,488,1443,-3
Angling,335,EH EH,4,6/5/2018,417,1444,,,,,,,,,,,,,
Angling,336,EH EH,4,6/5/2018,387,1445,,,,,,,,,,,,,
Angling,337,EH EH,4,6/5/2018,420,1446,,,,,,,,,,,,,
Angling,338,EH EH,4,6/5/2018,423,1447,,,,,,,,,,,,,
Angling,339,EH EH,4,6/5/2018,330,1448,,,,,,,,,,,,,
Angling,340,EH EH,4,6/5/2018,395,1449,,Angler,4,6/27/2018,408,1449,,Angler,4,6/27/2018,406,1449,-2
Angling,456,EH,6,6/11/2018,305,1450,,,,,,,,,,,,,
Angling,455,EH,6,6/11/2018,441,1451,,Gillnet,6,6/25/2018,448,1451,,Gill Net,6,6/25/2018,447,1451,-1
Angling,454,EH,6,6/11/2018,341,1452,,Gillnet,6,6/25/2018,353,1452,,Gill Net,6,6/25/2018,355,1452,2
Angling,419,"EH, EH",6,6/10/2018,383,1453,,,,,,,,,,,,,
Angling,418,"EH, EH",6,6/10/2018,367,1454,,,,,,,,,,,,,
Angling,417,"EH, EH",6,6/10/2018,339,1455,,,,,,,,,,,,,
Angling,416,"EH, EH",6,6/10/2018,453,1456,,,,,,,,,,,,,
Angling,415,"EH, EH",6,6/10/2018,450,1457,,Gillnet,4,6/29/2018,469,1457,,Gill Net,4,6/29/2018,470,1457,1
Angling,414,"EH, EH",6,6/10/2018,486,1458,,Gillnet,4,6/29/2018,485,1458,,Gill Net,4,6/29/2018,487,1458,2
Angling,413,"EH, EH",6,6/10/2018,440,1459,,,,,,,,,,,,,
Angling,412,"EH, EH",6,6/10/2018,434,1460,,,,,,,,,,,,,
Angling,411,"EH, EH",5,6/9/2018,416,1461,,Gillnet,5,6/25/2018,423,1461,,Gill Net,5,6/25/2018,415,1461,-8
Angling,410,"EH, EH",5,6/9/2018,605,1462,,,,,,,,,,,,,
Angling,409,"EH, EH",5,6/9/2018,440,1463,,Gillnet,5,6/25/2018,452,1463,,Gill Net,5,6/25/2018,450,1463,-2
Angling,381,EH EH,2,6/6/2018,430,1464,,Gillnet,2,6/22/2018,425,1464,,Gill Net,2,6/22/2018,432,1464,7
Angling,380,EH EH,2,6/6/2018,332,1465,,Gillnet,2,6/22/2018,352,1465,,Gill Net,2,6/22/2018,353,1465,1
Angling,379,EH EH,2,6/6/2018,364,1466,,Gillnet,2,6/22/2018,367,1466,,Gill Net,2,6/22/2018,374,1466,7
Angling,378,EH EH,2,6/6/2018,440,1467,,Gillnet,1,6/21/2018,460,1467,,Gill Net,1,6/21/2018,459,1467,-1
Angling,377,EH EH,2,6/6/2018,390,1468,,,,,,,,,,,,,
Angling,376,EH EH,2,6/6/2018,542,1469,,,,,,,,,,,,,
Angling,345,EH EH,4,6/5/2018,364,1470,,,,,,,,,,,,,
Angling,344,EH EH,4,6/5/2018,340,1471,,Angler,4,6/27/2018,345,1471,,Angler,4,6/27/2018,348,1471,3
Angling,343,EH EH,4,6/5/2018,414,1472,,Gillnet,4,6/29/2018,417,1472,,Gill Net,4,6/29/2018,416,1472,-1
Angling,342,EH EH,4,6/5/2018,412,1473,,Gillnet,4,6/24/2018,423,1473,,Gill Net,4,6/24/2018,425,1473,2
Angling,341,EH EH,4,6/5/2018,442,1474,,,,,,,,,,,,,
Angling,356,PB CJ,3,6/5/2018,488,1500,,,,,,,,,,,,,
Angling,355,PB CJ,3,6/5/2018,445,1501,,,,,,,,,,,,,
Angling,354,PB CJ,3,6/5/2018,428,1502,,,,,,,,,,,,,
Angling,353,PB CJ,3,6/5/2018,443,1504,,,,,,,,,,,,,
Angling,352,PB CJ,3,6/5/2018,390,1505,,Gillnet,3,6/28/2018,397,1505,,Gill Net,3,6/28/2018,396,1505,-1
Angling,351,PB CJ,3,6/5/2018,440,1506,,Gillnet,1,6/21/2018,446,1506,,Gill Net,1,6/21/2018,445,1506,-1
Angling,350,PB CJ,3,6/5/2018,642,1507,,Gillnet,2,6/22/2018,652,1507,,Gill Net,2,6/22/2018,663,1507,11
Angling,349,PB CJ,3,6/5/2018,408,1508,,Gillnet,2,6/27/2018,424,1508,,Gill Net,2,6/27/2018,416,1508,-8
Angling,348,PB CJ,3,6/5/2018,473,1509,,Fyke,Outlet,6/23/2018,488,1509,,Fyke,Outlet Fyke,6/23/2018,488,1509,0
Angling,347,PB CJ,3,6/5/2018,427,1510,,,,,,,,,,,,,
Angling,346,PB CJ,3,6/5/2018,401,1511,,,,,,,,,,,,,
Angling,262,PB CJ,4,6/4/2018,400,1512,,Angler,3,6/21/2018,409,1512,,Angler,3,6/21/2018,416,1512,7
Angling,261,PB CJ,4,6/4/2018,385,1513,,Gillnet,4,6/29/2018,398,1513,,Gill Net,4,6/29/2018,395,1513,-3
Angling,259,PB CJ,4,6/4/2018,364,1514,,,,,,,,,,,,,
Angling,258,PB CJ,4,6/4/2018,410,1515,,,,,,,,,,,,,
Angling,256,PB CJ,4,6/4/2018,316,1517,,,,,,,,,,,,,
Angling,255,PB CJ,4,6/4/2018,342,1518,,,,,,,,,,,,,
Angling,254,PB CJ,4,6/4/2018,411,1519,,Fyke,Outlet,6/23/2018,430,1519,,Fyke,Outlet Fyke,6/23/2018,431,1519,1
Angling,253,PB CJ,4,6/4/2018,440,1520,,,,,,,,,,,,,
Angling,252,PB CJ,4,6/4/2018,395,1521,,Gillnet,4,6/29/2018,413,1521,,Gill Net,4,6/29/2018,409,1521,-4
Angling,251,PB CJ,4,6/4/2018,446,1522,,Gillnet,4,6/24/2018,445,1522,,Gill Net,4,6/24/2018,425,1522,-20
Angling,250,PB CJ,4,6/4/2018,399,1523,,Gillnet,4,6/29/2018,402,1523,,Gill Net,4,6/29/2018,404,1523,2
Angling,249,PB CJ,4,6/4/2018,510,1524,,,,,,,,,,,,,
Angling,465,"Jillian, Justin",6,6/12/2018,460,1540,,Angler,6,6/23/2018,503,1540,,Angler,6,6/23/2018,495,1540,-8
Angling,464,"Jillian, Justin",6,6/12/2018,330,1541,,,,,,,,,,,,,
Angling,385,Justin,3,6/7/2018,414,1542,,Gillnet,3,6/28/2018,428,1542,,Gill Net,3,6/28/2018,424,1542,-4
Angling,384,Justin,3,6/7/2018,362,1543,,,,,,,,,,,,,
Angling,383,Justin,3,6/7/2018,414,1544,,Angler,3,6/21/2018,416,1544,,Angler,3,6/21/2018,416,1544,0
Angling,382,Justin,3,6/7/2018,401,1545,,Gillnet,3,6/28/2018,447,1545,,Gill Net,3,6/28/2018,436,1545,-11
Angling,361,PB CJ,3,6/5/2018,406,1546,,,,,,,,,,,,,
Angling,360,PB CJ,3,6/5/2018,300,1547,,,,,,,,,,,,,
Angling,358,PB CJ,3,6/5/2018,453,1548,,,,,,,,,,,,,
Angling,357,PB CJ,3,6/5/2018,342,1549,,,,,,,,,,,,,
Fyke,21,PB CJ,Fyke,6/4/2018,381,1774,,Gillnet,3,6/28/2018,412,1774,,Gill Net,3,6/28/2018,415,1774,3
Fyke,23,PB CJ,Fyke,6/7/2018,392,1792,,Gillnet,2,6/22/2018,397,1792,,Gill Net,2,6/22/2018,395,1792,-2
Fyke,22,PB CJ,Fyke,6/4/2018,331,1797,,,,,,,,,,,,,
Fyke,20,PB CJ,Fyke,6/4/2018,368,1798,,Gillnet,2,6/22/2018,403,1798,,Gill Net,2,6/22/2018,400,1798,-3
Fyke,19,PB CJ,Fyke,6/4/2018,350,1799,,,,,,,,,,,,,
Angling,460,SVD GVD,6,6/11/2018,366,1800,,Gillnet,6,6/25/2018,390,1800,,Gill Net,6,6/25/2018,394,1800,4
Angling,459,SVD GVD,6,6/11/2018,437,1801,,,,,,,,,,,,,
Angling,458,SVD GVD,6,6/11/2018,461,1802,,,,,,,,,,,,,
Angling,457,SVD GVD,6,6/11/2018,338,1803,,,,,,,,,,,,,
Angling,453,SVD GVD,4,6/10/2018,376,1804,,,,,,,,,,,,,
Angling,452,SVD GVD,4,6/10/2018,460,1805,,Gillnet,4,6/29/2018,459,1805,,Gill Net,4,6/29/2018,465,1805,6
Angling,451,SVD GVD,4,6/10/2018,355,1806,,Angler,4,6/27/2018,369,1806,,Angler,4,6/27/2018,366,1806,-3
Angling,450,SVD GVD,4,6/10/2018,333,1807,,Gillnet,3,6/23/2018,332,1807,,Gill Net,3,6/23/2018,333,1807,1
Angling,449,SVD GVD,4,6/10/2018,327,1808,,,,,,,,,,,,,
Angling,448,SVD GVD,4,6/10/2018,328,1809,,,,,,,,,,,,,
Angling,447,SVD GVD,4,6/10/2018,359,1810,,,,,,,,,,,,,
Angling,446,SVD GVD,4,6/10/2018,393,1811,,Angler,4,6/27/2018,412,1811,,Angler,4,6/27/2018,406,1811,-6
Angling,445,SVD GVD,4,6/10/2018,595,1812,,Gillnet,1,6/21/2018,604,1812,,Gill Net,1,6/21/2018,600,1812,-4
Angling,444,SVD GVD,4,6/10/2018,365,1813,,Angler,4,6/27/2018,368,1813,,Angler,4,6/27/2018,366,1813,-2
Angling,443,SVD GVD,4,6/10/2018,347,1814,,Gillnet,4,6/24/2018,350,1814,,Gill Net,4,6/24/2018,344,1814,-6
Angling,442,SVD GVD,4,6/10/2018,322,1815,,,,,,,,,,,,,
Angling,441,SVD GVD,4,6/10/2018,337,1816,,,,,,,,,,,,,
Angling,440,SVD GVD,4,6/10/2018,304,1817,,,,,,,,,,,,,
Angling,439,SVD GVD,4,6/10/2018,415,1818,,,,,,,,,,,,,
Angling,438,SVD GVD,4,6/10/2018,442,1819,,Gillnet,4,6/24/2018,438,1819,,Gill Net,4,6/24/2018,439,1819,1
Angling,437,SVD GVD,4,6/10/2018,312,1820,,Angler,4,6/27/2018,403,1820,,Angler,4,6/27/2018,401,1820,-2
Angling,436,SVD GVD,4,6/10/2018,391,1821,,Gillnet,4,6/29/2018,398,1821,,Gill Net,4,6/29/2018,396,1821,-2
Angling,435,SVD GVD,4,6/10/2018,324,1822,,,,,,,,,,,,,
Angling,434,SVD GVD,4,6/10/2018,395,1823,,,,,,,,,,,,,
Angling,433,SVD GVD,4,6/10/2018,376,1824,,Gillnet,4,6/24/2018,372,1824,,Gill Net,4,6/24/2018,367,1824,-5
Angling,471,SVD GVD,6,6/12/2018,304,1841,,,,,,,,,,,,,
Angling,470,SVD GVD,6,6/12/2018,387,1842,,Gillnet,6,6/25/2018,395,1842,,Gill Net,6,6/25/2018,380,1842,-15
Angling,469,SVD GVD,6,6/12/2018,338,1843,,,,,,,,,,,,,
Angling,468,SVD GVD,6,6/12/2018,372,1844,,Gillnet,6,6/25/2018,381,1844,,Gill Net,6,6/25/2018,381,1844,0
Angling,467,SVD GVD,6,6/12/2018,445,1845,,,,,,,,,,,,,
Angling,466,SVD GVD,6,6/12/2018,435,1846,,,,,,,,,,,,,
Angling,463,SVD GVD,6,6/11/2018,344,1847,,Gillnet,6,6/25/2018,350,1847,,Gill Net,6,6/25/2018,357,1847,7
Angling,462,SVD GVD,6,6/11/2018,436,1848,,Gillnet,6,6/30/2018,468,1848,,Gill Net,6,6/30/2018,465,1848,-3
Angling,461,SVD GVD,6,6/11/2018,332,1849,,Gillnet,6,6/30/2018,330,1849,,Gill Net,6,6/30/2018,326,1849,-4
Angling,395,EH SVD GVD,3,6/7/2018,374,1850,,,,,,,,,,,,,
Angling,394,EH SVD GVD,3,6/7/2018,335,1851,,,,,,,,,,,,,
Angling,393,EH SVD GVD,3,6/7/2018,566,1852,,Gillnet,2,6/22/2018,585,1852,,Gill Net,2,6/22/2018,582,1852,-3
Angling,392,EH SVD GVD,3,6/7/2018,398,1853,,,,,,,,,,,,,
Angling,391,EH SVD GVD,3,6/7/2018,345,1854,,,,,,,,,,,,,
Angling,390,EH SVD GVD,3,6/7/2018,431,1855,,Angler,3,6/21/2018,438,1855,,Angler,3,6/21/2018,430,1855,-8
Angling,389,EH SVD GVD,3,6/7/2018,448,1856,,,,,,,,,,,,,
Angling,388,EH SVD GVD,3,6/7/2018,587,1857,,Gillnet,3,6/23/2018,605,1857,,Gill Net,3,6/23/2018,607,1857,2
Angling,387,EH SVD GVD,3,6/7/2018,522,1858,,,,,,,,,,,,,
Angling,386,EH SVD GVD,3,6/7/2018,556,1859,,Gillnet,1,6/21/2018,566,1859,,Gill Net,1,6/21/2018,570,1859,4
Angling,374,SVD GVD,2,6/6/2018,438,1861,,Gillnet,1,6/21/2018,460,1861,,Gill Net,1,6/21/2018,462,1861,2
Angling,373,SVD GVD,2,6/6/2018,326,1862,,,,,,,,,,,,,
Angling,372,SVD GVD,2,6/6/2018,421,1863,,Gillnet,1,6/21/2018,436,1863,,Gill Net,1,6/21/2018,442,1863,6
Angling,371,SVD GVD,2,6/6/2018,402,1864,,,,,,,,,,,,,
Angling,370,SVD GVD,2,6/6/2018,322,1865,,Gillnet,2,6/22/2018,346,1865,,Gill Net,2,6/22/2018,345,1865,-1
Angling,369,SVD GVD,2,6/6/2018,368,1866,,Gillnet,2,6/22/2018,400,1866,,Gill Net,2,6/22/2018,405,1866,5
Angling,368,SVD GVD,2,6/6/2018,357,1867,,Angler,2,6/25/2018,363,1867,,Angler,2,6/25/2018,392,1867,29
Angling,367,SVD GVD,2,6/6/2018,371,1868,,Gillnet,2,6/22/2018,385,1868,,Gill Net,2,6/22/2018,385,1868,0
Angling,366,SVD GVD,2,6/6/2018,352,1869,,,,,,,,,,,,,
Angling,365,SVD GVD,2,6/6/2018,511,1870,,Gillnet,1,6/21/2018,528,1870,,Gill Net,1,6/21/2018,527,1870,-1
Angling,364,SVD GVD,2,6/6/2018,437,1871,,Gillnet,2,6/22/2018,445,1871,,Gill Net,2,6/22/2018,445,1871,0
Angling,363,SVD GVD,2,6/6/2018,341,1872,,Gillnet,3,6/23/2018,371,1872,,Gill Net,3,6/23/2018,374,1872,3
Angling,362,SVD GVD,2,6/6/2018,462,1873,,Angler,3,6/21/2018,503,1873,,Angler,3,6/21/2018,501,1873,-2
Angling,432,SVD GVD,4,6/10/2018,382,1875,,,,,,,,,,,,,
Angling,431,SVD GVD,4,6/10/2018,437,1876,,,,,,,,,,,,,
Angling,430,SVD GVD,4,6/10/2018,353,1877,,,,,,,,,,,,,
Angling,429,SVD GVD,4,6/10/2018,358,1878,,,,,,,,,,,,,
Angling,428,SVD GVD,4,6/10/2018,300,1879,,,,,,,,,,,,,
Angling,427,SVD GVD,4,6/10/2018,339,1880,,,,,,,,,,,,,
Angling,426,SVD GVD,4,6/10/2018,336,1881,,,,,,,,,,,,,
Angling,425,SVD GVD,4,6/10/2018,338,1882,,,,,,,,,,,,,
Angling,424,SVD GVD,4,6/10/2018,305,1883,,,,,,,,,,,,,
Angling,423,SVD GVD,4,6/10/2018,409,1884,,,,,,,,,,,,,
Angling,422,SVD GVD,4,6/10/2018,315,1885,,,,,,,,,,,,,
Angling,421,SVD GVD,4,6/10/2018,452,1887,,Gillnet,4,6/29/2018,462,1887,,Gill Net,4,6/29/2018,464,1887,2
Angling,420,SVD GVD,4,6/10/2018,328,1888,,,,,,,,,,,,,
Angling,406,SVD GVD,5,6/9/2018,515,1889,,Gillnet,5,6/30/2018,531,1889,,Gill Net,5,6/30/2018,534,1889,3
Angling,405,SVD GVD,5,6/9/2018,504,1890,,,,,,,,,,,,,
Angling,404,SVD GVD,1,6/8/2018,352,1891,,Gillnet,1,6/26/2018,395,1891,,Gill Net,1,6/26/2018,394,1891,-1
Angling,403,EH SVD GVD,3,6/7/2018,452,1892,,,,,,,,,,,,,
Angling,402,EH SVD GVD,3,6/7/2018,312,1893,,,,,,,,,,,,,
Angling,401,EH SVD GVD,3,6/7/2018,445,1894,,Gillnet,3,6/23/2018,441,1894,,Gill Net,3,6/23/2018,445,1894,4
Angling,400,EH SVD GVD,3,6/7/2018,396,1895,,Gillnet,3,6/28/2018,418,1895,,Gill Net,3,6/28/2018,411,1895,-7
Angling,399,EH SVD GVD,3,6/7/2018,558,1896,,Gillnet,3,6/28/2018,580,1896,,Gill Net,3,6/28/2018,576,1896,-4
Angling,398,EH SVD GVD,3,6/7/2018,446,1897,,,,,,,,,,,,,
Angling,397,EH SVD GVD,3,6/7/2018,457,1898,,Angler,3,6/21/2018,480,1898,,Angler,3,6/21/2018,478,1898,-2
Angling,396,EH SVD GVD,3,6/7/2018,555,1899,,Angler,3,6/21/2018,554,1899,,Angler,3,6/21/2018,550,1899,-4
,,,,,,,,,,,,,,,,,,,
,,,,,,,,,,,,,,,,,,,
,,,,,,,,Gillnet,1,6/21/2018,418,TL,,Gill Net,1,6/21/2018,425,TL,
,,,,,,,,Gillnet,1,6/21/2018,338,TL,,Gill Net,1,6/21/2018,440,TL,
,,,,,,,,Gillnet,1,6/21/2018,502,TL,,Gill Net,1,6/21/2018,493,TL,
,,,,,,,,Gillnet,2,6/22/2018,499,TL,,Gill Net,2,6/22/2018,508,TL,
,,,,,,,,Gillnet,3,6/23/2018,448,TL,,Gill Net,3,6/23/2018,432,TL,
,,,,,,,,Gillnet,3,6/23/2018,420,TL,,Gill Net,3,6/23/2018,455,TL,
,,,,,,,,Gillnet,3,6/28/2018,415,TL,,Gill Net,3,6/28/2018,415,TL,
,,,,,,,,Gillnet,4,6/29/2018,510,TL,,Gill Net,4,6/29/2018,510,TL,
